C:\Users\Bea Juliana Poquiz\Desktop\mmpose_thesis\.venv\lib\site-packages\mmpose\datasets\datasets\utils.py:102: UserWarning: The metainfo config file "configs/_base_/datasets/rhd2d.py" does not exist. A matched config file "C:\Users\Bea Juliana Poquiz\Desktop\mmpose_thesis\.venv\lib\site-packages\mmpose\.mim\configs\_base_\datasets\rhd2d.py" will be used instead.
  warnings.warn(
Device: cuda
Loaded MediaPipe pretrained weights as starting point (matches distillation_v2.py)
loading annotations into memory...
Done (t=5.65s)
creating index...
index created!
[v2match] train set: rhd_train.json, 41255 images (full, matches distillation_v2.py:104-108, no subsetting)
loading annotations into memory...
Done (t=0.30s)
creating index...
index created!
[v2match] monitoring set: first 200 of rhd_test.json (2727 total), matching distillation_v2.py's VAL_SAMPLES=200 default and its batch_size=1/shuffle=False iteration order. NOTE: this is V2's own monitoring instrument, reused for parity -- it is not a held-out set (it is part of the file everything is finally scored on), so it does not license early stopping. See heldout protocol for that.
  sanity[0] transformed_keypoints mean=[133.7 132.2] in-range=True
  sanity[1] transformed_keypoints mean=[129.5 139.3] in-range=True
  sanity[2] transformed_keypoints mean=[132.7 140.5] in-range=True

=======================================================
R2-05 PARITY-CONTROLLED DIRECT SUPERVISION RETRAIN
run_name=parity_baseline  weight_decay=0.0  early_stop=False  strong_aug=False
Target: hard GT keypoints (gt_instances.transformed_keypoints, crop-space, bug-fixed)
Loss: Wing(w=10) + 0.002*Bone  |  Aug: matches distillation_v2.py
LR: Cosine 1e-4 -> 1e-6 over 100 epochs  |  Adam wd=0.0
=======================================================

Epoch [1/100] Step [0/1290] Loss:53.5044 Wing:46.6628 Bone:3420.7742
Epoch [1/100] Step [20/1290] Loss:41.7649 Wing:37.2952 Bone:2234.8726
Epoch [1/100] Step [40/1290] Loss:37.3656 Wing:34.2097 Bone:1577.9473
Epoch [1/100] Step [60/1290] Loss:38.2490 Wing:34.8728 Bone:1688.0918
Epoch [1/100] Step [80/1290] Loss:37.9627 Wing:34.3832 Bone:1789.7211
Epoch [1/100] Step [100/1290] Loss:35.3633 Wing:33.0315 Bone:1165.9010
Epoch [1/100] Step [120/1290] Loss:39.0012 Wing:35.9511 Bone:1525.0723
Epoch [1/100] Step [140/1290] Loss:39.3492 Wing:36.3668 Bone:1491.2046
Epoch [1/100] Step [160/1290] Loss:33.4485 Wing:31.2229 Bone:1112.7924
Epoch [1/100] Step [180/1290] Loss:34.7200 Wing:32.6497 Bone:1035.1840
Epoch [1/100] Step [200/1290] Loss:29.7665 Wing:28.2533 Bone:756.5984
Epoch [1/100] Step [220/1290] Loss:33.6877 Wing:31.7345 Bone:976.6237
Epoch [1/100] Step [240/1290] Loss:30.2040 Wing:27.9933 Bone:1105.3385
Epoch [1/100] Step [260/1290] Loss:27.4759 Wing:25.7170 Bone:879.4372
Epoch [1/100] Step [280/1290] Loss:28.7198 Wing:27.2505 Bone:734.6265
Epoch [1/100] Step [300/1290] Loss:27.7240 Wing:26.5437 Bone:590.1915
Epoch [1/100] Step [320/1290] Loss:27.3707 Wing:26.3756 Bone:497.5332
Epoch [1/100] Step [340/1290] Loss:28.9726 Wing:27.2469 Bone:862.8248
Epoch [1/100] Step [360/1290] Loss:29.8484 Wing:28.4655 Bone:691.4545
Epoch [1/100] Step [380/1290] Loss:26.1876 Wing:25.0259 Bone:580.8623
Epoch [1/100] Step [400/1290] Loss:25.5155 Wing:24.4364 Bone:539.5324
Epoch [1/100] Step [420/1290] Loss:28.9532 Wing:27.8750 Bone:539.0949
Epoch [1/100] Step [440/1290] Loss:29.2172 Wing:27.8773 Bone:669.9432
Epoch [1/100] Step [460/1290] Loss:27.1734 Wing:26.1106 Bone:531.4134
Epoch [1/100] Step [480/1290] Loss:26.4703 Wing:25.3324 Bone:568.9143
Epoch [1/100] Step [500/1290] Loss:25.8121 Wing:24.6377 Bone:587.2215
Epoch [1/100] Step [520/1290] Loss:28.7837 Wing:27.3536 Bone:715.0695
Epoch [1/100] Step [540/1290] Loss:26.3501 Wing:25.2808 Bone:534.6452
Epoch [1/100] Step [560/1290] Loss:28.0698 Wing:26.7936 Bone:638.0917
Epoch [1/100] Step [580/1290] Loss:25.2517 Wing:24.1932 Bone:529.2602
Epoch [1/100] Step [600/1290] Loss:29.1518 Wing:27.3606 Bone:895.5768
Epoch [1/100] Step [620/1290] Loss:25.8567 Wing:24.5304 Bone:663.1439
Epoch [1/100] Step [640/1290] Loss:24.2315 Wing:23.3406 Bone:445.4669
Epoch [1/100] Step [660/1290] Loss:22.8975 Wing:21.8693 Bone:514.1116
Epoch [1/100] Step [680/1290] Loss:23.5484 Wing:22.6623 Bone:443.0433
Epoch [1/100] Step [700/1290] Loss:24.6313 Wing:23.4705 Bone:580.4384
Epoch [1/100] Step [720/1290] Loss:27.5949 Wing:26.4264 Bone:584.2952
Epoch [1/100] Step [740/1290] Loss:23.8502 Wing:23.0634 Bone:393.3869
Epoch [1/100] Step [760/1290] Loss:23.4602 Wing:22.9032 Bone:278.4966
Epoch [1/100] Step [780/1290] Loss:26.2735 Wing:25.2715 Bone:500.9914
Epoch [1/100] Step [800/1290] Loss:24.9572 Wing:23.7857 Bone:585.7562
Epoch [1/100] Step [820/1290] Loss:24.5856 Wing:23.6543 Bone:465.6701
Epoch [1/100] Step [840/1290] Loss:22.7326 Wing:21.9591 Bone:386.7589
Epoch [1/100] Step [860/1290] Loss:25.2509 Wing:23.9711 Bone:639.8961
Epoch [1/100] Step [880/1290] Loss:25.4773 Wing:24.5927 Bone:442.3267
Epoch [1/100] Step [900/1290] Loss:24.3939 Wing:23.0679 Bone:663.0060
Epoch [1/100] Step [920/1290] Loss:25.3747 Wing:24.4776 Bone:448.5328
Epoch [1/100] Step [940/1290] Loss:27.7474 Wing:26.3624 Bone:692.4902
Epoch [1/100] Step [960/1290] Loss:25.9235 Wing:24.7891 Bone:567.1910
Epoch [1/100] Step [980/1290] Loss:21.0895 Wing:20.2753 Bone:407.0979
Epoch [1/100] Step [1000/1290] Loss:22.0138 Wing:21.1535 Bone:430.1355
Epoch [1/100] Step [1020/1290] Loss:23.4855 Wing:22.7974 Bone:344.0719
Epoch [1/100] Step [1040/1290] Loss:22.5875 Wing:21.8390 Bone:374.2682
Epoch [1/100] Step [1060/1290] Loss:21.4012 Wing:20.6104 Bone:395.4190
Epoch [1/100] Step [1080/1290] Loss:23.6716 Wing:22.6767 Bone:497.4185
Epoch [1/100] Step [1100/1290] Loss:23.3338 Wing:22.4174 Bone:458.1819
Epoch [1/100] Step [1120/1290] Loss:23.7060 Wing:22.8334 Bone:436.3025
Epoch [1/100] Step [1140/1290] Loss:23.2420 Wing:22.4539 Bone:394.0318
Epoch [1/100] Step [1160/1290] Loss:24.1797 Wing:23.1738 Bone:502.9421
Epoch [1/100] Step [1180/1290] Loss:22.3581 Wing:21.5446 Bone:406.7614
Epoch [1/100] Step [1200/1290] Loss:21.8076 Wing:20.9852 Bone:411.2473
Epoch [1/100] Step [1220/1290] Loss:30.5681 Wing:28.2817 Bone:1143.1923
Epoch [1/100] Step [1240/1290] Loss:23.0281 Wing:22.3858 Bone:321.1416
Epoch [1/100] Step [1260/1290] Loss:23.9177 Wing:22.9008 Bone:508.4432
Epoch [1/100] Step [1280/1290] Loss:24.4148 Wing:23.5503 Bone:432.2592
===> Epoch 1 | Loss:27.7658 | Wing:26.2926 | Bone:736.6059 | LR:1.00e-04 | 531.5s/epoch (1290 steps)
    Peak CUDA memory allocated so far: 1372.4 MB
Epoch [2/100] Step [0/1290] Loss:19.6720 Wing:19.1365 Bone:267.7145
Epoch [2/100] Step [20/1290] Loss:24.1819 Wing:23.2530 Bone:464.4627
Epoch [2/100] Step [40/1290] Loss:23.1066 Wing:22.3165 Bone:395.0630
Epoch [2/100] Step [60/1290] Loss:20.8930 Wing:20.1250 Bone:383.9908
Epoch [2/100] Step [80/1290] Loss:21.6915 Wing:20.8004 Bone:445.5674
Epoch [2/100] Step [100/1290] Loss:19.5457 Wing:18.9652 Bone:290.2652
Epoch [2/100] Step [120/1290] Loss:20.8513 Wing:20.1811 Bone:335.0930
Epoch [2/100] Step [140/1290] Loss:21.0868 Wing:20.2754 Bone:405.6968
Epoch [2/100] Step [160/1290] Loss:20.1061 Wing:19.5764 Bone:264.8105
Epoch [2/100] Step [180/1290] Loss:21.9063 Wing:20.9745 Bone:465.8976
Epoch [2/100] Step [200/1290] Loss:21.2717 Wing:20.6320 Bone:319.8428
Epoch [2/100] Step [220/1290] Loss:20.5962 Wing:19.7577 Bone:419.2615
Epoch [2/100] Step [240/1290] Loss:23.2972 Wing:22.4204 Bone:438.4370
Epoch [2/100] Step [260/1290] Loss:23.7756 Wing:22.7757 Bone:499.9290
Epoch [2/100] Step [280/1290] Loss:22.9949 Wing:22.0985 Bone:448.2114
Epoch [2/100] Step [300/1290] Loss:21.2947 Wing:20.4874 Bone:403.6371
Epoch [2/100] Step [320/1290] Loss:26.8817 Wing:25.7619 Bone:559.8849
Epoch [2/100] Step [340/1290] Loss:21.5885 Wing:21.1280 Bone:230.2386
Epoch [2/100] Step [360/1290] Loss:21.8029 Wing:21.0516 Bone:375.6648
Epoch [2/100] Step [380/1290] Loss:21.9286 Wing:20.8607 Bone:533.9466
Epoch [2/100] Step [400/1290] Loss:21.9459 Wing:21.2739 Bone:336.0159
Epoch [2/100] Step [420/1290] Loss:19.8382 Wing:19.2753 Bone:281.4498
Epoch [2/100] Step [440/1290] Loss:19.4185 Wing:18.9842 Bone:217.1605
Epoch [2/100] Step [460/1290] Loss:22.2867 Wing:21.5038 Bone:391.4878
Epoch [2/100] Step [480/1290] Loss:22.2859 Wing:21.5805 Bone:352.7055
Epoch [2/100] Step [500/1290] Loss:20.5868 Wing:20.0110 Bone:287.9070
Epoch [2/100] Step [520/1290] Loss:21.4023 Wing:20.7740 Bone:314.1376
Epoch [2/100] Step [540/1290] Loss:24.8358 Wing:23.5340 Bone:650.9396
Epoch [2/100] Step [560/1290] Loss:21.0599 Wing:20.1348 Bone:462.5038
Epoch [2/100] Step [580/1290] Loss:22.2513 Wing:21.5019 Bone:374.7004
Epoch [2/100] Step [600/1290] Loss:20.4698 Wing:19.8945 Bone:287.6223
Epoch [2/100] Step [620/1290] Loss:21.5339 Wing:20.7731 Bone:380.4035
Epoch [2/100] Step [640/1290] Loss:19.8116 Wing:19.1459 Bone:332.8596
Epoch [2/100] Step [660/1290] Loss:19.9556 Wing:19.1906 Bone:382.4842
Epoch [2/100] Step [680/1290] Loss:21.2707 Wing:20.5284 Bone:371.1252
Epoch [2/100] Step [700/1290] Loss:23.8015 Wing:22.7016 Bone:549.9525
Epoch [2/100] Step [720/1290] Loss:26.2709 Wing:25.1892 Bone:540.8633
Epoch [2/100] Step [740/1290] Loss:19.6783 Wing:18.8818 Bone:398.2817
Epoch [2/100] Step [760/1290] Loss:26.3568 Wing:25.2524 Bone:552.2211
Epoch [2/100] Step [780/1290] Loss:21.6842 Wing:20.8620 Bone:411.0555
Epoch [2/100] Step [800/1290] Loss:21.8372 Wing:21.1062 Bone:365.4651
Epoch [2/100] Step [820/1290] Loss:22.8536 Wing:21.9663 Bone:443.6599
Epoch [2/100] Step [840/1290] Loss:19.3244 Wing:18.7055 Bone:309.4708
Epoch [2/100] Step [860/1290] Loss:20.8912 Wing:20.0575 Bone:416.8416
Epoch [2/100] Step [880/1290] Loss:21.3222 Wing:20.4613 Bone:430.4201
Epoch [2/100] Step [900/1290] Loss:19.9265 Wing:19.2974 Bone:314.5290
Epoch [2/100] Step [920/1290] Loss:17.5016 Wing:16.9732 Bone:264.2003
Epoch [2/100] Step [940/1290] Loss:24.4534 Wing:23.4211 Bone:516.1437
Epoch [2/100] Step [960/1290] Loss:21.3324 Wing:20.7080 Bone:312.2130
Epoch [2/100] Step [980/1290] Loss:21.3982 Wing:20.8394 Bone:279.4220
Epoch [2/100] Step [1000/1290] Loss:19.6040 Wing:18.8674 Bone:368.3019
Epoch [2/100] Step [1020/1290] Loss:21.1968 Wing:20.6659 Bone:265.4646
Epoch [2/100] Step [1040/1290] Loss:20.8217 Wing:20.1238 Bone:348.9526
Epoch [2/100] Step [1060/1290] Loss:18.5751 Wing:18.2338 Bone:170.6558
Epoch [2/100] Step [1080/1290] Loss:21.5390 Wing:20.8357 Bone:351.6517
Epoch [2/100] Step [1100/1290] Loss:18.3204 Wing:17.8198 Bone:250.2949
Epoch [2/100] Step [1120/1290] Loss:20.6993 Wing:20.0477 Bone:325.7849
Epoch [2/100] Step [1140/1290] Loss:18.9573 Wing:18.2804 Bone:338.4573
Epoch [2/100] Step [1160/1290] Loss:24.3577 Wing:23.1539 Bone:601.9082
Epoch [2/100] Step [1180/1290] Loss:17.6416 Wing:17.0993 Bone:271.1479
Epoch [2/100] Step [1200/1290] Loss:20.9789 Wing:20.2135 Bone:382.7068
Epoch [2/100] Step [1220/1290] Loss:20.5969 Wing:19.8736 Bone:361.6572
Epoch [2/100] Step [1240/1290] Loss:19.9833 Wing:19.3986 Bone:292.3344
Epoch [2/100] Step [1260/1290] Loss:23.5827 Wing:22.5958 Bone:493.4879
Epoch [2/100] Step [1280/1290] Loss:20.3212 Wing:19.7278 Bone:296.6805
===> Epoch 2 | Loss:21.6336 | Wing:20.8630 | Bone:385.3251 | LR:9.99e-05 | 509.4s/epoch (1290 steps)
    Peak CUDA memory allocated so far: 1372.4 MB
Epoch [3/100] Step [0/1290] Loss:19.6923 Wing:19.0932 Bone:299.5627
Epoch [3/100] Step [20/1290] Loss:20.4711 Wing:20.0080 Bone:231.5900
Epoch [3/100] Step [40/1290] Loss:17.8997 Wing:17.3876 Bone:256.0325
Epoch [3/100] Step [60/1290] Loss:17.5724 Wing:17.0678 Bone:252.2788
Epoch [3/100] Step [80/1290] Loss:20.0750 Wing:19.3490 Bone:362.9850
Epoch [3/100] Step [100/1290] Loss:19.8215 Wing:19.0945 Bone:363.5011
Epoch [3/100] Step [120/1290] Loss:21.4982 Wing:20.7341 Bone:382.0751
Epoch [3/100] Step [140/1290] Loss:17.2516 Wing:16.9556 Bone:148.0270
Epoch [3/100] Step [160/1290] Loss:22.9067 Wing:22.1932 Bone:356.7569
Epoch [3/100] Step [180/1290] Loss:18.7435 Wing:18.1829 Bone:280.3140
Epoch [3/100] Step [200/1290] Loss:17.8749 Wing:17.2809 Bone:297.0004
Epoch [3/100] Step [220/1290] Loss:20.6177 Wing:19.8402 Bone:388.7321
Epoch [3/100] Step [240/1290] Loss:20.2520 Wing:19.6973 Bone:277.3693
Epoch [3/100] Step [260/1290] Loss:21.0335 Wing:20.3749 Bone:329.3047
Epoch [3/100] Step [280/1290] Loss:21.9010 Wing:21.1545 Bone:373.2616
Epoch [3/100] Step [300/1290] Loss:20.5717 Wing:19.8837 Bone:343.9941
Epoch [3/100] Step [320/1290] Loss:18.7432 Wing:18.1798 Bone:281.6837
Epoch [3/100] Step [340/1290] Loss:20.9360 Wing:20.3324 Bone:301.7950
Epoch [3/100] Step [360/1290] Loss:20.4361 Wing:19.7539 Bone:341.1237
Epoch [3/100] Step [380/1290] Loss:18.8482 Wing:18.3463 Bone:250.9036
Epoch [3/100] Step [400/1290] Loss:20.6153 Wing:20.0650 Bone:275.1560
Epoch [3/100] Step [420/1290] Loss:20.2412 Wing:19.5687 Bone:336.2505
Epoch [3/100] Step [440/1290] Loss:20.1912 Wing:19.5011 Bone:345.0352
Epoch [3/100] Step [460/1290] Loss:23.1805 Wing:22.0885 Bone:545.9970
Epoch [3/100] Step [480/1290] Loss:20.2082 Wing:19.5516 Bone:328.2740
Epoch [3/100] Step [500/1290] Loss:18.4803 Wing:17.8959 Bone:292.2009
Epoch [3/100] Step [520/1290] Loss:18.4068 Wing:17.9141 Bone:246.3976
Epoch [3/100] Step [540/1290] Loss:19.9713 Wing:19.0470 Bone:462.1667
Epoch [3/100] Step [560/1290] Loss:18.7466 Wing:18.1573 Bone:294.6519
Epoch [3/100] Step [580/1290] Loss:19.0604 Wing:18.5613 Bone:249.5409
Epoch [3/100] Step [600/1290] Loss:21.7046 Wing:21.2439 Bone:230.3505
Epoch [3/100] Step [620/1290] Loss:20.7468 Wing:19.9048 Bone:420.9780
Epoch [3/100] Step [640/1290] Loss:21.4748 Wing:20.6941 Bone:390.3484
Epoch [3/100] Step [660/1290] Loss:24.7755 Wing:23.4362 Bone:669.6157
Epoch [3/100] Step [680/1290] Loss:21.7005 Wing:20.8212 Bone:439.6581
Epoch [3/100] Step [700/1290] Loss:20.2515 Wing:19.4501 Bone:400.7002
Epoch [3/100] Step [720/1290] Loss:19.9371 Wing:19.3279 Bone:304.5957
Epoch [3/100] Step [740/1290] Loss:18.0311 Wing:17.5559 Bone:237.6154
Epoch [3/100] Step [760/1290] Loss:19.4488 Wing:18.6535 Bone:397.6417
Epoch [3/100] Step [780/1290] Loss:20.6928 Wing:19.9749 Bone:358.9787
Epoch [3/100] Step [800/1290] Loss:19.6094 Wing:18.9856 Bone:311.8882
Epoch [3/100] Step [820/1290] Loss:17.9290 Wing:17.3415 Bone:293.7580
Epoch [3/100] Step [840/1290] Loss:18.4619 Wing:18.0000 Bone:230.9638
Epoch [3/100] Step [860/1290] Loss:18.3042 Wing:17.8320 Bone:236.0760
Epoch [3/100] Step [880/1290] Loss:20.1026 Wing:19.5902 Bone:256.2379
Epoch [3/100] Step [900/1290] Loss:17.9079 Wing:17.3176 Bone:295.1251
Epoch [3/100] Step [920/1290] Loss:21.9921 Wing:21.3511 Bone:320.4832
Epoch [3/100] Step [940/1290] Loss:18.5283 Wing:18.0255 Bone:251.4177
Epoch [3/100] Step [960/1290] Loss:21.2405 Wing:20.6269 Bone:306.7683
Epoch [3/100] Step [980/1290] Loss:19.8589 Wing:19.1571 Bone:350.8805
Epoch [3/100] Step [1000/1290] Loss:19.4145 Wing:18.9725 Bone:220.9957
Epoch [3/100] Step [1020/1290] Loss:22.9364 Wing:22.0919 Bone:422.2569
Epoch [3/100] Step [1040/1290] Loss:20.8806 Wing:19.9864 Bone:447.1229
Epoch [3/100] Step [1060/1290] Loss:19.2524 Wing:18.6467 Bone:302.8734
Epoch [3/100] Step [1080/1290] Loss:18.7575 Wing:18.3097 Bone:223.8671
Epoch [3/100] Step [1100/1290] Loss:21.1904 Wing:20.3668 Bone:411.8144
Epoch [3/100] Step [1120/1290] Loss:19.7763 Wing:19.1310 Bone:322.6655
Epoch [3/100] Step [1140/1290] Loss:17.8670 Wing:17.3503 Bone:258.3232
Epoch [3/100] Step [1160/1290] Loss:17.5298 Wing:16.9723 Bone:278.7309
Epoch [3/100] Step [1180/1290] Loss:20.5181 Wing:19.9325 Bone:292.8244
Epoch [3/100] Step [1200/1290] Loss:19.9471 Wing:19.2952 Bone:325.9471
Epoch [3/100] Step [1220/1290] Loss:20.9128 Wing:19.9793 Bone:466.7532
Epoch [3/100] Step [1240/1290] Loss:20.6360 Wing:19.8804 Bone:377.8217
Epoch [3/100] Step [1260/1290] Loss:18.0785 Wing:17.6144 Bone:232.0477
Epoch [3/100] Step [1280/1290] Loss:22.1316 Wing:21.3459 Bone:392.8613
===> Epoch 3 | Loss:19.9156 | Wing:19.2720 | Bone:321.7929 | LR:9.98e-05 | 731.3s/epoch (1290 steps)
    Peak CUDA memory allocated so far: 1372.4 MB
Epoch [4/100] Step [0/1290] Loss:17.9337 Wing:17.3150 Bone:309.3570
Epoch [4/100] Step [20/1290] Loss:17.2953 Wing:16.7802 Bone:257.5235
Epoch [4/100] Step [40/1290] Loss:19.1195 Wing:18.5522 Bone:283.6794
Epoch [4/100] Step [60/1290] Loss:19.6145 Wing:19.0643 Bone:275.0893
Epoch [4/100] Step [80/1290] Loss:20.3723 Wing:19.6906 Bone:340.8493
Epoch [4/100] Step [100/1290] Loss:17.3499 Wing:16.7534 Bone:298.2318
Epoch [4/100] Step [120/1290] Loss:17.8376 Wing:17.4253 Bone:206.1701
Epoch [4/100] Step [140/1290] Loss:22.2841 Wing:21.3578 Bone:463.1300
Epoch [4/100] Step [160/1290] Loss:18.7764 Wing:18.3717 Bone:202.3357
Epoch [4/100] Step [180/1290] Loss:19.8128 Wing:19.2492 Bone:281.8107
Epoch [4/100] Step [200/1290] Loss:18.1761 Wing:17.5637 Bone:306.1711
Epoch [4/100] Step [220/1290] Loss:19.2769 Wing:18.5357 Bone:370.6023
Epoch [4/100] Step [240/1290] Loss:20.9116 Wing:20.2652 Bone:323.2085
Epoch [4/100] Step [260/1290] Loss:19.8297 Wing:19.2153 Bone:307.1566
Epoch [4/100] Step [280/1290] Loss:18.4631 Wing:17.9963 Bone:233.3592
Epoch [4/100] Step [300/1290] Loss:17.1011 Wing:16.7787 Bone:161.1627
Epoch [4/100] Step [320/1290] Loss:18.2957 Wing:17.7293 Bone:283.2167
Epoch [4/100] Step [340/1290] Loss:23.3532 Wing:22.5631 Bone:395.0226
Epoch [4/100] Step [360/1290] Loss:19.7635 Wing:18.9147 Bone:424.4091
Epoch [4/100] Step [380/1290] Loss:19.8311 Wing:19.2339 Bone:298.5963
Epoch [4/100] Step [400/1290] Loss:18.6180 Wing:18.0092 Bone:304.4163
Epoch [4/100] Step [420/1290] Loss:23.6293 Wing:22.2097 Bone:709.8013
Epoch [4/100] Step [440/1290] Loss:19.1024 Wing:18.6470 Bone:227.7059
Epoch [4/100] Step [460/1290] Loss:15.8870 Wing:15.4954 Bone:195.7962
Epoch [4/100] Step [480/1290] Loss:20.1686 Wing:19.5237 Bone:322.4232
Epoch [4/100] Step [500/1290] Loss:19.2161 Wing:18.4796 Bone:368.2224
Epoch [4/100] Step [520/1290] Loss:17.3055 Wing:16.8561 Bone:224.6809
Epoch [4/100] Step [540/1290] Loss:21.6784 Wing:21.0026 Bone:337.8806
Epoch [4/100] Step [560/1290] Loss:23.8133 Wing:23.0704 Bone:371.4662
Epoch [4/100] Step [580/1290] Loss:21.2489 Wing:20.5679 Bone:340.4919
Epoch [4/100] Step [600/1290] Loss:22.1200 Wing:21.4005 Bone:359.7496
Epoch [4/100] Step [620/1290] Loss:20.0926 Wing:19.5379 Bone:277.3541
Epoch [4/100] Step [640/1290] Loss:17.8489 Wing:17.4090 Bone:219.9280
Epoch [4/100] Step [660/1290] Loss:18.4855 Wing:17.9171 Bone:284.1964
Epoch [4/100] Step [680/1290] Loss:20.7927 Wing:20.1054 Bone:343.6629
Epoch [4/100] Step [700/1290] Loss:16.8841 Wing:16.4777 Bone:203.1936
Epoch [4/100] Step [720/1290] Loss:20.1959 Wing:19.7035 Bone:246.1746
Epoch [4/100] Step [740/1290] Loss:18.1782 Wing:17.7249 Bone:226.6953
Epoch [4/100] Step [760/1290] Loss:18.0402 Wing:17.5221 Bone:259.0685
Epoch [4/100] Step [780/1290] Loss:21.3736 Wing:20.5499 Bone:411.8492
Epoch [4/100] Step [800/1290] Loss:19.0152 Wing:18.5109 Bone:252.1311
Epoch [4/100] Step [820/1290] Loss:18.9482 Wing:18.2022 Bone:372.9816
Epoch [4/100] Step [840/1290] Loss:17.9544 Wing:17.3856 Bone:284.4053
Epoch [4/100] Step [860/1290] Loss:16.5009 Wing:16.0935 Bone:203.7094
Epoch [4/100] Step [880/1290] Loss:16.4097 Wing:15.9741 Bone:217.7864
Epoch [4/100] Step [900/1290] Loss:17.2047 Wing:16.7264 Bone:239.1650
Epoch [4/100] Step [920/1290] Loss:18.5099 Wing:18.0462 Bone:231.8673
Epoch [4/100] Step [940/1290] Loss:18.8085 Wing:18.2830 Bone:262.7451
Epoch [4/100] Step [960/1290] Loss:20.9125 Wing:20.0340 Bone:439.2341
Epoch [4/100] Step [980/1290] Loss:16.8424 Wing:16.4265 Bone:207.9416
Epoch [4/100] Step [1000/1290] Loss:18.3492 Wing:17.8401 Bone:254.5889
Epoch [4/100] Step [1020/1290] Loss:18.3695 Wing:17.8812 Bone:244.1332
Epoch [4/100] Step [1040/1290] Loss:19.1590 Wing:18.5509 Bone:304.0771
Epoch [4/100] Step [1060/1290] Loss:17.4420 Wing:16.8116 Bone:315.2213
Epoch [4/100] Step [1080/1290] Loss:19.3124 Wing:18.7522 Bone:280.1403
Epoch [4/100] Step [1100/1290] Loss:16.9780 Wing:16.5779 Bone:200.0179
Epoch [4/100] Step [1120/1290] Loss:18.9091 Wing:18.4285 Bone:240.3018
Epoch [4/100] Step [1140/1290] Loss:18.1832 Wing:17.6868 Bone:248.1706
Epoch [4/100] Step [1160/1290] Loss:20.1247 Wing:19.6368 Bone:243.9201
Epoch [4/100] Step [1180/1290] Loss:19.5933 Wing:18.8490 Bone:372.1497
Epoch [4/100] Step [1200/1290] Loss:20.2302 Wing:19.6346 Bone:297.7753
Epoch [4/100] Step [1220/1290] Loss:18.3641 Wing:17.5850 Bone:389.5186
Epoch [4/100] Step [1240/1290] Loss:20.8986 Wing:20.2618 Bone:318.4358
Epoch [4/100] Step [1260/1290] Loss:17.3032 Wing:16.8055 Bone:248.8492
Epoch [4/100] Step [1280/1290] Loss:19.9835 Wing:19.2359 Bone:373.8074
===> Epoch 4 | Loss:18.9247 | Wing:18.3502 | Bone:287.2602 | LR:9.96e-05 | 746.8s/epoch (1290 steps)
    Peak CUDA memory allocated so far: 1372.4 MB
Epoch [5/100] Step [0/1290] Loss:23.3813 Wing:22.5274 Bone:426.9504
Epoch [5/100] Step [20/1290] Loss:18.3750 Wing:17.7869 Bone:294.0788
Epoch [5/100] Step [40/1290] Loss:18.2706 Wing:17.7303 Bone:270.1462
Epoch [5/100] Step [60/1290] Loss:18.8384 Wing:18.2603 Bone:289.0203
Epoch [5/100] Step [80/1290] Loss:18.4295 Wing:18.0339 Bone:197.7972
Epoch [5/100] Step [100/1290] Loss:17.8360 Wing:17.2683 Bone:283.8489
Epoch [5/100] Step [120/1290] Loss:19.1177 Wing:18.4305 Bone:343.6033
Epoch [5/100] Step [140/1290] Loss:18.3998 Wing:17.7919 Bone:303.9250
Epoch [5/100] Step [160/1290] Loss:19.7059 Wing:19.0600 Bone:322.9361
Epoch [5/100] Step [180/1290] Loss:18.8806 Wing:18.1621 Bone:359.2520
Epoch [5/100] Step [200/1290] Loss:17.2051 Wing:16.8557 Bone:174.6917
Epoch [5/100] Step [220/1290] Loss:21.6406 Wing:20.3745 Bone:633.0574
Epoch [5/100] Step [240/1290] Loss:23.1493 Wing:22.2384 Bone:455.4098
Epoch [5/100] Step [260/1290] Loss:19.3745 Wing:18.8290 Bone:272.7941
Epoch [5/100] Step [280/1290] Loss:19.1301 Wing:18.5323 Bone:298.9121
Epoch [5/100] Step [300/1290] Loss:16.9183 Wing:16.4764 Bone:220.9831
Epoch [5/100] Step [320/1290] Loss:18.0582 Wing:17.5732 Bone:242.4825
Epoch [5/100] Step [340/1290] Loss:19.4499 Wing:18.8474 Bone:301.2489
Epoch [5/100] Step [360/1290] Loss:19.1301 Wing:18.6098 Bone:260.1598
Epoch [5/100] Step [380/1290] Loss:18.6691 Wing:18.0911 Bone:288.9634
Epoch [5/100] Step [400/1290] Loss:20.5527 Wing:19.4609 Bone:545.8932
Epoch [5/100] Step [420/1290] Loss:18.3698 Wing:17.8469 Bone:261.4303
Epoch [5/100] Step [440/1290] Loss:22.5641 Wing:21.8975 Bone:333.2901
Epoch [5/100] Step [460/1290] Loss:18.6364 Wing:18.2277 Bone:204.3482
Epoch [5/100] Step [480/1290] Loss:16.9216 Wing:16.4135 Bone:254.0340
Epoch [5/100] Step [500/1290] Loss:19.0473 Wing:18.4105 Bone:318.4050
Epoch [5/100] Step [520/1290] Loss:18.3553 Wing:17.6635 Bone:345.9040
Epoch [5/100] Step [540/1290] Loss:20.4856 Wing:19.7941 Bone:345.7520
Epoch [5/100] Step [560/1290] Loss:18.7209 Wing:18.1932 Bone:263.8572
Epoch [5/100] Step [580/1290] Loss:18.4306 Wing:17.9136 Bone:258.4858
Epoch [5/100] Step [600/1290] Loss:18.9742 Wing:18.5160 Bone:229.0865
Epoch [5/100] Step [620/1290] Loss:20.4579 Wing:19.7389 Bone:359.4931
Epoch [5/100] Step [640/1290] Loss:17.7928 Wing:17.2515 Bone:270.6780
Epoch [5/100] Step [660/1290] Loss:18.1276 Wing:17.6269 Bone:250.3652
Epoch [5/100] Step [680/1290] Loss:17.8273 Wing:17.3186 Bone:254.3744
Epoch [5/100] Step [700/1290] Loss:19.8705 Wing:19.3264 Bone:272.0404
Epoch [5/100] Step [720/1290] Loss:18.6434 Wing:18.0688 Bone:287.3264
Epoch [5/100] Step [740/1290] Loss:20.1016 Wing:19.2992 Bone:401.1993
Epoch [5/100] Step [760/1290] Loss:17.7452 Wing:17.3510 Bone:197.1077
Epoch [5/100] Step [780/1290] Loss:17.0680 Wing:16.6698 Bone:199.0939
Epoch [5/100] Step [800/1290] Loss:15.3789 Wing:15.1040 Bone:137.4467
Epoch [5/100] Step [820/1290] Loss:16.6952 Wing:16.2740 Bone:210.5969
Epoch [5/100] Step [840/1290] Loss:21.1108 Wing:20.0008 Bone:554.9904
Epoch [5/100] Step [860/1290] Loss:17.8447 Wing:17.5136 Bone:165.5914
Epoch [5/100] Step [880/1290] Loss:18.6462 Wing:18.2681 Bone:189.0238
Epoch [5/100] Step [900/1290] Loss:17.3272 Wing:16.8486 Bone:239.2685
Epoch [5/100] Step [920/1290] Loss:18.3819 Wing:17.8957 Bone:243.0961
Epoch [5/100] Step [940/1290] Loss:18.5359 Wing:18.0462 Bone:244.8579
Epoch [5/100] Step [960/1290] Loss:18.8247 Wing:18.3909 Bone:216.8903
Epoch [5/100] Step [980/1290] Loss:18.3235 Wing:17.6588 Bone:332.3828
Epoch [5/100] Step [1000/1290] Loss:20.9469 Wing:20.3861 Bone:280.3777
Epoch [5/100] Step [1020/1290] Loss:16.3058 Wing:15.8967 Bone:204.5111
Epoch [5/100] Step [1040/1290] Loss:19.6515 Wing:19.2778 Bone:186.8519
Epoch [5/100] Step [1060/1290] Loss:17.0021 Wing:16.4840 Bone:259.0315
Epoch [5/100] Step [1080/1290] Loss:17.0145 Wing:16.6618 Bone:176.3568
Epoch [5/100] Step [1100/1290] Loss:17.7362 Wing:17.2022 Bone:267.0110
Epoch [5/100] Step [1120/1290] Loss:17.0394 Wing:16.6555 Bone:191.9367
Epoch [5/100] Step [1140/1290] Loss:17.8072 Wing:17.3689 Bone:219.1489
Epoch [5/100] Step [1160/1290] Loss:19.1310 Wing:18.4747 Bone:328.1493
Epoch [5/100] Step [1180/1290] Loss:20.6690 Wing:19.8472 Bone:410.9026
Epoch [5/100] Step [1200/1290] Loss:16.1743 Wing:15.7362 Bone:219.0600
Epoch [5/100] Step [1220/1290] Loss:17.8922 Wing:17.3308 Bone:280.6904
Epoch [5/100] Step [1240/1290] Loss:18.5844 Wing:17.9611 Bone:311.6688
Epoch [5/100] Step [1260/1290] Loss:16.9545 Wing:16.5754 Bone:189.5641
Epoch [5/100] Step [1280/1290] Loss:16.2595 Wing:15.8459 Bone:206.7776
===> Epoch 5 | Loss:18.2744 | Wing:17.7369 | Bone:268.7277 | LR:9.94e-05 | 680.5s/epoch (1290 steps)
    Peak CUDA memory allocated so far: 1372.4 MB
    >>> MONITOR (V2-style, rhd_test.json subset) (n=200, 6.5s) PCK@0.2: 0.9126 | AUC: 0.8310 | MPJPE: 21.85px
    >>> NEW BEST MONITOR (V2-style, rhd_test.json subset) PCK@0.2: 0.9126 at epoch 5
Epoch [6/100] Step [0/1290] Loss:16.6792 Wing:16.1595 Bone:259.8510
Epoch [6/100] Step [20/1290] Loss:16.1063 Wing:15.7202 Bone:193.0661
Epoch [6/100] Step [40/1290] Loss:17.5267 Wing:16.9951 Bone:265.8034
Epoch [6/100] Step [60/1290] Loss:17.6505 Wing:17.0289 Bone:310.8069
Epoch [6/100] Step [80/1290] Loss:18.5302 Wing:18.1016 Bone:214.3035
Epoch [6/100] Step [100/1290] Loss:19.7100 Wing:19.0943 Bone:307.8640
Epoch [6/100] Step [120/1290] Loss:15.4110 Wing:15.0521 Bone:179.4611
Epoch [6/100] Step [140/1290] Loss:14.0504 Wing:13.7657 Bone:142.3576
Epoch [6/100] Step [160/1290] Loss:18.3353 Wing:17.7865 Bone:274.4205
Epoch [6/100] Step [180/1290] Loss:17.4359 Wing:16.8671 Bone:284.3926
Epoch [6/100] Step [200/1290] Loss:17.7527 Wing:17.3019 Bone:225.4121
Epoch [6/100] Step [220/1290] Loss:17.1421 Wing:16.4788 Bone:331.6469
Epoch [6/100] Step [240/1290] Loss:15.9913 Wing:15.6680 Bone:161.6164
Epoch [6/100] Step [260/1290] Loss:18.4481 Wing:17.8161 Bone:315.9863
Epoch [6/100] Step [280/1290] Loss:17.9681 Wing:17.4195 Bone:274.2837
Epoch [6/100] Step [300/1290] Loss:17.9970 Wing:17.5345 Bone:231.2652
Epoch [6/100] Step [320/1290] Loss:16.2734 Wing:15.7972 Bone:238.0664
Epoch [6/100] Step [340/1290] Loss:18.7161 Wing:18.1300 Bone:293.0355
Epoch [6/100] Step [360/1290] Loss:18.1357 Wing:17.7075 Bone:214.0580
Epoch [6/100] Step [380/1290] Loss:17.9349 Wing:17.4204 Bone:257.2595
Epoch [6/100] Step [400/1290] Loss:15.8204 Wing:15.5268 Bone:146.7825
Epoch [6/100] Step [420/1290] Loss:16.5935 Wing:16.1334 Bone:230.0814
Epoch [6/100] Step [440/1290] Loss:16.3619 Wing:15.9383 Bone:211.7731
Epoch [6/100] Step [460/1290] Loss:16.6003 Wing:16.2538 Bone:173.2467
Epoch [6/100] Step [480/1290] Loss:15.9494 Wing:15.6038 Bone:172.7971
Epoch [6/100] Step [500/1290] Loss:16.0276 Wing:15.7621 Bone:132.7354
Epoch [6/100] Step [520/1290] Loss:17.2039 Wing:16.7353 Bone:234.3007
Epoch [6/100] Step [540/1290] Loss:16.4431 Wing:15.9960 Bone:223.5562
Epoch [6/100] Step [560/1290] Loss:17.7418 Wing:17.3714 Bone:185.2113
Epoch [6/100] Step [580/1290] Loss:22.5370 Wing:21.9114 Bone:312.7880
Epoch [6/100] Step [600/1290] Loss:17.6376 Wing:17.1707 Bone:233.4851
Epoch [6/100] Step [620/1290] Loss:16.4320 Wing:15.9598 Bone:236.1360
Epoch [6/100] Step [640/1290] Loss:17.4713 Wing:17.0607 Bone:205.3004
Epoch [6/100] Step [660/1290] Loss:15.9953 Wing:15.6756 Bone:159.8694
Epoch [6/100] Step [680/1290] Loss:19.9117 Wing:19.4076 Bone:252.0589
Epoch [6/100] Step [700/1290] Loss:16.7928 Wing:16.3733 Bone:209.7740
Epoch [6/100] Step [720/1290] Loss:17.9888 Wing:17.4198 Bone:284.5158
Epoch [6/100] Step [740/1290] Loss:20.3516 Wing:19.7828 Bone:284.3855
Epoch [6/100] Step [760/1290] Loss:19.8435 Wing:19.2789 Bone:282.2957
Epoch [6/100] Step [780/1290] Loss:17.3042 Wing:16.8456 Bone:229.3020
Epoch [6/100] Step [800/1290] Loss:18.1072 Wing:17.6634 Bone:221.8898
Epoch [6/100] Step [820/1290] Loss:16.4039 Wing:16.0047 Bone:199.5751
Epoch [6/100] Step [840/1290] Loss:17.7719 Wing:17.3605 Bone:205.7316
Epoch [6/100] Step [860/1290] Loss:15.6574 Wing:15.2985 Bone:179.4528
Epoch [6/100] Step [880/1290] Loss:23.6801 Wing:21.7649 Bone:957.5840
Epoch [6/100] Step [900/1290] Loss:17.8304 Wing:17.0991 Bone:365.6473
Epoch [6/100] Step [920/1290] Loss:20.5429 Wing:19.9427 Bone:300.0796
Epoch [6/100] Step [940/1290] Loss:17.1141 Wing:16.6367 Bone:238.7170
Epoch [6/100] Step [960/1290] Loss:16.9425 Wing:16.5714 Bone:185.5445
Epoch [6/100] Step [980/1290] Loss:16.5130 Wing:16.0780 Bone:217.4771
Epoch [6/100] Step [1000/1290] Loss:17.1344 Wing:16.7697 Bone:182.3743
Epoch [6/100] Step [1020/1290] Loss:18.0425 Wing:17.6320 Bone:205.2481
Epoch [6/100] Step [1040/1290] Loss:16.1909 Wing:15.8405 Bone:175.1633
Epoch [6/100] Step [1060/1290] Loss:20.3435 Wing:19.6810 Bone:331.2505
Epoch [6/100] Step [1080/1290] Loss:17.4244 Wing:17.0623 Bone:181.0863
Epoch [6/100] Step [1100/1290] Loss:18.2038 Wing:17.7726 Bone:215.5875
Epoch [6/100] Step [1120/1290] Loss:20.1322 Wing:19.5086 Bone:311.7702
Epoch [6/100] Step [1140/1290] Loss:18.4505 Wing:18.0150 Bone:217.7372
Epoch [6/100] Step [1160/1290] Loss:17.7319 Wing:17.2649 Bone:233.5023
Epoch [6/100] Step [1180/1290] Loss:18.2855 Wing:17.6629 Bone:311.3199
Epoch [6/100] Step [1200/1290] Loss:17.0450 Wing:16.5671 Bone:238.9711
Epoch [6/100] Step [1220/1290] Loss:18.5784 Wing:18.1474 Bone:215.4997
Epoch [6/100] Step [1240/1290] Loss:22.0137 Wing:21.3503 Bone:331.7034
Epoch [6/100] Step [1260/1290] Loss:17.3256 Wing:16.8868 Bone:219.3952
Epoch [6/100] Step [1280/1290] Loss:15.7872 Wing:15.3946 Bone:196.3027
===> Epoch 6 | Loss:17.6647 | Wing:17.1653 | Bone:249.7032 | LR:9.91e-05 | 724.2s/epoch (1290 steps)
    Peak CUDA memory allocated so far: 1372.4 MB
Epoch [7/100] Step [0/1290] Loss:16.6793 Wing:16.2523 Bone:213.5017
Epoch [7/100] Step [20/1290] Loss:20.1139 Wing:19.4489 Bone:332.5034
Epoch [7/100] Step [40/1290] Loss:16.5587 Wing:16.1017 Bone:228.4833
Epoch [7/100] Step [60/1290] Loss:14.6754 Wing:14.3459 Bone:164.7470
Epoch [7/100] Step [80/1290] Loss:17.1790 Wing:16.6983 Bone:240.3755
Epoch [7/100] Step [100/1290] Loss:25.5825 Wing:24.0465 Bone:768.0241
Epoch [7/100] Step [120/1290] Loss:18.1365 Wing:17.6214 Bone:257.5638
Epoch [7/100] Step [140/1290] Loss:15.1468 Wing:14.8765 Bone:135.1621
Epoch [7/100] Step [160/1290] Loss:15.5192 Wing:15.1200 Bone:199.6318
Epoch [7/100] Step [180/1290] Loss:19.7628 Wing:19.1119 Bone:325.4453
Epoch [7/100] Step [200/1290] Loss:16.8019 Wing:16.2114 Bone:295.2878
Epoch [7/100] Step [220/1290] Loss:18.1431 Wing:17.6519 Bone:245.6088
Epoch [7/100] Step [240/1290] Loss:17.8557 Wing:17.4195 Bone:218.0976
Epoch [7/100] Step [260/1290] Loss:16.3264 Wing:15.9662 Bone:180.0965
Epoch [7/100] Step [280/1290] Loss:17.6850 Wing:17.1646 Bone:260.2039
Epoch [7/100] Step [300/1290] Loss:16.9054 Wing:16.5172 Bone:194.0738
Epoch [7/100] Step [320/1290] Loss:15.7723 Wing:15.4613 Bone:155.4771
Epoch [7/100] Step [340/1290] Loss:17.3186 Wing:16.9547 Bone:181.9306
Epoch [7/100] Step [360/1290] Loss:17.8023 Wing:17.2580 Bone:272.1453
Epoch [7/100] Step [380/1290] Loss:14.4693 Wing:14.1959 Bone:136.6954
Epoch [7/100] Step [400/1290] Loss:17.2427 Wing:16.7338 Bone:254.4053
Epoch [7/100] Step [420/1290] Loss:19.2351 Wing:18.7107 Bone:262.2318
Epoch [7/100] Step [440/1290] Loss:18.3653 Wing:17.6611 Bone:352.0791
Epoch [7/100] Step [460/1290] Loss:16.8732 Wing:16.4146 Bone:229.3141
Epoch [7/100] Step [480/1290] Loss:16.8140 Wing:16.3233 Bone:245.3231
Epoch [7/100] Step [500/1290] Loss:17.9848 Wing:17.4075 Bone:288.6250
Epoch [7/100] Step [520/1290] Loss:17.4553 Wing:16.8843 Bone:285.5264
Epoch [7/100] Step [540/1290] Loss:17.9418 Wing:17.4269 Bone:257.4743
Epoch [7/100] Step [560/1290] Loss:17.8537 Wing:17.3901 Bone:231.8271
Epoch [7/100] Step [580/1290] Loss:14.9143 Wing:14.5923 Bone:161.0188
Epoch [7/100] Step [600/1290] Loss:15.2750 Wing:15.0057 Bone:134.6785
Epoch [7/100] Step [620/1290] Loss:16.0749 Wing:15.7155 Bone:179.7017
Epoch [7/100] Step [640/1290] Loss:14.7141 Wing:14.4587 Bone:127.6688
Epoch [7/100] Step [660/1290] Loss:15.3660 Wing:15.1307 Bone:117.6230
Epoch [7/100] Step [680/1290] Loss:20.1874 Wing:19.2453 Bone:471.0468
Epoch [7/100] Step [700/1290] Loss:16.4103 Wing:16.1020 Bone:154.1337
Epoch [7/100] Step [720/1290] Loss:19.1037 Wing:18.6808 Bone:211.4336
Epoch [7/100] Step [740/1290] Loss:17.5433 Wing:16.9261 Bone:308.5938
Epoch [7/100] Step [760/1290] Loss:15.7216 Wing:15.3953 Bone:163.1675
Epoch [7/100] Step [780/1290] Loss:18.5553 Wing:18.0533 Bone:250.9805
Epoch [7/100] Step [800/1290] Loss:16.5660 Wing:16.1424 Bone:211.7905
Epoch [7/100] Step [820/1290] Loss:16.8178 Wing:16.2602 Bone:278.8008
Epoch [7/100] Step [840/1290] Loss:18.0242 Wing:17.5440 Bone:240.0748
Epoch [7/100] Step [860/1290] Loss:17.7039 Wing:17.1908 Bone:256.5483
Epoch [7/100] Step [880/1290] Loss:16.5137 Wing:16.1632 Bone:175.2387
Epoch [7/100] Step [900/1290] Loss:16.0416 Wing:15.7130 Bone:164.2548
Epoch [7/100] Step [920/1290] Loss:17.4662 Wing:17.0620 Bone:202.0773
Epoch [7/100] Step [940/1290] Loss:16.1400 Wing:15.7339 Bone:203.0664
Epoch [7/100] Step [960/1290] Loss:18.7071 Wing:17.9960 Bone:355.5126
Epoch [7/100] Step [980/1290] Loss:15.9941 Wing:15.6548 Bone:169.6450
Epoch [7/100] Step [1000/1290] Loss:15.7779 Wing:15.3781 Bone:199.8788
Epoch [7/100] Step [1020/1290] Loss:21.7129 Wing:20.9288 Bone:392.0761
Epoch [7/100] Step [1040/1290] Loss:18.4990 Wing:17.8859 Bone:306.5462
Epoch [7/100] Step [1060/1290] Loss:17.9809 Wing:17.5402 Bone:220.3472
Epoch [7/100] Step [1080/1290] Loss:16.4163 Wing:16.0725 Bone:171.8990
Epoch [7/100] Step [1100/1290] Loss:17.9205 Wing:17.5444 Bone:188.0434
Epoch [7/100] Step [1120/1290] Loss:17.1992 Wing:16.7320 Bone:233.6161
Epoch [7/100] Step [1140/1290] Loss:15.6657 Wing:15.3352 Bone:165.2366
Epoch [7/100] Step [1160/1290] Loss:16.5907 Wing:16.1155 Bone:237.5614
Epoch [7/100] Step [1180/1290] Loss:16.2209 Wing:15.8505 Bone:185.1908
Epoch [7/100] Step [1200/1290] Loss:18.0475 Wing:17.5782 Bone:234.6421
Epoch [7/100] Step [1220/1290] Loss:16.4399 Wing:15.9552 Bone:242.3277
Epoch [7/100] Step [1240/1290] Loss:17.3763 Wing:16.9565 Bone:209.9428
Epoch [7/100] Step [1260/1290] Loss:18.5617 Wing:18.0323 Bone:264.7027
Epoch [7/100] Step [1280/1290] Loss:17.8367 Wing:17.2753 Bone:280.7472
===> Epoch 7 | Loss:17.2656 | Wing:16.7957 | Bone:234.9369 | LR:9.88e-05 | 742.7s/epoch (1290 steps)
    Peak CUDA memory allocated so far: 1372.4 MB
Epoch [8/100] Step [0/1290] Loss:15.3610 Wing:15.0294 Bone:165.7820
Epoch [8/100] Step [20/1290] Loss:17.9069 Wing:17.4259 Bone:240.4613
Epoch [8/100] Step [40/1290] Loss:16.5979 Wing:16.2778 Bone:160.0782
Epoch [8/100] Step [60/1290] Loss:15.2418 Wing:14.9222 Bone:159.7931
Epoch [8/100] Step [80/1290] Loss:15.6247 Wing:15.1628 Bone:230.9510
Epoch [8/100] Step [100/1290] Loss:15.8400 Wing:15.4570 Bone:191.4901
Epoch [8/100] Step [120/1290] Loss:18.1196 Wing:17.7268 Bone:196.3987
Epoch [8/100] Step [140/1290] Loss:18.0847 Wing:17.6208 Bone:231.9582
Epoch [8/100] Step [160/1290] Loss:15.5116 Wing:15.1134 Bone:199.0796
Epoch [8/100] Step [180/1290] Loss:18.3681 Wing:17.9214 Bone:223.3573
Epoch [8/100] Step [200/1290] Loss:18.6375 Wing:18.0985 Bone:269.4855
Epoch [8/100] Step [220/1290] Loss:16.4851 Wing:16.0517 Bone:216.6825
Epoch [8/100] Step [240/1290] Loss:16.6573 Wing:16.1651 Bone:246.0881
Epoch [8/100] Step [260/1290] Loss:16.7561 Wing:16.3102 Bone:222.9210
Epoch [8/100] Step [280/1290] Loss:16.8817 Wing:16.5129 Bone:184.3998
Epoch [8/100] Step [300/1290] Loss:17.0995 Wing:16.5904 Bone:254.5420
Epoch [8/100] Step [320/1290] Loss:15.1868 Wing:14.9007 Bone:143.0851
Epoch [8/100] Step [340/1290] Loss:18.0371 Wing:17.5693 Bone:233.8921
Epoch [8/100] Step [360/1290] Loss:17.4378 Wing:16.9727 Bone:232.5076
Epoch [8/100] Step [380/1290] Loss:15.8286 Wing:15.4892 Bone:169.7037
Epoch [8/100] Step [400/1290] Loss:17.4815 Wing:16.9537 Bone:263.8880
Epoch [8/100] Step [420/1290] Loss:13.5693 Wing:13.3819 Bone:93.7124
Epoch [8/100] Step [440/1290] Loss:16.4679 Wing:15.9951 Bone:236.4030
Epoch [8/100] Step [460/1290] Loss:18.1803 Wing:17.6243 Bone:277.9611
Epoch [8/100] Step [480/1290] Loss:16.5687 Wing:16.0989 Bone:234.9119
Epoch [8/100] Step [500/1290] Loss:16.9358 Wing:16.4801 Bone:227.8840
Epoch [8/100] Step [520/1290] Loss:16.3944 Wing:15.9658 Bone:214.2629
Epoch [8/100] Step [540/1290] Loss:20.2577 Wing:19.6753 Bone:291.2162
Epoch [8/100] Step [560/1290] Loss:15.3908 Wing:15.0892 Bone:150.8344
Epoch [8/100] Step [580/1290] Loss:16.1094 Wing:15.7473 Bone:181.0558
Epoch [8/100] Step [600/1290] Loss:16.2367 Wing:15.7771 Bone:229.8132
Epoch [8/100] Step [620/1290] Loss:14.8602 Wing:14.5669 Bone:146.6531
Epoch [8/100] Step [640/1290] Loss:18.6005 Wing:17.9036 Bone:348.4562
Epoch [8/100] Step [660/1290] Loss:15.0519 Wing:14.6131 Bone:219.4167
Epoch [8/100] Step [680/1290] Loss:15.5858 Wing:15.2625 Bone:161.6170
Epoch [8/100] Step [700/1290] Loss:19.5709 Wing:18.8878 Bone:341.5202
Epoch [8/100] Step [720/1290] Loss:18.2165 Wing:17.5862 Bone:315.1938
Epoch [8/100] Step [740/1290] Loss:16.2390 Wing:15.7680 Bone:235.5093
Epoch [8/100] Step [760/1290] Loss:20.2391 Wing:19.7772 Bone:230.9533
Epoch [8/100] Step [780/1290] Loss:18.7046 Wing:18.2321 Bone:236.2278
Epoch [8/100] Step [800/1290] Loss:17.3345 Wing:16.9273 Bone:203.5722
Epoch [8/100] Step [820/1290] Loss:15.2519 Wing:14.9998 Bone:126.0519
Epoch [8/100] Step [840/1290] Loss:15.0652 Wing:14.7104 Bone:177.4332
Epoch [8/100] Step [860/1290] Loss:17.8790 Wing:17.3868 Bone:246.1304
Epoch [8/100] Step [880/1290] Loss:17.8429 Wing:17.1955 Bone:323.7215
Epoch [8/100] Step [900/1290] Loss:15.1907 Wing:14.8174 Bone:186.6602
Epoch [8/100] Step [920/1290] Loss:14.9446 Wing:14.6482 Bone:148.2177
Epoch [8/100] Step [940/1290] Loss:15.9057 Wing:15.4590 Bone:223.3218
Epoch [8/100] Step [960/1290] Loss:17.1789 Wing:16.7860 Bone:196.4420
Epoch [8/100] Step [980/1290] Loss:16.2788 Wing:15.8871 Bone:195.8737
Epoch [8/100] Step [1000/1290] Loss:15.2157 Wing:14.8787 Bone:168.4843
Epoch [8/100] Step [1020/1290] Loss:16.0759 Wing:15.6911 Bone:192.3935
Epoch [8/100] Step [1040/1290] Loss:23.7722 Wing:22.1247 Bone:823.7721
Epoch [8/100] Step [1060/1290] Loss:17.7870 Wing:17.4159 Bone:185.5293
Epoch [8/100] Step [1080/1290] Loss:18.3056 Wing:17.8202 Bone:242.7266
Epoch [8/100] Step [1100/1290] Loss:14.8767 Wing:14.6388 Bone:118.9640
Epoch [8/100] Step [1120/1290] Loss:15.9521 Wing:15.5130 Bone:219.5911
Epoch [8/100] Step [1140/1290] Loss:16.7504 Wing:16.2890 Bone:230.7051
Epoch [8/100] Step [1160/1290] Loss:17.0004 Wing:16.4770 Bone:261.7028
Epoch [8/100] Step [1180/1290] Loss:15.7197 Wing:15.3744 Bone:172.6522
Epoch [8/100] Step [1200/1290] Loss:21.3245 Wing:20.5138 Bone:405.3568
Epoch [8/100] Step [1220/1290] Loss:16.7865 Wing:16.3300 Bone:228.2617
Epoch [8/100] Step [1240/1290] Loss:17.5457 Wing:17.0434 Bone:251.1521
Epoch [8/100] Step [1260/1290] Loss:15.1065 Wing:14.7931 Bone:156.7018
Epoch [8/100] Step [1280/1290] Loss:16.3836 Wing:15.9865 Bone:198.5260
===> Epoch 8 | Loss:16.8778 | Wing:16.4278 | Bone:224.9953 | LR:9.84e-05 | 698.5s/epoch (1290 steps)
    Peak CUDA memory allocated so far: 1372.4 MB
Epoch [9/100] Step [0/1290] Loss:19.6733 Wing:18.9325 Bone:370.4330
Epoch [9/100] Step [20/1290] Loss:16.3718 Wing:16.0448 Bone:163.5014
Epoch [9/100] Step [40/1290] Loss:16.1741 Wing:15.7710 Bone:201.5635
Epoch [9/100] Step [60/1290] Loss:15.8902 Wing:15.3236 Bone:283.3054
Epoch [9/100] Step [80/1290] Loss:20.5323 Wing:20.0407 Bone:245.8171
Epoch [9/100] Step [100/1290] Loss:17.1615 Wing:16.6328 Bone:264.3696
Epoch [9/100] Step [120/1290] Loss:15.9979 Wing:15.6924 Bone:152.7747
Epoch [9/100] Step [140/1290] Loss:15.9451 Wing:15.4979 Bone:223.5597
Epoch [9/100] Step [160/1290] Loss:17.4232 Wing:16.8708 Bone:276.2422
Epoch [9/100] Step [180/1290] Loss:16.7314 Wing:16.3644 Bone:183.4846
Epoch [9/100] Step [200/1290] Loss:16.3694 Wing:15.9586 Bone:205.4140
Epoch [9/100] Step [220/1290] Loss:15.1009 Wing:14.7766 Bone:162.1426
Epoch [9/100] Step [240/1290] Loss:16.3438 Wing:15.9041 Bone:219.8503
Epoch [9/100] Step [260/1290] Loss:16.6672 Wing:16.2081 Bone:229.5312
Epoch [9/100] Step [280/1290] Loss:17.1451 Wing:16.6705 Bone:237.3006
Epoch [9/100] Step [300/1290] Loss:15.0064 Wing:14.6376 Bone:184.3956
Epoch [9/100] Step [320/1290] Loss:17.6134 Wing:17.1001 Bone:256.6256
Epoch [9/100] Step [340/1290] Loss:15.1406 Wing:14.8389 Bone:150.8765
Epoch [9/100] Step [360/1290] Loss:18.9919 Wing:18.3497 Bone:321.0964
Epoch [9/100] Step [380/1290] Loss:16.5491 Wing:15.9778 Bone:285.6169
Epoch [9/100] Step [400/1290] Loss:16.2364 Wing:15.8626 Bone:186.8640
Epoch [9/100] Step [420/1290] Loss:17.4120 Wing:17.0053 Bone:203.3161
Epoch [9/100] Step [440/1290] Loss:16.8565 Wing:16.4534 Bone:201.5478
Epoch [9/100] Step [460/1290] Loss:17.3464 Wing:16.7668 Bone:289.8048
Epoch [9/100] Step [480/1290] Loss:18.2779 Wing:17.6145 Bone:331.7411
Epoch [9/100] Step [500/1290] Loss:14.7354 Wing:14.3895 Bone:172.9296
Epoch [9/100] Step [520/1290] Loss:14.5573 Wing:14.1581 Bone:199.6274
Epoch [9/100] Step [540/1290] Loss:20.0749 Wing:18.4983 Bone:788.3173
Epoch [9/100] Step [560/1290] Loss:16.7418 Wing:16.3454 Bone:198.2030
Epoch [9/100] Step [580/1290] Loss:17.6328 Wing:17.0001 Bone:316.3486
Epoch [9/100] Step [600/1290] Loss:15.1940 Wing:14.8975 Bone:148.2442
Epoch [9/100] Step [620/1290] Loss:16.3470 Wing:15.8592 Bone:243.8891
Epoch [9/100] Step [640/1290] Loss:15.1006 Wing:14.8003 Bone:150.1421
Epoch [9/100] Step [660/1290] Loss:16.1161 Wing:15.7281 Bone:194.0219
Epoch [9/100] Step [680/1290] Loss:15.8082 Wing:15.5029 Bone:152.6665
Epoch [9/100] Step [700/1290] Loss:16.0245 Wing:15.6298 Bone:197.3684
Epoch [9/100] Step [720/1290] Loss:17.7616 Wing:17.3563 Bone:202.6504
Epoch [9/100] Step [740/1290] Loss:14.9484 Wing:14.6129 Bone:167.7372
Epoch [9/100] Step [760/1290] Loss:14.7234 Wing:14.4760 Bone:123.6921
Epoch [9/100] Step [780/1290] Loss:15.9259 Wing:15.2869 Bone:319.5022
Epoch [9/100] Step [800/1290] Loss:16.4169 Wing:15.9785 Bone:219.1998
Epoch [9/100] Step [820/1290] Loss:15.8754 Wing:15.6511 Bone:112.1495
Epoch [9/100] Step [840/1290] Loss:17.9737 Wing:17.5182 Bone:227.7667
Epoch [9/100] Step [860/1290] Loss:15.9370 Wing:15.5494 Bone:193.8170
Epoch [9/100] Step [880/1290] Loss:16.4902 Wing:16.0102 Bone:240.0005
Epoch [9/100] Step [900/1290] Loss:14.9898 Wing:14.7175 Bone:136.1354
Epoch [9/100] Step [920/1290] Loss:15.8452 Wing:15.4186 Bone:213.3131
Epoch [9/100] Step [940/1290] Loss:16.2627 Wing:15.8542 Bone:204.2527
Epoch [9/100] Step [960/1290] Loss:14.1459 Wing:13.8691 Bone:138.3916
Epoch [9/100] Step [980/1290] Loss:19.2347 Wing:18.5877 Bone:323.4995
Epoch [9/100] Step [1000/1290] Loss:15.5538 Wing:15.1974 Bone:178.1745
Epoch [9/100] Step [1020/1290] Loss:15.4724 Wing:15.1569 Bone:157.7796
Epoch [9/100] Step [1040/1290] Loss:16.9154 Wing:16.4389 Bone:238.2406
Epoch [9/100] Step [1060/1290] Loss:16.0880 Wing:15.6277 Bone:230.1640
Epoch [9/100] Step [1080/1290] Loss:17.7121 Wing:17.3303 Bone:190.8706
Epoch [9/100] Step [1100/1290] Loss:14.6745 Wing:14.3844 Bone:145.0314
Epoch [9/100] Step [1120/1290] Loss:17.9535 Wing:17.3417 Bone:305.9106
Epoch [9/100] Step [1140/1290] Loss:13.2123 Wing:12.9875 Bone:112.3702
Epoch [9/100] Step [1160/1290] Loss:16.0360 Wing:15.6808 Bone:177.5797
Epoch [9/100] Step [1180/1290] Loss:15.2804 Wing:14.7780 Bone:251.2010
Epoch [9/100] Step [1200/1290] Loss:15.8857 Wing:15.4263 Bone:229.6703
Epoch [9/100] Step [1220/1290] Loss:15.6962 Wing:15.3016 Bone:197.2950
Epoch [9/100] Step [1240/1290] Loss:16.9005 Wing:16.5651 Bone:167.7065
Epoch [9/100] Step [1260/1290] Loss:17.2175 Wing:16.7765 Bone:220.5410
Epoch [9/100] Step [1280/1290] Loss:16.3323 Wing:15.9470 Bone:192.6471
===> Epoch 9 | Loss:16.4975 | Wing:16.0674 | Bone:215.0691 | LR:9.80e-05 | 787.2s/epoch (1290 steps)
    Peak CUDA memory allocated so far: 1372.4 MB
Epoch [10/100] Step [0/1290] Loss:19.5273 Wing:18.7437 Bone:391.8142
Epoch [10/100] Step [20/1290] Loss:13.6158 Wing:13.4059 Bone:104.9608
Epoch [10/100] Step [40/1290] Loss:16.0681 Wing:15.7494 Bone:159.3451
Epoch [10/100] Step [60/1290] Loss:16.2582 Wing:15.8565 Bone:200.8771
Epoch [10/100] Step [80/1290] Loss:15.2170 Wing:14.9291 Bone:143.9614
Epoch [10/100] Step [100/1290] Loss:14.5873 Wing:14.3480 Bone:119.6503
Epoch [10/100] Step [120/1290] Loss:17.4853 Wing:17.1271 Bone:179.1201
Epoch [10/100] Step [140/1290] Loss:16.1176 Wing:15.7669 Bone:175.3576
Epoch [10/100] Step [160/1290] Loss:17.9963 Wing:17.4572 Bone:269.5658
Epoch [10/100] Step [180/1290] Loss:15.8207 Wing:15.5268 Bone:146.9310
Epoch [10/100] Step [200/1290] Loss:16.0372 Wing:15.7111 Bone:163.0409
Epoch [10/100] Step [220/1290] Loss:18.0381 Wing:17.4809 Bone:278.5906
Epoch [10/100] Step [240/1290] Loss:15.6687 Wing:15.3872 Bone:140.7719
Epoch [10/100] Step [260/1290] Loss:15.9038 Wing:15.5629 Bone:170.4662
Epoch [10/100] Step [280/1290] Loss:16.7707 Wing:16.4071 Bone:181.7754
Epoch [10/100] Step [300/1290] Loss:14.6976 Wing:14.3398 Bone:178.8895
Epoch [10/100] Step [320/1290] Loss:15.9715 Wing:15.6136 Bone:178.9867
Epoch [10/100] Step [340/1290] Loss:17.2730 Wing:16.8233 Bone:224.8488
Epoch [10/100] Step [360/1290] Loss:16.5009 Wing:16.0486 Bone:226.1489
Epoch [10/100] Step [380/1290] Loss:15.2641 Wing:14.8868 Bone:188.6540
Epoch [10/100] Step [400/1290] Loss:16.0034 Wing:15.6401 Bone:181.6390
Epoch [10/100] Step [420/1290] Loss:14.7213 Wing:14.4678 Bone:126.7745
Epoch [10/100] Step [440/1290] Loss:16.9056 Wing:16.5037 Bone:200.9477
Epoch [10/100] Step [460/1290] Loss:14.1285 Wing:13.8314 Bone:148.5711
Epoch [10/100] Step [480/1290] Loss:16.8848 Wing:16.3662 Bone:259.2850
Epoch [10/100] Step [500/1290] Loss:15.0760 Wing:14.8083 Bone:133.8270
Epoch [10/100] Step [520/1290] Loss:16.3144 Wing:15.8508 Bone:231.8168
Epoch [10/100] Step [540/1290] Loss:16.9023 Wing:16.4633 Bone:219.4854
Epoch [10/100] Step [560/1290] Loss:17.1305 Wing:16.7522 Bone:189.1264
Epoch [10/100] Step [580/1290] Loss:16.2331 Wing:15.8628 Bone:185.1445
Epoch [10/100] Step [600/1290] Loss:15.1777 Wing:14.8618 Bone:157.9496
Epoch [10/100] Step [620/1290] Loss:15.2645 Wing:14.8032 Bone:230.6443
Epoch [10/100] Step [640/1290] Loss:16.8546 Wing:16.5231 Bone:165.7802
Epoch [10/100] Step [660/1290] Loss:13.3321 Wing:13.1131 Bone:109.5162
Epoch [10/100] Step [680/1290] Loss:15.8742 Wing:15.4621 Bone:206.0369
Epoch [10/100] Step [700/1290] Loss:15.8537 Wing:15.5942 Bone:129.7814
Epoch [10/100] Step [720/1290] Loss:16.0926 Wing:15.7269 Bone:182.8163
Epoch [10/100] Step [740/1290] Loss:16.0533 Wing:15.7184 Bone:167.4764
Epoch [10/100] Step [760/1290] Loss:16.3567 Wing:15.9860 Bone:185.3301
Epoch [10/100] Step [780/1290] Loss:15.7830 Wing:15.4886 Bone:147.1824
Epoch [10/100] Step [800/1290] Loss:16.7108 Wing:16.3467 Bone:182.0448
Epoch [10/100] Step [820/1290] Loss:18.5545 Wing:17.9254 Bone:314.5276
Epoch [10/100] Step [840/1290] Loss:18.2091 Wing:17.3204 Bone:444.3266
Epoch [10/100] Step [860/1290] Loss:13.8239 Wing:13.6000 Bone:111.9375
Epoch [10/100] Step [880/1290] Loss:17.5371 Wing:17.1766 Bone:180.2402
Epoch [10/100] Step [900/1290] Loss:16.2971 Wing:15.9454 Bone:175.8606
Epoch [10/100] Step [920/1290] Loss:15.4740 Wing:15.1919 Bone:141.0387
Epoch [10/100] Step [940/1290] Loss:14.2897 Wing:13.9704 Bone:159.6259
Epoch [10/100] Step [960/1290] Loss:15.5930 Wing:15.1846 Bone:204.2168
Epoch [10/100] Step [980/1290] Loss:15.0003 Wing:14.7664 Bone:116.9288
Epoch [10/100] Step [1000/1290] Loss:15.2689 Wing:14.9550 Bone:156.9122
Epoch [10/100] Step [1020/1290] Loss:15.4426 Wing:15.2084 Bone:117.1037
Epoch [10/100] Step [1040/1290] Loss:16.8877 Wing:16.2851 Bone:301.3036
Epoch [10/100] Step [1060/1290] Loss:16.1056 Wing:15.7879 Bone:158.8539
Epoch [10/100] Step [1080/1290] Loss:15.9974 Wing:15.6651 Bone:166.1623
Epoch [10/100] Step [1100/1290] Loss:14.3813 Wing:14.1023 Bone:139.5001
Epoch [10/100] Step [1120/1290] Loss:15.0077 Wing:14.5501 Bone:228.8238
Epoch [10/100] Step [1140/1290] Loss:14.6335 Wing:14.3493 Bone:142.0913
Epoch [10/100] Step [1160/1290] Loss:15.7518 Wing:15.3855 Bone:183.1365
Epoch [10/100] Step [1180/1290] Loss:14.2446 Wing:13.9550 Bone:144.7673
Epoch [10/100] Step [1200/1290] Loss:14.5501 Wing:14.2822 Bone:133.9704
Epoch [10/100] Step [1220/1290] Loss:16.0524 Wing:15.4960 Bone:278.1885
Epoch [10/100] Step [1240/1290] Loss:17.1445 Wing:16.7606 Bone:191.9639
Epoch [10/100] Step [1260/1290] Loss:16.5929 Wing:16.1490 Bone:221.9244
Epoch [10/100] Step [1280/1290] Loss:19.8033 Wing:18.4579 Bone:672.6629
===> Epoch 10 | Loss:16.2754 | Wing:15.8642 | Bone:205.5841 | LR:9.76e-05 | 670.4s/epoch (1290 steps)
    Peak CUDA memory allocated so far: 1372.4 MB
    Checkpoint saved: C:\Users\Bea Juliana Poquiz\Desktop\mmpose_thesis\R2-05\runs\parity_baseline\checkpoints\parity_epoch_10.pth
    >>> MONITOR (V2-style, rhd_test.json subset) (n=200, 3.3s) PCK@0.2: 0.9302 | AUC: 0.8509 | MPJPE: 19.32px
    >>> NEW BEST MONITOR (V2-style, rhd_test.json subset) PCK@0.2: 0.9302 at epoch 10
Epoch [11/100] Step [0/1290] Loss:17.2198 Wing:16.7590 Bone:230.4225
Epoch [11/100] Step [20/1290] Loss:15.7909 Wing:15.4776 Bone:156.6180
Epoch [11/100] Step [40/1290] Loss:17.0913 Wing:16.5149 Bone:288.2313
Epoch [11/100] Step [60/1290] Loss:17.4736 Wing:16.9832 Bone:245.1708
Epoch [11/100] Step [80/1290] Loss:17.9868 Wing:17.3697 Bone:308.5455
Epoch [11/100] Step [100/1290] Loss:16.6343 Wing:16.1992 Bone:217.5301
Epoch [11/100] Step [120/1290] Loss:15.2506 Wing:14.9052 Bone:172.6896
Epoch [11/100] Step [140/1290] Loss:15.0326 Wing:14.7471 Bone:142.7707
Epoch [11/100] Step [160/1290] Loss:17.1640 Wing:16.7626 Bone:200.6846
Epoch [11/100] Step [180/1290] Loss:15.1672 Wing:14.8523 Bone:157.4490
Epoch [11/100] Step [200/1290] Loss:16.3014 Wing:15.8839 Bone:208.7529
Epoch [11/100] Step [220/1290] Loss:17.1002 Wing:16.5311 Bone:284.5688
Epoch [11/100] Step [240/1290] Loss:15.1291 Wing:14.7897 Bone:169.6961
Epoch [11/100] Step [260/1290] Loss:16.0583 Wing:15.6569 Bone:200.6747
Epoch [11/100] Step [280/1290] Loss:14.0865 Wing:13.8675 Bone:109.4896
Epoch [11/100] Step [300/1290] Loss:21.0185 Wing:19.8468 Bone:585.8276
Epoch [11/100] Step [320/1290] Loss:16.2450 Wing:15.8889 Bone:178.0345
Epoch [11/100] Step [340/1290] Loss:16.5897 Wing:16.2789 Bone:155.4021
Epoch [11/100] Step [360/1290] Loss:15.1964 Wing:14.8539 Bone:171.2284
Epoch [11/100] Step [380/1290] Loss:15.6071 Wing:15.3359 Bone:135.5676
Epoch [11/100] Step [400/1290] Loss:19.2169 Wing:18.5443 Bone:336.2979
Epoch [11/100] Step [420/1290] Loss:15.6642 Wing:15.2999 Bone:182.1289
Epoch [11/100] Step [440/1290] Loss:15.1929 Wing:14.8363 Bone:178.2911
Epoch [11/100] Step [460/1290] Loss:19.1968 Wing:18.4296 Bone:383.6035
Epoch [11/100] Step [480/1290] Loss:16.1486 Wing:15.8066 Bone:170.9929
Epoch [11/100] Step [500/1290] Loss:17.7122 Wing:17.1992 Bone:256.5260
Epoch [11/100] Step [520/1290] Loss:16.2243 Wing:15.7328 Bone:245.7524
Epoch [11/100] Step [540/1290] Loss:16.5601 Wing:16.2243 Bone:167.9017
Epoch [11/100] Step [560/1290] Loss:14.2629 Wing:14.0232 Bone:119.8256
Epoch [11/100] Step [580/1290] Loss:14.0664 Wing:13.8328 Bone:116.8141
Epoch [11/100] Step [600/1290] Loss:13.8320 Wing:13.5397 Bone:146.1519
Epoch [11/100] Step [620/1290] Loss:15.2919 Wing:15.0138 Bone:139.0561
Epoch [11/100] Step [640/1290] Loss:15.1466 Wing:14.7476 Bone:199.5315
Epoch [11/100] Step [660/1290] Loss:14.9295 Wing:14.6093 Bone:160.0697
Epoch [11/100] Step [680/1290] Loss:15.0951 Wing:14.7023 Bone:196.3615
Epoch [11/100] Step [700/1290] Loss:14.5847 Wing:14.3376 Bone:123.5255
Epoch [11/100] Step [720/1290] Loss:16.0425 Wing:15.5209 Bone:260.8207
Epoch [11/100] Step [740/1290] Loss:19.4722 Wing:18.8533 Bone:309.4558
Epoch [11/100] Step [760/1290] Loss:14.8940 Wing:14.5860 Bone:153.9678
Epoch [11/100] Step [780/1290] Loss:15.9323 Wing:15.5974 Bone:167.4799
Epoch [11/100] Step [800/1290] Loss:17.0396 Wing:16.6872 Bone:176.2213
Epoch [11/100] Step [820/1290] Loss:15.6956 Wing:15.2729 Bone:211.3737
Epoch [11/100] Step [840/1290] Loss:14.9178 Wing:14.6696 Bone:124.0993
Epoch [11/100] Step [860/1290] Loss:14.8386 Wing:14.4869 Bone:175.8186
Epoch [11/100] Step [880/1290] Loss:16.0496 Wing:15.7264 Bone:161.5728
Epoch [11/100] Step [900/1290] Loss:13.7173 Wing:13.5212 Bone:98.0682
Epoch [11/100] Step [920/1290] Loss:17.4176 Wing:17.1174 Bone:150.1029
Epoch [11/100] Step [940/1290] Loss:13.1356 Wing:12.9426 Bone:96.4962
Epoch [11/100] Step [960/1290] Loss:15.4972 Wing:15.1640 Bone:166.6182
Epoch [11/100] Step [980/1290] Loss:15.0707 Wing:14.7505 Bone:160.0994
Epoch [11/100] Step [1000/1290] Loss:18.4300 Wing:17.9340 Bone:248.0097
Epoch [11/100] Step [1020/1290] Loss:14.1549 Wing:13.8780 Bone:138.4237
Epoch [11/100] Step [1040/1290] Loss:16.4619 Wing:16.0729 Bone:194.4776
Epoch [11/100] Step [1060/1290] Loss:15.7756 Wing:15.4780 Bone:148.8423
Epoch [11/100] Step [1080/1290] Loss:16.0930 Wing:15.6669 Bone:213.0490
Epoch [11/100] Step [1100/1290] Loss:14.6730 Wing:14.3761 Bone:148.4348
Epoch [11/100] Step [1120/1290] Loss:15.1662 Wing:14.9290 Bone:118.5933
Epoch [11/100] Step [1140/1290] Loss:15.2275 Wing:14.9481 Bone:139.7108
Epoch [11/100] Step [1160/1290] Loss:14.3446 Wing:14.0752 Bone:134.7067
Epoch [11/100] Step [1180/1290] Loss:16.8711 Wing:16.4339 Bone:218.5675
Epoch [11/100] Step [1200/1290] Loss:20.1515 Wing:19.3236 Bone:413.9475
Epoch [11/100] Step [1220/1290] Loss:15.2693 Wing:14.9530 Bone:158.1339
Epoch [11/100] Step [1240/1290] Loss:15.8841 Wing:15.5982 Bone:142.9701
Epoch [11/100] Step [1260/1290] Loss:17.4044 Wing:16.8860 Bone:259.2141
Epoch [11/100] Step [1280/1290] Loss:15.5201 Wing:15.1104 Bone:204.8863
===> Epoch 11 | Loss:16.0082 | Wing:15.6105 | Bone:198.8564 | LR:9.71e-05 | 513.8s/epoch (1290 steps)
    Peak CUDA memory allocated so far: 1372.4 MB
Epoch [12/100] Step [0/1290] Loss:15.6691 Wing:15.3217 Bone:173.7067
Epoch [12/100] Step [20/1290] Loss:15.9242 Wing:15.6805 Bone:121.8919
Epoch [12/100] Step [40/1290] Loss:15.8154 Wing:15.3512 Bone:232.0873
Epoch [12/100] Step [60/1290] Loss:15.6599 Wing:15.2718 Bone:194.0386
Epoch [12/100] Step [80/1290] Loss:15.7657 Wing:15.4520 Bone:156.8265
Epoch [12/100] Step [100/1290] Loss:15.5564 Wing:15.2068 Bone:174.8154
Epoch [12/100] Step [120/1290] Loss:16.5592 Wing:15.8508 Bone:354.2271
Epoch [12/100] Step [140/1290] Loss:15.2452 Wing:14.9435 Bone:150.8522
Epoch [12/100] Step [160/1290] Loss:17.8655 Wing:17.4073 Bone:229.0893
Epoch [12/100] Step [180/1290] Loss:16.8745 Wing:16.4487 Bone:212.8549
Epoch [12/100] Step [200/1290] Loss:12.3054 Wing:12.1434 Bone:80.9744
Epoch [12/100] Step [220/1290] Loss:18.2362 Wing:17.7471 Bone:244.5529
Epoch [12/100] Step [240/1290] Loss:15.6398 Wing:15.2536 Bone:193.0852
Epoch [12/100] Step [260/1290] Loss:15.1794 Wing:14.7445 Bone:217.4784
Epoch [12/100] Step [280/1290] Loss:14.0944 Wing:13.8037 Bone:145.3489
Epoch [12/100] Step [300/1290] Loss:14.1007 Wing:13.8538 Bone:123.4282
Epoch [12/100] Step [320/1290] Loss:14.5368 Wing:14.1832 Bone:176.8140
Epoch [12/100] Step [340/1290] Loss:16.9565 Wing:16.3747 Bone:290.9045
Epoch [12/100] Step [360/1290] Loss:14.7694 Wing:14.4977 Bone:135.8647
Epoch [12/100] Step [380/1290] Loss:16.9789 Wing:16.5912 Bone:193.8448
Epoch [12/100] Step [400/1290] Loss:14.7933 Wing:14.4210 Bone:186.1629
Epoch [12/100] Step [420/1290] Loss:14.9191 Wing:14.5621 Bone:178.4975
Epoch [12/100] Step [440/1290] Loss:16.2746 Wing:15.9386 Bone:167.9746
Epoch [12/100] Step [460/1290] Loss:16.6890 Wing:16.2341 Bone:227.4612
Epoch [12/100] Step [480/1290] Loss:19.4937 Wing:18.8102 Bone:341.7350
Epoch [12/100] Step [500/1290] Loss:15.0004 Wing:14.6248 Bone:187.8372
Epoch [12/100] Step [520/1290] Loss:14.2870 Wing:13.9327 Bone:177.1585
Epoch [12/100] Step [540/1290] Loss:15.0185 Wing:14.6780 Bone:170.2298
Epoch [12/100] Step [560/1290] Loss:15.3029 Wing:15.0372 Bone:132.8276
Epoch [12/100] Step [580/1290] Loss:14.9461 Wing:14.5733 Bone:186.4209
Epoch [12/100] Step [600/1290] Loss:15.0083 Wing:14.6451 Bone:181.6044
Epoch [12/100] Step [620/1290] Loss:19.0611 Wing:17.6341 Bone:713.5085
Epoch [12/100] Step [640/1290] Loss:13.2818 Wing:13.0756 Bone:103.0715
Epoch [12/100] Step [660/1290] Loss:15.8262 Wing:15.3419 Bone:242.1561
Epoch [12/100] Step [680/1290] Loss:16.0249 Wing:15.6019 Bone:211.5115
Epoch [12/100] Step [700/1290] Loss:14.2048 Wing:14.0414 Bone:81.7179
Epoch [12/100] Step [720/1290] Loss:17.0919 Wing:16.2490 Bone:421.4622
Epoch [12/100] Step [740/1290] Loss:14.8253 Wing:14.3812 Bone:222.0447
Epoch [12/100] Step [760/1290] Loss:14.1651 Wing:13.8964 Bone:134.3473
Epoch [12/100] Step [780/1290] Loss:13.6140 Wing:13.3063 Bone:153.8433
Epoch [12/100] Step [800/1290] Loss:14.4396 Wing:14.1686 Bone:135.5033
Epoch [12/100] Step [820/1290] Loss:15.4933 Wing:15.1010 Bone:196.1742
Epoch [12/100] Step [840/1290] Loss:15.3092 Wing:14.9585 Bone:175.3490
Epoch [12/100] Step [860/1290] Loss:15.4254 Wing:15.1208 Bone:152.2997
Epoch [12/100] Step [880/1290] Loss:14.6730 Wing:14.3888 Bone:142.0710
Epoch [12/100] Step [900/1290] Loss:14.5011 Wing:14.1682 Bone:166.4422
Epoch [12/100] Step [920/1290] Loss:17.5701 Wing:17.2595 Bone:155.2967
Epoch [12/100] Step [940/1290] Loss:16.6958 Wing:16.3792 Bone:158.3220
Epoch [12/100] Step [960/1290] Loss:15.3413 Wing:15.0163 Bone:162.5053
Epoch [12/100] Step [980/1290] Loss:14.6241 Wing:14.2685 Bone:177.7746
Epoch [12/100] Step [1000/1290] Loss:15.1039 Wing:14.7807 Bone:161.5896
Epoch [12/100] Step [1020/1290] Loss:16.1919 Wing:15.6400 Bone:275.9521
Epoch [12/100] Step [1040/1290] Loss:16.3983 Wing:16.0087 Bone:194.7956
Epoch [12/100] Step [1060/1290] Loss:17.7624 Wing:17.2015 Bone:280.4904
Epoch [12/100] Step [1080/1290] Loss:19.2987 Wing:18.5965 Bone:351.1045
Epoch [12/100] Step [1100/1290] Loss:17.9397 Wing:17.3668 Bone:286.4152
Epoch [12/100] Step [1120/1290] Loss:14.4794 Wing:14.0843 Bone:197.5641
Epoch [12/100] Step [1140/1290] Loss:17.2732 Wing:16.4413 Bone:415.9851
Epoch [12/100] Step [1160/1290] Loss:15.7814 Wing:15.3454 Bone:217.9656
Epoch [12/100] Step [1180/1290] Loss:17.6979 Wing:17.0759 Bone:311.0271
Epoch [12/100] Step [1200/1290] Loss:14.2225 Wing:13.9918 Bone:115.3929
Epoch [12/100] Step [1220/1290] Loss:17.8384 Wing:17.3653 Bone:236.5697
Epoch [12/100] Step [1240/1290] Loss:16.2472 Wing:15.6849 Bone:281.1396
Epoch [12/100] Step [1260/1290] Loss:15.1735 Wing:14.7874 Bone:193.0790
Epoch [12/100] Step [1280/1290] Loss:15.6907 Wing:15.3088 Bone:190.9285
===> Epoch 12 | Loss:15.7597 | Wing:15.3753 | Bone:192.1970 | LR:9.65e-05 | 543.9s/epoch (1290 steps)
    Peak CUDA memory allocated so far: 1372.4 MB
Epoch [13/100] Step [0/1290] Loss:15.2074 Wing:14.7451 Bone:231.1686
Epoch [13/100] Step [20/1290] Loss:15.1797 Wing:14.8093 Bone:185.2079
Epoch [13/100] Step [40/1290] Loss:16.7736 Wing:16.3518 Bone:210.8906
Epoch [13/100] Step [60/1290] Loss:15.4054 Wing:15.0969 Bone:154.2510
Epoch [13/100] Step [80/1290] Loss:13.9064 Wing:13.5771 Bone:164.6783
Epoch [13/100] Step [100/1290] Loss:16.1085 Wing:15.7150 Bone:196.7559
Epoch [13/100] Step [120/1290] Loss:14.9794 Wing:14.6676 Bone:155.9139
Epoch [13/100] Step [140/1290] Loss:17.3641 Wing:16.8656 Bone:249.2557
Epoch [13/100] Step [160/1290] Loss:16.7097 Wing:16.2478 Bone:230.9647
Epoch [13/100] Step [180/1290] Loss:14.0851 Wing:13.7305 Bone:177.3243
Epoch [13/100] Step [200/1290] Loss:15.4835 Wing:15.1274 Bone:178.0145
Epoch [13/100] Step [220/1290] Loss:15.1504 Wing:14.8745 Bone:137.9066
Epoch [13/100] Step [240/1290] Loss:13.9814 Wing:13.6874 Bone:147.0342
Epoch [13/100] Step [260/1290] Loss:14.7455 Wing:14.4484 Bone:148.5398
Epoch [13/100] Step [280/1290] Loss:14.5361 Wing:14.2696 Bone:133.2480
Epoch [13/100] Step [300/1290] Loss:14.0031 Wing:13.7448 Bone:129.1381
Epoch [13/100] Step [320/1290] Loss:15.7516 Wing:15.3123 Bone:219.6627
Epoch [13/100] Step [340/1290] Loss:14.3928 Wing:14.1033 Bone:144.7330
Epoch [13/100] Step [360/1290] Loss:15.3365 Wing:14.9319 Bone:202.2869
Epoch [13/100] Step [380/1290] Loss:14.0998 Wing:13.8236 Bone:138.1067
Epoch [13/100] Step [400/1290] Loss:15.5751 Wing:15.1946 Bone:190.2764
Epoch [13/100] Step [420/1290] Loss:14.9332 Wing:14.6308 Bone:151.1572
Epoch [13/100] Step [440/1290] Loss:15.0175 Wing:14.7393 Bone:139.1234
Epoch [13/100] Step [460/1290] Loss:14.5694 Wing:14.2583 Bone:155.5326
Epoch [13/100] Step [480/1290] Loss:17.4149 Wing:16.9554 Bone:229.7287
Epoch [13/100] Step [500/1290] Loss:14.4577 Wing:14.0770 Bone:190.3857
Epoch [13/100] Step [520/1290] Loss:15.7307 Wing:15.2867 Bone:221.9823
Epoch [13/100] Step [540/1290] Loss:16.2012 Wing:15.9068 Bone:147.1608
Epoch [13/100] Step [560/1290] Loss:15.0401 Wing:14.7523 Bone:143.8754
Epoch [13/100] Step [580/1290] Loss:13.8032 Wing:13.5900 Bone:106.5828
Epoch [13/100] Step [600/1290] Loss:14.6455 Wing:14.3949 Bone:125.3022
Epoch [13/100] Step [620/1290] Loss:14.4075 Wing:14.1628 Bone:122.3504
Epoch [13/100] Step [640/1290] Loss:14.6904 Wing:14.4785 Bone:105.9459
Epoch [13/100] Step [660/1290] Loss:17.1762 Wing:16.7451 Bone:215.5774
Epoch [13/100] Step [680/1290] Loss:14.5509 Wing:14.2076 Bone:171.6908
Epoch [13/100] Step [700/1290] Loss:14.3008 Wing:14.0554 Bone:122.6859
Epoch [13/100] Step [720/1290] Loss:18.9211 Wing:18.2414 Bone:339.8389
Epoch [13/100] Step [740/1290] Loss:16.8638 Wing:16.4149 Bone:224.4877
Epoch [13/100] Step [760/1290] Loss:15.4711 Wing:15.1420 Bone:164.5070
Epoch [13/100] Step [780/1290] Loss:13.0960 Wing:12.8887 Bone:103.6495
Epoch [13/100] Step [800/1290] Loss:15.1192 Wing:14.7878 Bone:165.7137
Epoch [13/100] Step [820/1290] Loss:16.0256 Wing:15.6339 Bone:195.8335
Epoch [13/100] Step [840/1290] Loss:15.8520 Wing:15.5133 Bone:169.3689
Epoch [13/100] Step [860/1290] Loss:15.7712 Wing:15.3776 Bone:196.8075
Epoch [13/100] Step [880/1290] Loss:14.4686 Wing:14.1651 Bone:151.7491
Epoch [13/100] Step [900/1290] Loss:17.1135 Wing:16.6285 Bone:242.4932
Epoch [13/100] Step [920/1290] Loss:15.3762 Wing:14.9530 Bone:211.5831
Epoch [13/100] Step [940/1290] Loss:13.9338 Wing:13.6554 Bone:139.1714
Epoch [13/100] Step [960/1290] Loss:16.1824 Wing:15.7918 Bone:195.3098
Epoch [13/100] Step [980/1290] Loss:14.4773 Wing:14.2038 Bone:136.7731
Epoch [13/100] Step [1000/1290] Loss:15.2830 Wing:15.0067 Bone:138.1632
Epoch [13/100] Step [1020/1290] Loss:13.7948 Wing:13.5516 Bone:121.6095
Epoch [13/100] Step [1040/1290] Loss:15.8221 Wing:15.3702 Bone:225.9296
Epoch [13/100] Step [1060/1290] Loss:15.1265 Wing:14.7474 Bone:189.5127
Epoch [13/100] Step [1080/1290] Loss:16.2116 Wing:15.7499 Bone:230.8772
Epoch [13/100] Step [1100/1290] Loss:16.7277 Wing:16.3114 Bone:208.1369
Epoch [13/100] Step [1120/1290] Loss:15.1339 Wing:14.7911 Bone:171.3636
Epoch [13/100] Step [1140/1290] Loss:13.8785 Wing:13.7031 Bone:87.6978
Epoch [13/100] Step [1160/1290] Loss:15.2340 Wing:14.8779 Bone:178.0080
Epoch [13/100] Step [1180/1290] Loss:17.2971 Wing:16.9090 Bone:194.0292
Epoch [13/100] Step [1200/1290] Loss:16.3098 Wing:15.9830 Bone:163.4010
Epoch [13/100] Step [1220/1290] Loss:18.7460 Wing:18.1143 Bone:315.8373
Epoch [13/100] Step [1240/1290] Loss:18.0520 Wing:17.5695 Bone:241.2371
Epoch [13/100] Step [1260/1290] Loss:16.4810 Wing:15.9435 Bone:268.7086
Epoch [13/100] Step [1280/1290] Loss:15.1479 Wing:14.8534 Bone:147.2620
===> Epoch 13 | Loss:15.5005 | Wing:15.1323 | Bone:184.0974 | LR:9.59e-05 | 548.3s/epoch (1290 steps)
    Peak CUDA memory allocated so far: 1372.4 MB
Epoch [14/100] Step [0/1290] Loss:13.9238 Wing:13.6655 Bone:129.1180
Epoch [14/100] Step [20/1290] Loss:15.3513 Wing:14.9243 Bone:213.5178
Epoch [14/100] Step [40/1290] Loss:17.0189 Wing:16.6699 Bone:174.4602
Epoch [14/100] Step [60/1290] Loss:15.8629 Wing:15.4897 Bone:186.6295
Epoch [14/100] Step [80/1290] Loss:14.3077 Wing:14.0844 Bone:111.6148
Epoch [14/100] Step [100/1290] Loss:14.7198 Wing:14.5102 Bone:104.8081
Epoch [14/100] Step [120/1290] Loss:15.0288 Wing:14.6968 Bone:165.9817
Epoch [14/100] Step [140/1290] Loss:14.3099 Wing:13.9732 Bone:168.3435
Epoch [14/100] Step [160/1290] Loss:17.0997 Wing:16.6692 Bone:215.2614
Epoch [14/100] Step [180/1290] Loss:15.3202 Wing:14.9743 Bone:172.9409
Epoch [14/100] Step [200/1290] Loss:14.7697 Wing:14.4930 Bone:138.3387
Epoch [14/100] Step [220/1290] Loss:16.8662 Wing:16.5622 Bone:151.9684
Epoch [14/100] Step [240/1290] Loss:14.4812 Wing:14.2314 Bone:124.8689
Epoch [14/100] Step [260/1290] Loss:15.8136 Wing:15.3358 Bone:238.8879
Epoch [14/100] Step [280/1290] Loss:14.7663 Wing:14.2490 Bone:258.6884
Epoch [14/100] Step [300/1290] Loss:14.6039 Wing:14.3181 Bone:142.8960
Epoch [14/100] Step [320/1290] Loss:15.8990 Wing:15.5480 Bone:175.5172
Epoch [14/100] Step [340/1290] Loss:15.1148 Wing:14.7287 Bone:193.0664
Epoch [14/100] Step [360/1290] Loss:16.1176 Wing:15.7721 Bone:172.7258
Epoch [14/100] Step [380/1290] Loss:15.9789 Wing:15.5153 Bone:231.7723
Epoch [14/100] Step [400/1290] Loss:17.2739 Wing:16.9301 Bone:171.9363
Epoch [14/100] Step [420/1290] Loss:13.9676 Wing:13.7442 Bone:111.7013
Epoch [14/100] Step [440/1290] Loss:17.7219 Wing:17.0201 Bone:350.8924
Epoch [14/100] Step [460/1290] Loss:15.6051 Wing:15.1453 Bone:229.8967
Epoch [14/100] Step [480/1290] Loss:13.1586 Wing:12.9013 Bone:128.6681
Epoch [14/100] Step [500/1290] Loss:15.2327 Wing:14.9268 Bone:152.9252
Epoch [14/100] Step [520/1290] Loss:17.2180 Wing:16.8151 Bone:201.4078
Epoch [14/100] Step [540/1290] Loss:15.3952 Wing:14.9259 Bone:234.6813
Epoch [14/100] Step [560/1290] Loss:14.9453 Wing:14.6444 Bone:150.4636
Epoch [14/100] Step [580/1290] Loss:14.6354 Wing:14.2413 Bone:197.0759
Epoch [14/100] Step [600/1290] Loss:16.1777 Wing:15.7949 Bone:191.3878
Epoch [14/100] Step [620/1290] Loss:16.2980 Wing:15.9264 Bone:185.7977
Epoch [14/100] Step [640/1290] Loss:15.1948 Wing:14.9540 Bone:120.3956
Epoch [14/100] Step [660/1290] Loss:14.6720 Wing:14.3374 Bone:167.3023
Epoch [14/100] Step [680/1290] Loss:15.5609 Wing:15.1765 Bone:192.1887
Epoch [14/100] Step [700/1290] Loss:13.9207 Wing:13.6740 Bone:123.3450
Epoch [14/100] Step [720/1290] Loss:14.7011 Wing:14.4292 Bone:135.9463
Epoch [14/100] Step [740/1290] Loss:15.2291 Wing:14.9194 Bone:154.8490
Epoch [14/100] Step [760/1290] Loss:13.2849 Wing:13.0230 Bone:130.9527
Epoch [14/100] Step [780/1290] Loss:14.5193 Wing:14.1736 Bone:172.8190
Epoch [14/100] Step [800/1290] Loss:17.2593 Wing:16.7823 Bone:238.4561
Epoch [14/100] Step [820/1290] Loss:15.0965 Wing:14.8504 Bone:123.0894
Epoch [14/100] Step [840/1290] Loss:14.0141 Wing:13.7775 Bone:118.3023
Epoch [14/100] Step [860/1290] Loss:15.2276 Wing:14.9452 Bone:141.1841
Epoch [14/100] Step [880/1290] Loss:17.2089 Wing:16.5851 Bone:311.9173
Epoch [14/100] Step [900/1290] Loss:15.6475 Wing:15.1169 Bone:265.2608
Epoch [14/100] Step [920/1290] Loss:14.2461 Wing:14.0059 Bone:120.1099
Epoch [14/100] Step [940/1290] Loss:16.3459 Wing:15.7990 Bone:273.4510
Epoch [14/100] Step [960/1290] Loss:14.3251 Wing:14.0689 Bone:128.1126
Epoch [14/100] Step [980/1290] Loss:14.7505 Wing:14.5065 Bone:122.0149
Epoch [14/100] Step [1000/1290] Loss:15.2666 Wing:14.9050 Bone:180.7843
Epoch [14/100] Step [1020/1290] Loss:16.8243 Wing:16.3105 Bone:256.9111
Epoch [14/100] Step [1040/1290] Loss:16.1993 Wing:15.9406 Bone:129.3164
Epoch [14/100] Step [1060/1290] Loss:16.6816 Wing:16.3655 Bone:158.0353
Epoch [14/100] Step [1080/1290] Loss:16.3478 Wing:15.9380 Bone:204.9160
Epoch [14/100] Step [1100/1290] Loss:13.9048 Wing:13.6971 Bone:103.8471
Epoch [14/100] Step [1120/1290] Loss:14.4961 Wing:14.1467 Bone:174.6844
Epoch [14/100] Step [1140/1290] Loss:14.6930 Wing:14.3930 Bone:149.9896
Epoch [14/100] Step [1160/1290] Loss:14.8778 Wing:14.6321 Bone:122.8736
Epoch [14/100] Step [1180/1290] Loss:15.5170 Wing:15.1692 Bone:173.8942
Epoch [14/100] Step [1200/1290] Loss:14.0462 Wing:13.7060 Bone:170.0807
Epoch [14/100] Step [1220/1290] Loss:13.7866 Wing:13.4713 Bone:157.6799
Epoch [14/100] Step [1240/1290] Loss:15.9724 Wing:15.5970 Bone:187.7299
Epoch [14/100] Step [1260/1290] Loss:15.7034 Wing:15.1997 Bone:251.8589
Epoch [14/100] Step [1280/1290] Loss:14.8646 Wing:14.5331 Bone:165.7521
===> Epoch 14 | Loss:15.3711 | Wing:15.0117 | Bone:179.7304 | LR:9.53e-05 | 824.0s/epoch (1290 steps)
    Peak CUDA memory allocated so far: 1372.4 MB
Epoch [15/100] Step [0/1290] Loss:14.4534 Wing:14.1442 Bone:154.5617
Epoch [15/100] Step [20/1290] Loss:15.5361 Wing:15.0846 Bone:225.7121
Epoch [15/100] Step [40/1290] Loss:14.9330 Wing:14.6855 Bone:123.7402
Epoch [15/100] Step [60/1290] Loss:17.1155 Wing:16.6807 Bone:217.4412
Epoch [15/100] Step [80/1290] Loss:14.1361 Wing:13.8736 Bone:131.2642
Epoch [15/100] Step [100/1290] Loss:14.0441 Wing:13.7939 Bone:125.1102
Epoch [15/100] Step [120/1290] Loss:16.9169 Wing:16.5519 Bone:182.5120
Epoch [15/100] Step [140/1290] Loss:13.7773 Wing:13.5330 Bone:122.1676
Epoch [15/100] Step [160/1290] Loss:13.5923 Wing:13.3109 Bone:140.6854
Epoch [15/100] Step [180/1290] Loss:14.8372 Wing:14.5870 Bone:125.1169
Epoch [15/100] Step [200/1290] Loss:18.1608 Wing:17.5747 Bone:293.0538
Epoch [15/100] Step [220/1290] Loss:12.0526 Wing:11.8188 Bone:116.8711
Epoch [15/100] Step [240/1290] Loss:15.2732 Wing:14.8250 Bone:224.1116
Epoch [15/100] Step [260/1290] Loss:12.3362 Wing:12.1730 Bone:81.5888
Epoch [15/100] Step [280/1290] Loss:17.3960 Wing:16.7795 Bone:308.2310
Epoch [15/100] Step [300/1290] Loss:15.6614 Wing:15.3546 Bone:153.4180
Epoch [15/100] Step [320/1290] Loss:14.6842 Wing:14.3957 Bone:144.2219
Epoch [15/100] Step [340/1290] Loss:16.4849 Wing:16.0469 Bone:219.0006
Epoch [15/100] Step [360/1290] Loss:13.5679 Wing:13.3524 Bone:107.7491
Epoch [15/100] Step [380/1290] Loss:15.0849 Wing:14.7979 Bone:143.4942
Epoch [15/100] Step [400/1290] Loss:14.9320 Wing:14.5786 Bone:176.6928
Epoch [15/100] Step [420/1290] Loss:14.9417 Wing:14.6749 Bone:133.4043
Epoch [15/100] Step [440/1290] Loss:16.1856 Wing:15.7896 Bone:198.0023
Epoch [15/100] Step [460/1290] Loss:14.3863 Wing:14.1262 Bone:130.0450
Epoch [15/100] Step [480/1290] Loss:16.8828 Wing:16.3872 Bone:247.8064
Epoch [15/100] Step [500/1290] Loss:14.3015 Wing:14.0057 Bone:147.9008
Epoch [15/100] Step [520/1290] Loss:15.2804 Wing:14.8682 Bone:206.0907
Epoch [15/100] Step [540/1290] Loss:14.2049 Wing:13.8504 Bone:177.2142
Epoch [15/100] Step [560/1290] Loss:14.2579 Wing:13.9260 Bone:165.9240
Epoch [15/100] Step [580/1290] Loss:14.6313 Wing:14.3209 Bone:155.1710
Epoch [15/100] Step [600/1290] Loss:15.1758 Wing:14.8404 Bone:167.6886
Epoch [15/100] Step [620/1290] Loss:15.2134 Wing:14.9049 Bone:154.2748
Epoch [15/100] Step [640/1290] Loss:15.2340 Wing:14.8402 Bone:196.8793
Epoch [15/100] Step [660/1290] Loss:13.8784 Wing:13.6061 Bone:136.1538
Epoch [15/100] Step [680/1290] Loss:16.2173 Wing:15.8433 Bone:187.0147
Epoch [15/100] Step [700/1290] Loss:15.0263 Wing:14.6504 Bone:187.9436
Epoch [15/100] Step [720/1290] Loss:13.6355 Wing:13.3879 Bone:123.8062
Epoch [15/100] Step [740/1290] Loss:14.0363 Wing:13.7560 Bone:140.1600
Epoch [15/100] Step [760/1290] Loss:16.1141 Wing:15.7913 Bone:161.3967
Epoch [15/100] Step [780/1290] Loss:13.4181 Wing:13.2461 Bone:85.9733
Epoch [15/100] Step [800/1290] Loss:14.1122 Wing:13.8608 Bone:125.7055
Epoch [15/100] Step [820/1290] Loss:18.9305 Wing:17.9908 Bone:469.8374
Epoch [15/100] Step [840/1290] Loss:15.8077 Wing:15.4454 Bone:181.1526
Epoch [15/100] Step [860/1290] Loss:13.2551 Wing:12.9822 Bone:136.4135
Epoch [15/100] Step [880/1290] Loss:15.8367 Wing:15.4975 Bone:169.6018
Epoch [15/100] Step [900/1290] Loss:15.1818 Wing:14.8447 Bone:168.5561
Epoch [15/100] Step [920/1290] Loss:14.7966 Wing:14.4756 Bone:160.5218
Epoch [15/100] Step [940/1290] Loss:14.9277 Wing:14.6451 Bone:141.2987
Epoch [15/100] Step [960/1290] Loss:15.1896 Wing:14.8440 Bone:172.7969
Epoch [15/100] Step [980/1290] Loss:14.3938 Wing:14.0348 Bone:179.5169
Epoch [15/100] Step [1000/1290] Loss:16.7147 Wing:16.3115 Bone:201.6307
Epoch [15/100] Step [1020/1290] Loss:14.9334 Wing:14.6099 Bone:161.7507
Epoch [15/100] Step [1040/1290] Loss:15.8549 Wing:15.4928 Bone:181.0826
Epoch [15/100] Step [1060/1290] Loss:14.1622 Wing:13.8915 Bone:135.3278
Epoch [15/100] Step [1080/1290] Loss:13.1057 Wing:12.9129 Bone:96.4072
Epoch [15/100] Step [1100/1290] Loss:13.9133 Wing:13.6108 Bone:151.2384
Epoch [15/100] Step [1120/1290] Loss:15.1052 Wing:14.7509 Bone:177.1411
Epoch [15/100] Step [1140/1290] Loss:13.9728 Wing:13.6684 Bone:152.1868
Epoch [15/100] Step [1160/1290] Loss:13.9241 Wing:13.6516 Bone:136.2652
Epoch [15/100] Step [1180/1290] Loss:14.6255 Wing:14.3400 Bone:142.7613
Epoch [15/100] Step [1200/1290] Loss:13.4894 Wing:13.2355 Bone:126.9490
Epoch [15/100] Step [1220/1290] Loss:14.6599 Wing:14.3501 Bone:154.8779
Epoch [15/100] Step [1240/1290] Loss:14.3027 Wing:14.0095 Bone:146.6194
Epoch [15/100] Step [1260/1290] Loss:16.3703 Wing:16.0665 Bone:151.9033
Epoch [15/100] Step [1280/1290] Loss:15.4814 Wing:15.1351 Bone:173.1124
===> Epoch 15 | Loss:15.0964 | Wing:14.7530 | Bone:171.6931 | LR:9.46e-05 | 827.5s/epoch (1290 steps)
    Peak CUDA memory allocated so far: 1372.4 MB
    >>> MONITOR (V2-style, rhd_test.json subset) (n=200, 7.4s) PCK@0.2: 0.9300 | AUC: 0.8536 | MPJPE: 18.92px
    >>> No improvement (1/5)
Epoch [16/100] Step [0/1290] Loss:14.7547 Wing:14.5117 Bone:121.5192
Epoch [16/100] Step [20/1290] Loss:14.6498 Wing:14.3324 Bone:158.6966
Epoch [16/100] Step [40/1290] Loss:13.9131 Wing:13.6303 Bone:141.4292
Epoch [16/100] Step [60/1290] Loss:15.0959 Wing:14.8411 Bone:127.3739
Epoch [16/100] Step [80/1290] Loss:15.1432 Wing:14.8433 Bone:149.9615
Epoch [16/100] Step [100/1290] Loss:14.0021 Wing:13.6650 Bone:168.5350
Epoch [16/100] Step [120/1290] Loss:14.7291 Wing:14.5116 Bone:108.7318
Epoch [16/100] Step [140/1290] Loss:16.7716 Wing:16.3960 Bone:187.8127
Epoch [16/100] Step [160/1290] Loss:13.3274 Wing:13.1373 Bone:95.0617
Epoch [16/100] Step [180/1290] Loss:14.3654 Wing:14.0236 Bone:170.8562
Epoch [16/100] Step [200/1290] Loss:14.4944 Wing:14.1683 Bone:163.0309
Epoch [16/100] Step [220/1290] Loss:16.0601 Wing:15.7248 Bone:167.6035
Epoch [16/100] Step [240/1290] Loss:15.8077 Wing:15.4494 Bone:179.1536
Epoch [16/100] Step [260/1290] Loss:15.0569 Wing:14.7201 Bone:168.3914
Epoch [16/100] Step [280/1290] Loss:14.0942 Wing:13.8094 Bone:142.4290
Epoch [16/100] Step [300/1290] Loss:14.8342 Wing:14.5943 Bone:119.9533
Epoch [16/100] Step [320/1290] Loss:16.6861 Wing:16.3862 Bone:149.9199
Epoch [16/100] Step [340/1290] Loss:15.9054 Wing:15.5349 Bone:185.2363
Epoch [16/100] Step [360/1290] Loss:14.7016 Wing:14.4626 Bone:119.4810
Epoch [16/100] Step [380/1290] Loss:14.5292 Wing:14.2365 Bone:146.3686
Epoch [16/100] Step [400/1290] Loss:14.4451 Wing:14.1081 Bone:168.5016
Epoch [16/100] Step [420/1290] Loss:15.3677 Wing:15.0803 Bone:143.7084
Epoch [16/100] Step [440/1290] Loss:12.9147 Wing:12.6873 Bone:113.7075
Epoch [16/100] Step [460/1290] Loss:16.4471 Wing:15.9946 Bone:226.2110
Epoch [16/100] Step [480/1290] Loss:14.9154 Wing:14.5215 Bone:196.9554
Epoch [16/100] Step [500/1290] Loss:16.4282 Wing:16.0164 Bone:205.8735
Epoch [16/100] Step [520/1290] Loss:15.2318 Wing:14.8818 Bone:174.9860
Epoch [16/100] Step [540/1290] Loss:14.4820 Wing:14.1527 Bone:164.6330
Epoch [16/100] Step [560/1290] Loss:14.4715 Wing:14.2135 Bone:129.0154
Epoch [16/100] Step [580/1290] Loss:13.3559 Wing:13.0600 Bone:147.9518
Epoch [16/100] Step [600/1290] Loss:18.2063 Wing:17.5738 Bone:316.2512
Epoch [16/100] Step [620/1290] Loss:13.6816 Wing:13.4361 Bone:122.7415
Epoch [16/100] Step [640/1290] Loss:15.4115 Wing:15.0860 Bone:162.7607
Epoch [16/100] Step [660/1290] Loss:13.8715 Wing:13.6204 Bone:125.5346
Epoch [16/100] Step [680/1290] Loss:15.8752 Wing:15.4749 Bone:200.1084
Epoch [16/100] Step [700/1290] Loss:14.1698 Wing:13.8850 Bone:142.4027
Epoch [16/100] Step [720/1290] Loss:15.7209 Wing:15.3571 Bone:181.9138
Epoch [16/100] Step [740/1290] Loss:14.1991 Wing:13.9113 Bone:143.8675
Epoch [16/100] Step [760/1290] Loss:13.6463 Wing:13.3993 Bone:123.4639
Epoch [16/100] Step [780/1290] Loss:13.2046 Wing:12.9937 Bone:105.4431
Epoch [16/100] Step [800/1290] Loss:18.3938 Wing:17.7319 Bone:330.9227
Epoch [16/100] Step [820/1290] Loss:15.0642 Wing:14.7261 Bone:169.0456
Epoch [16/100] Step [840/1290] Loss:14.3734 Wing:14.0132 Bone:180.0866
Epoch [16/100] Step [860/1290] Loss:14.4962 Wing:14.2362 Bone:129.9856
Epoch [16/100] Step [880/1290] Loss:15.0212 Wing:14.7095 Bone:155.8082
Epoch [16/100] Step [900/1290] Loss:13.1586 Wing:12.9456 Bone:106.4886
Epoch [16/100] Step [920/1290] Loss:15.8107 Wing:15.2466 Bone:282.0301
Epoch [16/100] Step [940/1290] Loss:13.4398 Wing:13.1523 Bone:143.7602
Epoch [16/100] Step [960/1290] Loss:15.4779 Wing:15.1457 Bone:166.1035
Epoch [16/100] Step [980/1290] Loss:14.2301 Wing:13.9702 Bone:129.9467
Epoch [16/100] Step [1000/1290] Loss:16.2935 Wing:15.8129 Bone:240.2922
Epoch [16/100] Step [1020/1290] Loss:18.2157 Wing:17.6893 Bone:263.2051
Epoch [16/100] Step [1040/1290] Loss:14.4444 Wing:14.1580 Bone:143.1782
Epoch [16/100] Step [1060/1290] Loss:14.3325 Wing:13.9518 Bone:190.3302
Epoch [16/100] Step [1080/1290] Loss:14.1331 Wing:13.8892 Bone:121.9250
Epoch [16/100] Step [1100/1290] Loss:15.3466 Wing:14.9943 Bone:176.1240
Epoch [16/100] Step [1120/1290] Loss:15.9624 Wing:15.6716 Bone:145.3640
Epoch [16/100] Step [1140/1290] Loss:15.0939 Wing:14.8218 Bone:136.0182
Epoch [16/100] Step [1160/1290] Loss:16.5787 Wing:16.2696 Bone:154.5511
Epoch [16/100] Step [1180/1290] Loss:15.5408 Wing:15.2801 Bone:130.3614
Epoch [16/100] Step [1200/1290] Loss:14.0674 Wing:13.7947 Bone:136.3379
Epoch [16/100] Step [1220/1290] Loss:15.7375 Wing:15.2902 Bone:223.6183
Epoch [16/100] Step [1240/1290] Loss:15.3137 Wing:14.7904 Bone:261.6838
Epoch [16/100] Step [1260/1290] Loss:16.5336 Wing:15.9030 Bone:315.3304
Epoch [16/100] Step [1280/1290] Loss:16.1118 Wing:15.6320 Bone:239.8682
===> Epoch 16 | Loss:15.0055 | Wing:14.6662 | Bone:169.6537 | LR:9.39e-05 | 810.5s/epoch (1290 steps)
    Peak CUDA memory allocated so far: 1372.4 MB
Epoch [17/100] Step [0/1290] Loss:14.8145 Wing:14.1548 Bone:329.8535
Epoch [17/100] Step [20/1290] Loss:16.2782 Wing:15.6361 Bone:321.0483
Epoch [17/100] Step [40/1290] Loss:14.3951 Wing:14.0417 Bone:176.6957
Epoch [17/100] Step [60/1290] Loss:13.7377 Wing:13.4971 Bone:120.2951
Epoch [17/100] Step [80/1290] Loss:14.0465 Wing:13.8362 Bone:105.1337
Epoch [17/100] Step [100/1290] Loss:13.0163 Wing:12.7915 Bone:112.3970
Epoch [17/100] Step [120/1290] Loss:14.3517 Wing:14.1517 Bone:100.0041
Epoch [17/100] Step [140/1290] Loss:14.9030 Wing:14.6238 Bone:139.5784
Epoch [17/100] Step [160/1290] Loss:13.0952 Wing:12.8538 Bone:120.7247
Epoch [17/100] Step [180/1290] Loss:13.5732 Wing:13.3316 Bone:120.8427
Epoch [17/100] Step [200/1290] Loss:14.2916 Wing:13.9354 Bone:178.1125
Epoch [17/100] Step [220/1290] Loss:15.7560 Wing:15.4240 Bone:166.0273
Epoch [17/100] Step [240/1290] Loss:15.2458 Wing:14.9461 Bone:149.8729
Epoch [17/100] Step [260/1290] Loss:16.9339 Wing:16.3614 Bone:286.2323
Epoch [17/100] Step [280/1290] Loss:14.0343 Wing:13.8172 Bone:108.5682
Epoch [17/100] Step [300/1290] Loss:16.5110 Wing:16.1583 Bone:176.3249
Epoch [17/100] Step [320/1290] Loss:14.2664 Wing:13.9134 Bone:176.4590
Epoch [17/100] Step [340/1290] Loss:14.7851 Wing:14.3883 Bone:198.3871
Epoch [17/100] Step [360/1290] Loss:14.0510 Wing:13.7554 Bone:147.7637
Epoch [17/100] Step [380/1290] Loss:14.9002 Wing:14.4921 Bone:204.0839
Epoch [17/100] Step [400/1290] Loss:15.9579 Wing:15.5941 Bone:181.8781
Epoch [17/100] Step [420/1290] Loss:13.8014 Wing:13.5577 Bone:121.8465
Epoch [17/100] Step [440/1290] Loss:13.9047 Wing:13.6716 Bone:116.5203
Epoch [17/100] Step [460/1290] Loss:14.4432 Wing:14.1931 Bone:125.0270
Epoch [17/100] Step [480/1290] Loss:14.1698 Wing:13.8639 Bone:152.9213
Epoch [17/100] Step [500/1290] Loss:16.7707 Wing:16.2163 Bone:277.1982
Epoch [17/100] Step [520/1290] Loss:17.8874 Wing:17.4069 Bone:240.2670
Epoch [17/100] Step [540/1290] Loss:14.9047 Wing:14.5752 Bone:164.7808
Epoch [17/100] Step [560/1290] Loss:13.3101 Wing:13.1089 Bone:100.5972
Epoch [17/100] Step [580/1290] Loss:15.0447 Wing:14.7058 Bone:169.4482
Epoch [17/100] Step [600/1290] Loss:14.7373 Wing:14.4666 Bone:135.3513
Epoch [17/100] Step [620/1290] Loss:13.7956 Wing:13.5700 Bone:112.7799
Epoch [17/100] Step [640/1290] Loss:14.0427 Wing:13.7478 Bone:147.4550
Epoch [17/100] Step [660/1290] Loss:15.1435 Wing:14.8407 Bone:151.3978
Epoch [17/100] Step [680/1290] Loss:15.0541 Wing:14.7548 Bone:149.6532
Epoch [17/100] Step [700/1290] Loss:14.4407 Wing:14.1918 Bone:124.4411
Epoch [17/100] Step [720/1290] Loss:13.7351 Wing:13.4983 Bone:118.4203
Epoch [17/100] Step [740/1290] Loss:13.8426 Wing:13.6040 Bone:119.2666
Epoch [17/100] Step [760/1290] Loss:13.7816 Wing:13.5223 Bone:129.6953
Epoch [17/100] Step [780/1290] Loss:13.5039 Wing:13.2558 Bone:124.0423
Epoch [17/100] Step [800/1290] Loss:16.4241 Wing:15.9690 Bone:227.5227
Epoch [17/100] Step [820/1290] Loss:15.9359 Wing:15.4069 Bone:264.4618
Epoch [17/100] Step [840/1290] Loss:14.6358 Wing:14.3868 Bone:124.5003
Epoch [17/100] Step [860/1290] Loss:14.3614 Wing:14.0443 Bone:158.5341
Epoch [17/100] Step [880/1290] Loss:16.6088 Wing:15.9912 Bone:308.8239
Epoch [17/100] Step [900/1290] Loss:20.3282 Wing:19.7763 Bone:275.9698
Epoch [17/100] Step [920/1290] Loss:14.1804 Wing:13.8050 Bone:187.6687
Epoch [17/100] Step [940/1290] Loss:17.5261 Wing:17.1212 Bone:202.4683
Epoch [17/100] Step [960/1290] Loss:15.0951 Wing:14.7684 Bone:163.3716
Epoch [17/100] Step [980/1290] Loss:15.2441 Wing:14.7820 Bone:231.0213
Epoch [17/100] Step [1000/1290] Loss:18.6792 Wing:18.0525 Bone:313.3228
Epoch [17/100] Step [1020/1290] Loss:14.5466 Wing:14.3008 Bone:122.9431
Epoch [17/100] Step [1040/1290] Loss:15.5395 Wing:15.1737 Bone:182.8934
Epoch [17/100] Step [1060/1290] Loss:13.3856 Wing:13.1215 Bone:132.0621
Epoch [17/100] Step [1080/1290] Loss:13.4367 Wing:13.2730 Bone:81.8481
Epoch [17/100] Step [1100/1290] Loss:14.3468 Wing:13.9946 Bone:176.1250
Epoch [17/100] Step [1120/1290] Loss:13.2356 Wing:12.9906 Bone:122.5332
Epoch [17/100] Step [1140/1290] Loss:16.3320 Wing:15.9303 Bone:200.8559
Epoch [17/100] Step [1160/1290] Loss:14.2271 Wing:13.9384 Bone:144.3577
Epoch [17/100] Step [1180/1290] Loss:13.7023 Wing:13.4381 Bone:132.1152
Epoch [17/100] Step [1200/1290] Loss:13.2596 Wing:13.0250 Bone:117.3019
Epoch [17/100] Step [1220/1290] Loss:13.5581 Wing:13.2935 Bone:132.2989
Epoch [17/100] Step [1240/1290] Loss:16.8284 Wing:16.3855 Bone:221.4070
Epoch [17/100] Step [1260/1290] Loss:13.8106 Wing:13.5650 Bone:122.7824
Epoch [17/100] Step [1280/1290] Loss:14.5807 Wing:14.2964 Bone:142.1391
===> Epoch 17 | Loss:14.8481 | Wing:14.5151 | Bone:166.5218 | LR:9.31e-05 | 768.1s/epoch (1290 steps)
    Peak CUDA memory allocated so far: 1372.4 MB
Epoch [18/100] Step [0/1290] Loss:16.1795 Wing:15.7558 Bone:211.8378
Epoch [18/100] Step [20/1290] Loss:13.4184 Wing:13.1275 Bone:145.4602
Epoch [18/100] Step [40/1290] Loss:15.1525 Wing:14.7685 Bone:192.0316
Epoch [18/100] Step [60/1290] Loss:14.2608 Wing:14.0159 Bone:122.4558
Epoch [18/100] Step [80/1290] Loss:14.9838 Wing:14.6260 Bone:178.8972
Epoch [18/100] Step [100/1290] Loss:12.7420 Wing:12.5466 Bone:97.7120
Epoch [18/100] Step [120/1290] Loss:15.7812 Wing:15.4666 Bone:157.2735
Epoch [18/100] Step [140/1290] Loss:15.0396 Wing:14.6602 Bone:189.6752
Epoch [18/100] Step [160/1290] Loss:13.8852 Wing:13.5042 Bone:190.5045
Epoch [18/100] Step [180/1290] Loss:14.0315 Wing:13.7901 Bone:120.7316
Epoch [18/100] Step [200/1290] Loss:15.3817 Wing:14.9658 Bone:207.9495
Epoch [18/100] Step [220/1290] Loss:16.7310 Wing:16.2238 Bone:253.6258
Epoch [18/100] Step [240/1290] Loss:14.0870 Wing:13.7914 Bone:147.8054
Epoch [18/100] Step [260/1290] Loss:15.4532 Wing:14.9860 Bone:233.6101
Epoch [18/100] Step [280/1290] Loss:16.2241 Wing:15.8203 Bone:201.9078
Epoch [18/100] Step [300/1290] Loss:15.4901 Wing:15.0489 Bone:220.6163
Epoch [18/100] Step [320/1290] Loss:15.1368 Wing:14.7656 Bone:185.5843
Epoch [18/100] Step [340/1290] Loss:15.5417 Wing:15.2684 Bone:136.6834
Epoch [18/100] Step [360/1290] Loss:13.4587 Wing:13.2645 Bone:97.1319
Epoch [18/100] Step [380/1290] Loss:13.7255 Wing:13.5077 Bone:108.9453
Epoch [18/100] Step [400/1290] Loss:14.6700 Wing:14.1911 Bone:239.4313
Epoch [18/100] Step [420/1290] Loss:13.1177 Wing:12.9204 Bone:98.6641
Epoch [18/100] Step [440/1290] Loss:15.1392 Wing:14.8336 Bone:152.8455
Epoch [18/100] Step [460/1290] Loss:13.9773 Wing:13.6842 Bone:146.5722
Epoch [18/100] Step [480/1290] Loss:13.9561 Wing:13.7313 Bone:112.3948
Epoch [18/100] Step [500/1290] Loss:14.8913 Wing:14.5792 Bone:156.0513
Epoch [18/100] Step [520/1290] Loss:15.9992 Wing:15.5778 Bone:210.7194
Epoch [18/100] Step [540/1290] Loss:12.7921 Wing:12.5788 Bone:106.6202
Epoch [18/100] Step [560/1290] Loss:14.4325 Wing:14.1681 Bone:132.1721
Epoch [18/100] Step [580/1290] Loss:14.0857 Wing:13.8128 Bone:136.4579
Epoch [18/100] Step [600/1290] Loss:18.9656 Wing:18.5084 Bone:228.5887
Epoch [18/100] Step [620/1290] Loss:13.2842 Wing:13.1292 Bone:77.5070
Epoch [18/100] Step [640/1290] Loss:12.7461 Wing:12.5448 Bone:100.6558
Epoch [18/100] Step [660/1290] Loss:13.4691 Wing:13.1918 Bone:138.6815
Epoch [18/100] Step [680/1290] Loss:13.5537 Wing:13.3129 Bone:120.4352
Epoch [18/100] Step [700/1290] Loss:12.7929 Wing:12.6096 Bone:91.6640
Epoch [18/100] Step [720/1290] Loss:13.9721 Wing:13.6467 Bone:162.6653
Epoch [18/100] Step [740/1290] Loss:15.4828 Wing:15.1140 Bone:184.4151
Epoch [18/100] Step [760/1290] Loss:14.2336 Wing:13.9865 Bone:123.5684
Epoch [18/100] Step [780/1290] Loss:14.6821 Wing:14.2846 Bone:198.7435
Epoch [18/100] Step [800/1290] Loss:14.5622 Wing:14.2663 Bone:147.9536
Epoch [18/100] Step [820/1290] Loss:13.4820 Wing:13.3031 Bone:89.4470
Epoch [18/100] Step [840/1290] Loss:16.5118 Wing:16.0151 Bone:248.3381
Epoch [18/100] Step [860/1290] Loss:13.7379 Wing:13.4800 Bone:128.9530
Epoch [18/100] Step [880/1290] Loss:13.1617 Wing:12.9000 Bone:130.8554
Epoch [18/100] Step [900/1290] Loss:14.4697 Wing:14.1554 Bone:157.1294
Epoch [18/100] Step [920/1290] Loss:12.1226 Wing:11.9566 Bone:82.9977
Epoch [18/100] Step [940/1290] Loss:13.6627 Wing:13.4243 Bone:119.2019
Epoch [18/100] Step [960/1290] Loss:12.8217 Wing:12.6185 Bone:101.5972
Epoch [18/100] Step [980/1290] Loss:14.3163 Wing:14.0400 Bone:138.1514
Epoch [18/100] Step [1000/1290] Loss:15.1582 Wing:14.8242 Bone:166.9916
Epoch [18/100] Step [1020/1290] Loss:16.2948 Wing:15.7903 Bone:252.2543
Epoch [18/100] Step [1040/1290] Loss:14.6901 Wing:14.3141 Bone:187.9957
Epoch [18/100] Step [1060/1290] Loss:14.1138 Wing:13.8183 Bone:147.7430
Epoch [18/100] Step [1080/1290] Loss:16.0044 Wing:15.5518 Bone:226.2829
Epoch [18/100] Step [1100/1290] Loss:15.3748 Wing:15.0696 Bone:152.6250
Epoch [18/100] Step [1120/1290] Loss:14.6738 Wing:14.3501 Bone:161.8574
Epoch [18/100] Step [1140/1290] Loss:13.9656 Wing:13.7466 Bone:109.4838
Epoch [18/100] Step [1160/1290] Loss:13.7292 Wing:13.4256 Bone:151.7801
Epoch [18/100] Step [1180/1290] Loss:15.5124 Wing:15.1681 Bone:172.1382
Epoch [18/100] Step [1200/1290] Loss:13.7299 Wing:13.5357 Bone:97.1185
Epoch [18/100] Step [1220/1290] Loss:17.7606 Wing:17.2660 Bone:247.3260
Epoch [18/100] Step [1240/1290] Loss:14.1247 Wing:13.8795 Bone:122.5637
Epoch [18/100] Step [1260/1290] Loss:16.9040 Wing:16.5460 Bone:179.0193
Epoch [18/100] Step [1280/1290] Loss:14.6110 Wing:14.3834 Bone:113.8438
===> Epoch 18 | Loss:14.6961 | Wing:14.3729 | Bone:161.5934 | LR:9.23e-05 | 773.8s/epoch (1290 steps)
    Peak CUDA memory allocated so far: 1372.4 MB
Epoch [19/100] Step [0/1290] Loss:14.4278 Wing:14.1095 Bone:159.1362
Epoch [19/100] Step [20/1290] Loss:14.5550 Wing:14.2391 Bone:157.9462
Epoch [19/100] Step [40/1290] Loss:14.9123 Wing:14.6302 Bone:141.0511
Epoch [19/100] Step [60/1290] Loss:14.2198 Wing:13.9553 Bone:132.2707
Epoch [19/100] Step [80/1290] Loss:14.9176 Wing:14.6332 Bone:142.1872
Epoch [19/100] Step [100/1290] Loss:14.1781 Wing:13.9324 Bone:122.8425
Epoch [19/100] Step [120/1290] Loss:14.6488 Wing:14.3559 Bone:146.4328
Epoch [19/100] Step [140/1290] Loss:14.6062 Wing:14.3445 Bone:130.8610
Epoch [19/100] Step [160/1290] Loss:14.4099 Wing:14.0239 Bone:192.9837
Epoch [19/100] Step [180/1290] Loss:16.2129 Wing:15.6771 Bone:267.8818
Epoch [19/100] Step [200/1290] Loss:13.0723 Wing:12.8246 Bone:123.8732
Epoch [19/100] Step [220/1290] Loss:15.5659 Wing:15.2445 Bone:160.6868
Epoch [19/100] Step [240/1290] Loss:14.1085 Wing:13.8783 Bone:115.1015
Epoch [19/100] Step [260/1290] Loss:17.7193 Wing:16.9151 Bone:402.0822
Epoch [19/100] Step [280/1290] Loss:14.8698 Wing:14.5015 Bone:184.1582
Epoch [19/100] Step [300/1290] Loss:15.3561 Wing:14.9737 Bone:191.1822
Epoch [19/100] Step [320/1290] Loss:14.7620 Wing:14.5246 Bone:118.7071
Epoch [19/100] Step [340/1290] Loss:14.5102 Wing:14.2220 Bone:144.0934
Epoch [19/100] Step [360/1290] Loss:15.2394 Wing:14.9471 Bone:146.1531
Epoch [19/100] Step [380/1290] Loss:14.1926 Wing:13.9259 Bone:133.3285
Epoch [19/100] Step [400/1290] Loss:15.3716 Wing:15.0471 Bone:162.2823
Epoch [19/100] Step [420/1290] Loss:12.8103 Wing:12.6053 Bone:102.4601
Epoch [19/100] Step [440/1290] Loss:13.8922 Wing:13.6553 Bone:118.4472
Epoch [19/100] Step [460/1290] Loss:14.4029 Wing:14.0551 Bone:173.9226
Epoch [19/100] Step [480/1290] Loss:13.8803 Wing:13.6265 Bone:126.9270
Epoch [19/100] Step [500/1290] Loss:15.7803 Wing:15.5051 Bone:137.5728
Epoch [19/100] Step [520/1290] Loss:14.7761 Wing:14.3974 Bone:189.3345
Epoch [19/100] Step [540/1290] Loss:14.2253 Wing:13.9715 Bone:126.8767
Epoch [19/100] Step [560/1290] Loss:14.5151 Wing:14.2088 Bone:153.1475
Epoch [19/100] Step [580/1290] Loss:12.5904 Wing:12.3842 Bone:103.1332
Epoch [19/100] Step [600/1290] Loss:15.0634 Wing:14.6374 Bone:213.0218
Epoch [19/100] Step [620/1290] Loss:17.5990 Wing:17.3227 Bone:138.1303
Epoch [19/100] Step [640/1290] Loss:18.4164 Wing:17.8288 Bone:293.7923
Epoch [19/100] Step [660/1290] Loss:13.6699 Wing:13.3973 Bone:136.2876
Epoch [19/100] Step [680/1290] Loss:15.2004 Wing:14.8976 Bone:151.3792
Epoch [19/100] Step [700/1290] Loss:13.3799 Wing:13.1580 Bone:110.9303
Epoch [19/100] Step [720/1290] Loss:15.5223 Wing:15.1504 Bone:185.9713
Epoch [19/100] Step [740/1290] Loss:14.3999 Wing:14.1293 Bone:135.2924
Epoch [19/100] Step [760/1290] Loss:15.3146 Wing:15.0388 Bone:137.9297
Epoch [19/100] Step [780/1290] Loss:14.6654 Wing:14.2487 Bone:208.3820
Epoch [19/100] Step [800/1290] Loss:13.5144 Wing:13.2911 Bone:111.6453
Epoch [19/100] Step [820/1290] Loss:14.7742 Wing:14.4610 Bone:156.6241
Epoch [19/100] Step [840/1290] Loss:14.2782 Wing:14.0465 Bone:115.8372
Epoch [19/100] Step [860/1290] Loss:15.8974 Wing:15.4820 Bone:207.6865
Epoch [19/100] Step [880/1290] Loss:12.2695 Wing:12.0774 Bone:96.0471
Epoch [19/100] Step [900/1290] Loss:13.7909 Wing:13.3996 Bone:195.6673
Epoch [19/100] Step [920/1290] Loss:13.8429 Wing:13.5775 Bone:132.6894
Epoch [19/100] Step [940/1290] Loss:13.9450 Wing:13.7036 Bone:120.7032
Epoch [19/100] Step [960/1290] Loss:14.5659 Wing:14.1868 Bone:189.5538
Epoch [19/100] Step [980/1290] Loss:16.1927 Wing:15.8840 Bone:154.3269
Epoch [19/100] Step [1000/1290] Loss:15.0819 Wing:14.8139 Bone:133.9925
Epoch [19/100] Step [1020/1290] Loss:14.2091 Wing:13.8862 Bone:161.4598
Epoch [19/100] Step [1040/1290] Loss:14.4152 Wing:14.0881 Bone:163.5364
Epoch [19/100] Step [1060/1290] Loss:14.4556 Wing:14.1538 Bone:150.9127
Epoch [19/100] Step [1080/1290] Loss:14.0216 Wing:13.7564 Bone:132.6180
Epoch [19/100] Step [1100/1290] Loss:16.9966 Wing:16.5760 Bone:210.3108
Epoch [19/100] Step [1120/1290] Loss:13.4201 Wing:13.2064 Bone:106.8407
Epoch [19/100] Step [1140/1290] Loss:12.8734 Wing:12.6687 Bone:102.3727
Epoch [19/100] Step [1160/1290] Loss:15.2276 Wing:14.8881 Bone:169.7071
Epoch [19/100] Step [1180/1290] Loss:14.3055 Wing:14.0197 Bone:142.9161
Epoch [19/100] Step [1200/1290] Loss:15.2386 Wing:14.8516 Bone:193.4827
Epoch [19/100] Step [1220/1290] Loss:16.2302 Wing:15.8380 Bone:196.1232
Epoch [19/100] Step [1240/1290] Loss:14.9819 Wing:14.6354 Bone:173.2406
Epoch [19/100] Step [1260/1290] Loss:14.6027 Wing:14.2842 Bone:159.2487
Epoch [19/100] Step [1280/1290] Loss:13.1384 Wing:12.9100 Bone:114.1921
===> Epoch 19 | Loss:14.5507 | Wing:14.2361 | Bone:157.3187 | LR:9.14e-05 | 768.1s/epoch (1290 steps)
    Peak CUDA memory allocated so far: 1372.4 MB
Epoch [20/100] Step [0/1290] Loss:14.5005 Wing:14.2816 Bone:109.4466
Epoch [20/100] Step [20/1290] Loss:12.9052 Wing:12.6889 Bone:108.1463
Epoch [20/100] Step [40/1290] Loss:16.1099 Wing:15.7732 Bone:168.3527
Epoch [20/100] Step [60/1290] Loss:15.8652 Wing:15.5848 Bone:140.1709
Epoch [20/100] Step [80/1290] Loss:12.4949 Wing:12.2664 Bone:114.2141
Epoch [20/100] Step [100/1290] Loss:14.6866 Wing:14.1869 Bone:249.8747
Epoch [20/100] Step [120/1290] Loss:14.4510 Wing:14.2164 Bone:117.3267
Epoch [20/100] Step [140/1290] Loss:12.5336 Wing:12.3712 Bone:81.2083
Epoch [20/100] Step [160/1290] Loss:14.3211 Wing:14.0271 Bone:146.9714
Epoch [20/100] Step [180/1290] Loss:15.9967 Wing:15.5534 Bone:221.6169
Epoch [20/100] Step [200/1290] Loss:14.0294 Wing:13.7670 Bone:131.1677
Epoch [20/100] Step [220/1290] Loss:14.8518 Wing:14.4104 Bone:220.6989
Epoch [20/100] Step [240/1290] Loss:13.7847 Wing:13.4402 Bone:172.2510
Epoch [20/100] Step [260/1290] Loss:13.9054 Wing:13.6731 Bone:116.1526
Epoch [20/100] Step [280/1290] Loss:15.4048 Wing:15.0461 Bone:179.3794
Epoch [20/100] Step [300/1290] Loss:15.1970 Wing:14.8616 Bone:167.6807
Epoch [20/100] Step [320/1290] Loss:15.1733 Wing:14.6571 Bone:258.0686
Epoch [20/100] Step [340/1290] Loss:13.1107 Wing:12.8825 Bone:114.1383
Epoch [20/100] Step [360/1290] Loss:15.0656 Wing:14.7699 Bone:147.8696
Epoch [20/100] Step [380/1290] Loss:14.5383 Wing:14.2968 Bone:120.7636
Epoch [20/100] Step [400/1290] Loss:15.0087 Wing:14.7052 Bone:151.7296
Epoch [20/100] Step [420/1290] Loss:12.5881 Wing:12.3515 Bone:118.2751
Epoch [20/100] Step [440/1290] Loss:12.8778 Wing:12.6174 Bone:130.2068
Epoch [20/100] Step [460/1290] Loss:13.3863 Wing:13.1635 Bone:111.3754
Epoch [20/100] Step [480/1290] Loss:13.1828 Wing:12.9153 Bone:133.7629
Epoch [20/100] Step [500/1290] Loss:13.9651 Wing:13.7503 Bone:107.4229
Epoch [20/100] Step [520/1290] Loss:12.8269 Wing:12.6468 Bone:90.0410
Epoch [20/100] Step [540/1290] Loss:13.9825 Wing:13.7404 Bone:121.0222
Epoch [20/100] Step [560/1290] Loss:16.4774 Wing:16.1807 Bone:148.3609
Epoch [20/100] Step [580/1290] Loss:17.3990 Wing:16.8087 Bone:295.1256
Epoch [20/100] Step [600/1290] Loss:17.1635 Wing:16.6957 Bone:233.8840
Epoch [20/100] Step [620/1290] Loss:12.8281 Wing:12.6302 Bone:98.9555
Epoch [20/100] Step [640/1290] Loss:12.4049 Wing:12.2083 Bone:98.3273
Epoch [20/100] Step [660/1290] Loss:13.4865 Wing:13.2718 Bone:107.3474
Epoch [20/100] Step [680/1290] Loss:11.9884 Wing:11.7941 Bone:97.1446
Epoch [20/100] Step [700/1290] Loss:14.7947 Wing:14.6002 Bone:97.2443
Epoch [20/100] Step [720/1290] Loss:15.0103 Wing:14.7173 Bone:146.4748
Epoch [20/100] Step [740/1290] Loss:14.9679 Wing:14.6309 Bone:168.5297
Epoch [20/100] Step [760/1290] Loss:14.4460 Wing:14.0531 Bone:196.4786
Epoch [20/100] Step [780/1290] Loss:16.8368 Wing:16.2905 Bone:273.1499
Epoch [20/100] Step [800/1290] Loss:13.6274 Wing:13.4233 Bone:102.0025
Epoch [20/100] Step [820/1290] Loss:15.0422 Wing:14.7923 Bone:124.9710
Epoch [20/100] Step [840/1290] Loss:14.6028 Wing:14.2042 Bone:199.2783
Epoch [20/100] Step [860/1290] Loss:15.9831 Wing:15.6384 Bone:172.3766
Epoch [20/100] Step [880/1290] Loss:13.5091 Wing:13.2910 Bone:109.0394
Epoch [20/100] Step [900/1290] Loss:13.5315 Wing:13.1890 Bone:171.2284
Epoch [20/100] Step [920/1290] Loss:13.8863 Wing:13.6467 Bone:119.8341
Epoch [20/100] Step [940/1290] Loss:16.3925 Wing:15.9211 Bone:235.7030
Epoch [20/100] Step [960/1290] Loss:13.9480 Wing:13.6093 Bone:169.3669
Epoch [20/100] Step [980/1290] Loss:15.4853 Wing:15.1247 Bone:180.3045
Epoch [20/100] Step [1000/1290] Loss:13.9852 Wing:13.6700 Bone:157.5972
Epoch [20/100] Step [1020/1290] Loss:13.3684 Wing:13.1524 Bone:107.9808
Epoch [20/100] Step [1040/1290] Loss:13.3603 Wing:13.0677 Bone:146.2920
Epoch [20/100] Step [1060/1290] Loss:13.7359 Wing:13.4655 Bone:135.1886
Epoch [20/100] Step [1080/1290] Loss:15.1479 Wing:14.8142 Bone:166.8057
Epoch [20/100] Step [1100/1290] Loss:13.5658 Wing:13.2144 Bone:175.6972
Epoch [20/100] Step [1120/1290] Loss:13.9814 Wing:13.6836 Bone:148.9079
Epoch [20/100] Step [1140/1290] Loss:15.5421 Wing:15.1245 Bone:208.8325
Epoch [20/100] Step [1160/1290] Loss:14.2138 Wing:13.9200 Bone:146.9286
Epoch [20/100] Step [1180/1290] Loss:14.1972 Wing:13.9343 Bone:131.4485
Epoch [20/100] Step [1200/1290] Loss:13.5235 Wing:13.2949 Bone:114.3344
Epoch [20/100] Step [1220/1290] Loss:13.4159 Wing:13.1203 Bone:147.8027
Epoch [20/100] Step [1240/1290] Loss:14.1786 Wing:13.9365 Bone:121.0932
Epoch [20/100] Step [1260/1290] Loss:14.9348 Wing:14.5166 Bone:209.0911
Epoch [20/100] Step [1280/1290] Loss:15.4314 Wing:15.0775 Bone:176.9634
===> Epoch 20 | Loss:14.4294 | Wing:14.1188 | Bone:155.2942 | LR:9.05e-05 | 710.7s/epoch (1290 steps)
    Peak CUDA memory allocated so far: 1372.4 MB
    Checkpoint saved: C:\Users\Bea Juliana Poquiz\Desktop\mmpose_thesis\R2-05\runs\parity_baseline\checkpoints\parity_epoch_20.pth
    >>> MONITOR (V2-style, rhd_test.json subset) (n=200, 7.0s) PCK@0.2: 0.9469 | AUC: 0.8706 | MPJPE: 16.75px
    >>> NEW BEST MONITOR (V2-style, rhd_test.json subset) PCK@0.2: 0.9469 at epoch 20
Epoch [21/100] Step [0/1290] Loss:14.7565 Wing:14.4834 Bone:136.5564
Epoch [21/100] Step [20/1290] Loss:13.7955 Wing:13.5610 Bone:117.2657
Epoch [21/100] Step [40/1290] Loss:14.4890 Wing:14.2634 Bone:112.7930
Epoch [21/100] Step [60/1290] Loss:13.3238 Wing:13.0918 Bone:116.0075
Epoch [21/100] Step [80/1290] Loss:13.1045 Wing:12.9285 Bone:88.0132
Epoch [21/100] Step [100/1290] Loss:12.8506 Wing:12.6033 Bone:123.6207
Epoch [21/100] Step [120/1290] Loss:15.4025 Wing:15.1604 Bone:121.0268
Epoch [21/100] Step [140/1290] Loss:12.8096 Wing:12.6414 Bone:84.1054
Epoch [21/100] Step [160/1290] Loss:14.1759 Wing:13.8911 Bone:142.3864
Epoch [21/100] Step [180/1290] Loss:14.0820 Wing:13.8574 Bone:112.3010
Epoch [21/100] Step [200/1290] Loss:12.1172 Wing:11.9730 Bone:72.1120
Epoch [21/100] Step [220/1290] Loss:14.2905 Wing:14.0269 Bone:131.7862
Epoch [21/100] Step [240/1290] Loss:13.5605 Wing:13.2765 Bone:142.0060
Epoch [21/100] Step [260/1290] Loss:15.4916 Wing:15.0705 Bone:210.5518
Epoch [21/100] Step [280/1290] Loss:13.3912 Wing:13.1837 Bone:103.7230
Epoch [21/100] Step [300/1290] Loss:15.6720 Wing:15.3652 Bone:153.4184
Epoch [21/100] Step [320/1290] Loss:14.5511 Wing:14.2887 Bone:131.2212
Epoch [21/100] Step [340/1290] Loss:13.1101 Wing:12.8628 Bone:123.6407
Epoch [21/100] Step [360/1290] Loss:13.2842 Wing:13.0565 Bone:113.8621
Epoch [21/100] Step [380/1290] Loss:15.7517 Wing:15.4171 Bone:167.3042
Epoch [21/100] Step [400/1290] Loss:13.5792 Wing:13.3280 Bone:125.6009
Epoch [21/100] Step [420/1290] Loss:13.9936 Wing:13.7099 Bone:141.8663
Epoch [21/100] Step [440/1290] Loss:13.3409 Wing:13.1246 Bone:108.1772
Epoch [21/100] Step [460/1290] Loss:14.0656 Wing:13.8335 Bone:116.0381
Epoch [21/100] Step [480/1290] Loss:13.2317 Wing:13.0043 Bone:113.6910
Epoch [21/100] Step [500/1290] Loss:13.5336 Wing:13.3388 Bone:97.3985
Epoch [21/100] Step [520/1290] Loss:13.2244 Wing:13.0129 Bone:105.7507
Epoch [21/100] Step [540/1290] Loss:13.5207 Wing:13.3030 Bone:108.8607
Epoch [21/100] Step [560/1290] Loss:13.5912 Wing:13.3140 Bone:138.5968
Epoch [21/100] Step [580/1290] Loss:13.5052 Wing:13.2429 Bone:131.1316
Epoch [21/100] Step [600/1290] Loss:13.8891 Wing:13.6376 Bone:125.7458
Epoch [21/100] Step [620/1290] Loss:14.5693 Wing:14.2578 Bone:155.7182
Epoch [21/100] Step [640/1290] Loss:13.4723 Wing:13.2167 Bone:127.7947
Epoch [21/100] Step [660/1290] Loss:13.8590 Wing:13.6268 Bone:116.0950
Epoch [21/100] Step [680/1290] Loss:12.6876 Wing:12.4869 Bone:100.3111
Epoch [21/100] Step [700/1290] Loss:14.0581 Wing:13.7266 Bone:165.7541
Epoch [21/100] Step [720/1290] Loss:13.2454 Wing:13.0347 Bone:105.3254
Epoch [21/100] Step [740/1290] Loss:15.6049 Wing:15.2169 Bone:193.9892
Epoch [21/100] Step [760/1290] Loss:14.2217 Wing:13.9700 Bone:125.8067
Epoch [21/100] Step [780/1290] Loss:13.3206 Wing:13.1315 Bone:94.5764
Epoch [21/100] Step [800/1290] Loss:13.3267 Wing:13.0776 Bone:124.5574
Epoch [21/100] Step [820/1290] Loss:13.8805 Wing:13.6376 Bone:121.4304
Epoch [21/100] Step [840/1290] Loss:13.1845 Wing:12.9752 Bone:104.6282
Epoch [21/100] Step [860/1290] Loss:13.8537 Wing:13.6099 Bone:121.9035
Epoch [21/100] Step [880/1290] Loss:13.2951 Wing:13.0322 Bone:131.4406
Epoch [21/100] Step [900/1290] Loss:16.0509 Wing:15.7528 Bone:149.0320
Epoch [21/100] Step [920/1290] Loss:13.3264 Wing:13.1176 Bone:104.4070
Epoch [21/100] Step [940/1290] Loss:13.6293 Wing:13.3208 Bone:154.2399
Epoch [21/100] Step [960/1290] Loss:13.3359 Wing:13.1118 Bone:112.0738
Epoch [21/100] Step [980/1290] Loss:14.4614 Wing:14.1937 Bone:133.8567
Epoch [21/100] Step [1000/1290] Loss:13.3848 Wing:13.0876 Bone:148.5961
Epoch [21/100] Step [1020/1290] Loss:14.6223 Wing:14.3039 Bone:159.2180
Epoch [21/100] Step [1040/1290] Loss:14.4686 Wing:14.2033 Bone:132.6444
Epoch [21/100] Step [1060/1290] Loss:15.5264 Wing:15.2244 Bone:150.9964
Epoch [21/100] Step [1080/1290] Loss:12.7542 Wing:12.5061 Bone:124.0439
Epoch [21/100] Step [1100/1290] Loss:14.7773 Wing:14.4694 Bone:153.9361
Epoch [21/100] Step [1120/1290] Loss:15.4879 Wing:15.1610 Bone:163.4562
Epoch [21/100] Step [1140/1290] Loss:13.3958 Wing:13.1927 Bone:101.5579
Epoch [21/100] Step [1160/1290] Loss:13.0110 Wing:12.7627 Bone:124.1472
Epoch [21/100] Step [1180/1290] Loss:12.6178 Wing:12.4586 Bone:79.6280
Epoch [21/100] Step [1200/1290] Loss:14.4713 Wing:14.1602 Bone:155.5658
Epoch [21/100] Step [1220/1290] Loss:13.2015 Wing:12.9872 Bone:107.1810
Epoch [21/100] Step [1240/1290] Loss:15.1011 Wing:14.7937 Bone:153.7258
Epoch [21/100] Step [1260/1290] Loss:14.8747 Wing:14.5580 Bone:158.3943
Epoch [21/100] Step [1280/1290] Loss:13.3466 Wing:13.1689 Bone:88.8503
===> Epoch 21 | Loss:14.3140 | Wing:14.0112 | Bone:151.3875 | LR:8.96e-05 | 745.6s/epoch (1290 steps)
    Peak CUDA memory allocated so far: 1372.4 MB
Epoch [22/100] Step [0/1290] Loss:14.8975 Wing:14.6156 Bone:140.9308
Epoch [22/100] Step [20/1290] Loss:15.2133 Wing:14.8277 Bone:192.8366
Epoch [22/100] Step [40/1290] Loss:14.8702 Wing:14.5362 Bone:167.0052
Epoch [22/100] Step [60/1290] Loss:14.2489 Wing:13.9789 Bone:135.0231
Epoch [22/100] Step [80/1290] Loss:14.2614 Wing:13.9968 Bone:132.2770
Epoch [22/100] Step [100/1290] Loss:14.2442 Wing:13.9449 Bone:149.6546
Epoch [22/100] Step [120/1290] Loss:15.0988 Wing:14.7621 Bone:168.3452
Epoch [22/100] Step [140/1290] Loss:12.9859 Wing:12.6644 Bone:160.7566
Epoch [22/100] Step [160/1290] Loss:14.2963 Wing:13.8835 Bone:206.3627
Epoch [22/100] Step [180/1290] Loss:13.2862 Wing:13.0850 Bone:100.5917
Epoch [22/100] Step [200/1290] Loss:12.5649 Wing:12.3746 Bone:95.1205
Epoch [22/100] Step [220/1290] Loss:15.8932 Wing:15.3943 Bone:249.4765
Epoch [22/100] Step [240/1290] Loss:13.0518 Wing:12.8485 Bone:101.6329
Epoch [22/100] Step [260/1290] Loss:13.6836 Wing:13.4536 Bone:114.9898
Epoch [22/100] Step [280/1290] Loss:11.8375 Wing:11.6819 Bone:77.7997
Epoch [22/100] Step [300/1290] Loss:14.0952 Wing:13.8326 Bone:131.3221
Epoch [22/100] Step [320/1290] Loss:14.7456 Wing:14.4401 Bone:152.7237
Epoch [22/100] Step [340/1290] Loss:11.7404 Wing:11.5934 Bone:73.4926
Epoch [22/100] Step [360/1290] Loss:13.0627 Wing:12.8507 Bone:105.9905
Epoch [22/100] Step [380/1290] Loss:15.1269 Wing:14.8695 Bone:128.6973
Epoch [22/100] Step [400/1290] Loss:12.9295 Wing:12.6176 Bone:155.9604
Epoch [22/100] Step [420/1290] Loss:14.4629 Wing:14.1882 Bone:137.3544
Epoch [22/100] Step [440/1290] Loss:13.7578 Wing:13.4962 Bone:130.7938
Epoch [22/100] Step [460/1290] Loss:15.2654 Wing:14.8667 Bone:199.3190
Epoch [22/100] Step [480/1290] Loss:16.0162 Wing:15.6713 Bone:172.4488
Epoch [22/100] Step [500/1290] Loss:15.7994 Wing:15.5166 Bone:141.3579
Epoch [22/100] Step [520/1290] Loss:13.7387 Wing:13.5433 Bone:97.6842
Epoch [22/100] Step [540/1290] Loss:14.4570 Wing:14.2351 Bone:110.9300
Epoch [22/100] Step [560/1290] Loss:13.2714 Wing:13.0458 Bone:112.8231
Epoch [22/100] Step [580/1290] Loss:12.9941 Wing:12.8022 Bone:95.9722
Epoch [22/100] Step [600/1290] Loss:14.1740 Wing:13.8388 Bone:167.6093
Epoch [22/100] Step [620/1290] Loss:13.5751 Wing:13.3045 Bone:135.3020
Epoch [22/100] Step [640/1290] Loss:14.4519 Wing:14.1336 Bone:159.1216
Epoch [22/100] Step [660/1290] Loss:13.0769 Wing:12.8555 Bone:110.7169
Epoch [22/100] Step [680/1290] Loss:13.2169 Wing:12.9840 Bone:116.4627
Epoch [22/100] Step [700/1290] Loss:13.5700 Wing:13.3218 Bone:124.1169
Epoch [22/100] Step [720/1290] Loss:14.0018 Wing:13.7401 Bone:130.8548
Epoch [22/100] Step [740/1290] Loss:13.5657 Wing:13.3538 Bone:105.9219
Epoch [22/100] Step [760/1290] Loss:15.5656 Wing:15.1338 Bone:215.9026
Epoch [22/100] Step [780/1290] Loss:16.9370 Wing:16.3667 Bone:285.1584
Epoch [22/100] Step [800/1290] Loss:14.0538 Wing:13.7801 Bone:136.8596
Epoch [22/100] Step [820/1290] Loss:15.5084 Wing:15.1621 Bone:173.1854
Epoch [22/100] Step [840/1290] Loss:14.1606 Wing:13.8820 Bone:139.3330
Epoch [22/100] Step [860/1290] Loss:13.6282 Wing:13.2010 Bone:213.6017
Epoch [22/100] Step [880/1290] Loss:13.6377 Wing:13.4178 Bone:109.9285
Epoch [22/100] Step [900/1290] Loss:13.5729 Wing:13.3922 Bone:90.3048
Epoch [22/100] Step [920/1290] Loss:13.9813 Wing:13.7443 Bone:118.5381
Epoch [22/100] Step [940/1290] Loss:12.6646 Wing:12.4556 Bone:104.4806
Epoch [22/100] Step [960/1290] Loss:13.0018 Wing:12.7895 Bone:106.1754
Epoch [22/100] Step [980/1290] Loss:17.7738 Wing:17.1761 Bone:298.8168
Epoch [22/100] Step [1000/1290] Loss:14.2895 Wing:13.9324 Bone:178.5402
Epoch [22/100] Step [1020/1290] Loss:13.8796 Wing:13.6352 Bone:122.2314
Epoch [22/100] Step [1040/1290] Loss:15.4676 Wing:14.9343 Bone:266.6236
Epoch [22/100] Step [1060/1290] Loss:13.6938 Wing:13.4422 Bone:125.7905
Epoch [22/100] Step [1080/1290] Loss:14.0803 Wing:13.8436 Bone:118.3647
Epoch [22/100] Step [1100/1290] Loss:14.0467 Wing:13.6894 Bone:178.6465
Epoch [22/100] Step [1120/1290] Loss:15.7407 Wing:15.4569 Bone:141.9152
Epoch [22/100] Step [1140/1290] Loss:14.6980 Wing:14.3382 Bone:179.9370
Epoch [22/100] Step [1160/1290] Loss:17.0669 Wing:16.4865 Bone:290.1981
Epoch [22/100] Step [1180/1290] Loss:14.8276 Wing:14.4831 Bone:172.2939
Epoch [22/100] Step [1200/1290] Loss:14.1388 Wing:13.8820 Bone:128.4155
Epoch [22/100] Step [1220/1290] Loss:13.7757 Wing:13.5385 Bone:118.5924
Epoch [22/100] Step [1240/1290] Loss:15.1733 Wing:14.7442 Bone:214.5101
Epoch [22/100] Step [1260/1290] Loss:14.2477 Wing:13.9755 Bone:136.0933
Epoch [22/100] Step [1280/1290] Loss:17.3440 Wing:16.8656 Bone:239.1968
===> Epoch 22 | Loss:14.1458 | Wing:13.8519 | Bone:146.9331 | LR:8.86e-05 | 777.8s/epoch (1290 steps)
    Peak CUDA memory allocated so far: 1372.4 MB
Epoch [23/100] Step [0/1290] Loss:13.3083 Wing:13.0315 Bone:138.4168
Epoch [23/100] Step [20/1290] Loss:13.2601 Wing:12.9948 Bone:132.6122
Epoch [23/100] Step [40/1290] Loss:16.4113 Wing:14.9279 Bone:741.7249
Epoch [23/100] Step [60/1290] Loss:13.1107 Wing:12.9030 Bone:103.8160
Epoch [23/100] Step [80/1290] Loss:17.1934 Wing:15.6301 Bone:781.6633
Epoch [23/100] Step [100/1290] Loss:13.1686 Wing:12.9438 Bone:112.3997
Epoch [23/100] Step [120/1290] Loss:15.1670 Wing:14.8668 Bone:150.0885
Epoch [23/100] Step [140/1290] Loss:14.5306 Wing:14.2475 Bone:141.5596
Epoch [23/100] Step [160/1290] Loss:14.2581 Wing:13.9793 Bone:139.4082
Epoch [23/100] Step [180/1290] Loss:14.0170 Wing:13.7727 Bone:122.1809
Epoch [23/100] Step [200/1290] Loss:12.9644 Wing:12.7018 Bone:131.2580
Epoch [23/100] Step [220/1290] Loss:12.6316 Wing:12.4097 Bone:110.9744
Epoch [23/100] Step [240/1290] Loss:14.2211 Wing:13.9427 Bone:139.2122
Epoch [23/100] Step [260/1290] Loss:15.4245 Wing:15.0508 Bone:186.8662
Epoch [23/100] Step [280/1290] Loss:13.5640 Wing:13.3111 Bone:126.4411
Epoch [23/100] Step [300/1290] Loss:13.4784 Wing:13.2319 Bone:123.2785
Epoch [23/100] Step [320/1290] Loss:16.1907 Wing:15.8924 Bone:149.1584
Epoch [23/100] Step [340/1290] Loss:12.6978 Wing:12.5055 Bone:96.1838
Epoch [23/100] Step [360/1290] Loss:14.6742 Wing:14.4014 Bone:136.3601
Epoch [23/100] Step [380/1290] Loss:13.2079 Wing:12.9743 Bone:116.7966
Epoch [23/100] Step [400/1290] Loss:11.9937 Wing:11.8381 Bone:77.7776
Epoch [23/100] Step [420/1290] Loss:12.5875 Wing:12.4098 Bone:88.8344
Epoch [23/100] Step [440/1290] Loss:12.4884 Wing:12.2968 Bone:95.7877
Epoch [23/100] Step [460/1290] Loss:14.3661 Wing:14.0251 Bone:170.5215
Epoch [23/100] Step [480/1290] Loss:13.8636 Wing:13.6062 Bone:128.6805
Epoch [23/100] Step [500/1290] Loss:13.7016 Wing:13.4547 Bone:123.4134
Epoch [23/100] Step [520/1290] Loss:13.5910 Wing:13.3876 Bone:101.6757
Epoch [23/100] Step [540/1290] Loss:12.3562 Wing:12.2045 Bone:75.8640
Epoch [23/100] Step [560/1290] Loss:14.0953 Wing:13.8399 Bone:127.7091
Epoch [23/100] Step [580/1290] Loss:14.5499 Wing:14.2349 Bone:157.5240
Epoch [23/100] Step [600/1290] Loss:14.2441 Wing:13.8715 Bone:186.2954
Epoch [23/100] Step [620/1290] Loss:12.8024 Wing:12.6112 Bone:95.5812
Epoch [23/100] Step [640/1290] Loss:13.3139 Wing:13.1078 Bone:103.0264
Epoch [23/100] Step [660/1290] Loss:13.7144 Wing:13.4690 Bone:122.6855
Epoch [23/100] Step [680/1290] Loss:13.9940 Wing:13.7578 Bone:118.1256
Epoch [23/100] Step [700/1290] Loss:12.7456 Wing:12.6020 Bone:71.7816
Epoch [23/100] Step [720/1290] Loss:16.4794 Wing:15.8469 Bone:316.2705
Epoch [23/100] Step [740/1290] Loss:13.7237 Wing:13.4310 Bone:146.3641
Epoch [23/100] Step [760/1290] Loss:13.4448 Wing:13.1589 Bone:142.9330
Epoch [23/100] Step [780/1290] Loss:15.0896 Wing:14.7958 Bone:146.9193
Epoch [23/100] Step [800/1290] Loss:15.1808 Wing:14.8595 Bone:160.6748
Epoch [23/100] Step [820/1290] Loss:13.7529 Wing:13.4980 Bone:127.4472
Epoch [23/100] Step [840/1290] Loss:14.7652 Wing:14.4628 Bone:151.1939
Epoch [23/100] Step [860/1290] Loss:14.0370 Wing:13.8005 Bone:118.2450
Epoch [23/100] Step [880/1290] Loss:17.5047 Wing:17.0941 Bone:205.2641
Epoch [23/100] Step [900/1290] Loss:13.1609 Wing:12.9490 Bone:105.9230
Epoch [23/100] Step [920/1290] Loss:14.8848 Wing:14.5485 Bone:168.1534
Epoch [23/100] Step [940/1290] Loss:15.0404 Wing:14.7905 Bone:124.9362
Epoch [23/100] Step [960/1290] Loss:12.0418 Wing:11.8812 Bone:80.2735
Epoch [23/100] Step [980/1290] Loss:13.5110 Wing:13.2684 Bone:121.2927
Epoch [23/100] Step [1000/1290] Loss:14.6524 Wing:14.4183 Bone:117.0380
Epoch [23/100] Step [1020/1290] Loss:13.3995 Wing:13.1385 Bone:130.5174
Epoch [23/100] Step [1040/1290] Loss:16.0679 Wing:15.6592 Bone:204.3599
Epoch [23/100] Step [1060/1290] Loss:13.4919 Wing:13.2526 Bone:119.6401
Epoch [23/100] Step [1080/1290] Loss:14.8049 Wing:14.4505 Bone:177.2187
Epoch [23/100] Step [1100/1290] Loss:14.9046 Wing:14.5690 Bone:167.8214
Epoch [23/100] Step [1120/1290] Loss:13.5434 Wing:13.3320 Bone:105.7006
Epoch [23/100] Step [1140/1290] Loss:14.1118 Wing:13.6893 Bone:211.2604
Epoch [23/100] Step [1160/1290] Loss:15.9328 Wing:15.6286 Bone:152.0898
Epoch [23/100] Step [1180/1290] Loss:16.2453 Wing:15.8522 Bone:196.5833
Epoch [23/100] Step [1200/1290] Loss:14.5453 Wing:14.2389 Bone:153.1936
Epoch [23/100] Step [1220/1290] Loss:13.6505 Wing:13.3530 Bone:148.7434
Epoch [23/100] Step [1240/1290] Loss:13.1875 Wing:13.0166 Bone:85.4293
Epoch [23/100] Step [1260/1290] Loss:15.0601 Wing:14.8007 Bone:129.7397
Epoch [23/100] Step [1280/1290] Loss:13.5691 Wing:13.3529 Bone:108.0781
===> Epoch 23 | Loss:14.0330 | Wing:13.7439 | Bone:144.5184 | LR:8.76e-05 | 729.5s/epoch (1290 steps)
    Peak CUDA memory allocated so far: 1372.4 MB
Epoch [24/100] Step [0/1290] Loss:13.3685 Wing:13.1347 Bone:116.9170
Epoch [24/100] Step [20/1290] Loss:13.4754 Wing:13.2597 Bone:107.8393
Epoch [24/100] Step [40/1290] Loss:14.1374 Wing:13.8616 Bone:137.9346
Epoch [24/100] Step [60/1290] Loss:11.9534 Wing:11.7671 Bone:93.1572
Epoch [24/100] Step [80/1290] Loss:18.1109 Wing:17.0447 Bone:533.0588
Epoch [24/100] Step [100/1290] Loss:15.6406 Wing:15.2585 Bone:191.0411
Epoch [24/100] Step [120/1290] Loss:12.4766 Wing:12.3003 Bone:88.1693
Epoch [24/100] Step [140/1290] Loss:15.8495 Wing:15.2367 Bone:306.3845
Epoch [24/100] Step [160/1290] Loss:15.7906 Wing:15.4670 Bone:161.8142
Epoch [24/100] Step [180/1290] Loss:14.6783 Wing:14.3918 Bone:143.2753
Epoch [24/100] Step [200/1290] Loss:14.3893 Wing:14.1235 Bone:132.9176
Epoch [24/100] Step [220/1290] Loss:14.6948 Wing:14.3420 Bone:176.4107
Epoch [24/100] Step [240/1290] Loss:14.3002 Wing:13.8899 Bone:205.1632
Epoch [24/100] Step [260/1290] Loss:13.8858 Wing:13.5977 Bone:144.0173
Epoch [24/100] Step [280/1290] Loss:14.2104 Wing:13.8921 Bone:159.1622
Epoch [24/100] Step [300/1290] Loss:13.7388 Wing:13.4815 Bone:128.6452
Epoch [24/100] Step [320/1290] Loss:13.2663 Wing:13.0077 Bone:129.3086
Epoch [24/100] Step [340/1290] Loss:14.0282 Wing:13.7224 Bone:152.9387
Epoch [24/100] Step [360/1290] Loss:13.5382 Wing:13.3001 Bone:119.0402
Epoch [24/100] Step [380/1290] Loss:12.4882 Wing:12.2916 Bone:98.3073
Epoch [24/100] Step [400/1290] Loss:16.2716 Wing:15.8773 Bone:197.1453
Epoch [24/100] Step [420/1290] Loss:16.1323 Wing:15.6873 Bone:222.4927
Epoch [24/100] Step [440/1290] Loss:11.9121 Wing:11.6946 Bone:108.7798
Epoch [24/100] Step [460/1290] Loss:12.7718 Wing:12.5222 Bone:124.7846
Epoch [24/100] Step [480/1290] Loss:14.7747 Wing:14.4572 Bone:158.7738
Epoch [24/100] Step [500/1290] Loss:14.7396 Wing:14.4646 Bone:137.4673
Epoch [24/100] Step [520/1290] Loss:12.9299 Wing:12.7576 Bone:86.1918
Epoch [24/100] Step [540/1290] Loss:14.9763 Wing:14.6453 Bone:165.4657
Epoch [24/100] Step [560/1290] Loss:11.8536 Wing:11.6357 Bone:108.9385
Epoch [24/100] Step [580/1290] Loss:14.0158 Wing:13.7162 Bone:149.8456
Epoch [24/100] Step [600/1290] Loss:13.8093 Wing:13.6079 Bone:100.6897
Epoch [24/100] Step [620/1290] Loss:13.7314 Wing:13.5118 Bone:109.8048
Epoch [24/100] Step [640/1290] Loss:13.0821 Wing:12.8462 Bone:117.9477
Epoch [24/100] Step [660/1290] Loss:13.1918 Wing:12.9329 Bone:129.4271
Epoch [24/100] Step [680/1290] Loss:13.5424 Wing:13.3091 Bone:116.6494
Epoch [24/100] Step [700/1290] Loss:13.7247 Wing:13.5336 Bone:95.5597
Epoch [24/100] Step [720/1290] Loss:13.3698 Wing:13.1488 Bone:110.4947
Epoch [24/100] Step [740/1290] Loss:12.2559 Wing:12.1093 Bone:73.3216
Epoch [24/100] Step [760/1290] Loss:12.9139 Wing:12.6572 Bone:128.3633
Epoch [24/100] Step [780/1290] Loss:14.1656 Wing:13.8950 Bone:135.2939
Epoch [24/100] Step [800/1290] Loss:13.1455 Wing:12.9248 Bone:110.3565
Epoch [24/100] Step [820/1290] Loss:13.8453 Wing:13.6382 Bone:103.5348
Epoch [24/100] Step [840/1290] Loss:13.3188 Wing:13.0698 Bone:124.5041
Epoch [24/100] Step [860/1290] Loss:13.2432 Wing:13.0036 Bone:119.7847
Epoch [24/100] Step [880/1290] Loss:12.9436 Wing:12.7580 Bone:92.8318
Epoch [24/100] Step [900/1290] Loss:12.5220 Wing:12.3430 Bone:89.4621
Epoch [24/100] Step [920/1290] Loss:14.5610 Wing:14.2074 Bone:176.7893
Epoch [24/100] Step [940/1290] Loss:16.0981 Wing:15.6510 Bone:223.5463
Epoch [24/100] Step [960/1290] Loss:13.8744 Wing:13.5503 Bone:162.0759
Epoch [24/100] Step [980/1290] Loss:14.7785 Wing:14.4698 Bone:154.3754
Epoch [24/100] Step [1000/1290] Loss:13.4880 Wing:13.2279 Bone:130.0519
Epoch [24/100] Step [1020/1290] Loss:12.2075 Wing:11.9897 Bone:108.9011
Epoch [24/100] Step [1040/1290] Loss:13.8771 Wing:13.6983 Bone:89.3968
Epoch [24/100] Step [1060/1290] Loss:12.6345 Wing:12.4211 Bone:106.7227
Epoch [24/100] Step [1080/1290] Loss:13.7989 Wing:13.5721 Bone:113.4244
Epoch [24/100] Step [1100/1290] Loss:13.3640 Wing:13.0623 Bone:150.8561
Epoch [24/100] Step [1120/1290] Loss:14.2603 Wing:13.9348 Bone:162.7906
Epoch [24/100] Step [1140/1290] Loss:12.8203 Wing:12.6268 Bone:96.7323
Epoch [24/100] Step [1160/1290] Loss:13.4897 Wing:13.1994 Bone:145.1253
Epoch [24/100] Step [1180/1290] Loss:18.9543 Wing:17.5167 Bone:718.7971
Epoch [24/100] Step [1200/1290] Loss:17.3969 Wing:16.8877 Bone:254.5773
Epoch [24/100] Step [1220/1290] Loss:13.5218 Wing:13.2849 Bone:118.4504
Epoch [24/100] Step [1240/1290] Loss:12.9830 Wing:12.7296 Bone:126.7061
Epoch [24/100] Step [1260/1290] Loss:12.9340 Wing:12.7148 Bone:109.5790
Epoch [24/100] Step [1280/1290] Loss:12.6333 Wing:12.4445 Bone:94.4301
===> Epoch 24 | Loss:13.9517 | Wing:13.6665 | Bone:142.6263 | LR:8.66e-05 | 679.8s/epoch (1290 steps)
    Peak CUDA memory allocated so far: 1372.4 MB
Epoch [25/100] Step [0/1290] Loss:14.1168 Wing:13.8647 Bone:126.0292
Epoch [25/100] Step [20/1290] Loss:12.7858 Wing:12.6230 Bone:81.3682
Epoch [25/100] Step [40/1290] Loss:12.7270 Wing:12.4880 Bone:119.4946
Epoch [25/100] Step [60/1290] Loss:13.0532 Wing:12.7706 Bone:141.2870
Epoch [25/100] Step [80/1290] Loss:13.0407 Wing:12.8099 Bone:115.4136
Epoch [25/100] Step [100/1290] Loss:12.2639 Wing:12.0921 Bone:85.9238
Epoch [25/100] Step [120/1290] Loss:14.7983 Wing:14.4323 Bone:182.9859
Epoch [25/100] Step [140/1290] Loss:12.2922 Wing:12.1117 Bone:90.2303
Epoch [25/100] Step [160/1290] Loss:12.0808 Wing:11.9067 Bone:87.0444
Epoch [25/100] Step [180/1290] Loss:12.4674 Wing:12.2177 Bone:124.8141
Epoch [25/100] Step [200/1290] Loss:16.8486 Wing:16.1803 Bone:334.1623
Epoch [25/100] Step [220/1290] Loss:14.4818 Wing:14.2124 Bone:134.7013
Epoch [25/100] Step [240/1290] Loss:13.5476 Wing:13.2450 Bone:151.3195
Epoch [25/100] Step [260/1290] Loss:14.7142 Wing:14.2481 Bone:233.0593
Epoch [25/100] Step [280/1290] Loss:13.0665 Wing:12.8803 Bone:93.0950
Epoch [25/100] Step [300/1290] Loss:13.9383 Wing:13.5732 Bone:182.5573
Epoch [25/100] Step [320/1290] Loss:13.9509 Wing:13.5838 Bone:183.5685
Epoch [25/100] Step [340/1290] Loss:14.4475 Wing:14.0873 Bone:180.1011
Epoch [25/100] Step [360/1290] Loss:13.3432 Wing:13.0664 Bone:138.4135
Epoch [25/100] Step [380/1290] Loss:13.5078 Wing:13.2018 Bone:152.9696
Epoch [25/100] Step [400/1290] Loss:14.0371 Wing:13.7692 Bone:133.9562
Epoch [25/100] Step [420/1290] Loss:13.3109 Wing:13.0765 Bone:117.2109
Epoch [25/100] Step [440/1290] Loss:13.6532 Wing:13.4456 Bone:103.8044
Epoch [25/100] Step [460/1290] Loss:14.0384 Wing:13.8114 Bone:113.5397
Epoch [25/100] Step [480/1290] Loss:13.9786 Wing:13.6555 Bone:161.5520
Epoch [25/100] Step [500/1290] Loss:12.9519 Wing:12.7518 Bone:100.0081
Epoch [25/100] Step [520/1290] Loss:13.6954 Wing:13.4063 Bone:144.5565
Epoch [25/100] Step [540/1290] Loss:13.8671 Wing:13.6061 Bone:130.4945
Epoch [25/100] Step [560/1290] Loss:15.0182 Wing:14.6977 Bone:160.2468
Epoch [25/100] Step [580/1290] Loss:14.3658 Wing:14.1057 Bone:130.0556
Epoch [25/100] Step [600/1290] Loss:14.7908 Wing:14.4822 Bone:154.3098
Epoch [25/100] Step [620/1290] Loss:13.0503 Wing:12.8344 Bone:107.9090
Epoch [25/100] Step [640/1290] Loss:13.0628 Wing:12.8080 Bone:127.3971
Epoch [25/100] Step [660/1290] Loss:13.1577 Wing:12.9446 Bone:106.5539
Epoch [25/100] Step [680/1290] Loss:12.2029 Wing:12.0114 Bone:95.7117
Epoch [25/100] Step [700/1290] Loss:13.4826 Wing:13.2481 Bone:117.2502
Epoch [25/100] Step [720/1290] Loss:14.3766 Wing:13.7888 Bone:293.9347
Epoch [25/100] Step [740/1290] Loss:13.8506 Wing:13.5522 Bone:149.1850
Epoch [25/100] Step [760/1290] Loss:13.2816 Wing:13.0150 Bone:133.2778
Epoch [25/100] Step [780/1290] Loss:13.6166 Wing:13.3544 Bone:131.0850
Epoch [25/100] Step [800/1290] Loss:17.1445 Wing:16.5876 Bone:278.4725
Epoch [25/100] Step [820/1290] Loss:12.7374 Wing:12.5595 Bone:88.9491
Epoch [25/100] Step [840/1290] Loss:12.2794 Wing:12.1052 Bone:87.0761
Epoch [25/100] Step [860/1290] Loss:14.1248 Wing:13.8287 Bone:148.0401
Epoch [25/100] Step [880/1290] Loss:13.1644 Wing:12.9334 Bone:115.4784
Epoch [25/100] Step [900/1290] Loss:13.4175 Wing:13.1594 Bone:129.0622
Epoch [25/100] Step [920/1290] Loss:12.6599 Wing:12.4183 Bone:120.7874
Epoch [25/100] Step [940/1290] Loss:14.0707 Wing:13.7938 Bone:138.4938
Epoch [25/100] Step [960/1290] Loss:15.4473 Wing:15.0764 Bone:185.4730
Epoch [25/100] Step [980/1290] Loss:14.1069 Wing:13.7625 Bone:172.2379
Epoch [25/100] Step [1000/1290] Loss:13.2402 Wing:13.0401 Bone:100.0603
Epoch [25/100] Step [1020/1290] Loss:14.3079 Wing:14.0654 Bone:121.2222
Epoch [25/100] Step [1040/1290] Loss:16.4769 Wing:15.9849 Bone:245.9687
Epoch [25/100] Step [1060/1290] Loss:15.1148 Wing:14.7515 Bone:181.6267
Epoch [25/100] Step [1080/1290] Loss:15.6740 Wing:15.1574 Bone:258.2974
Epoch [25/100] Step [1100/1290] Loss:13.0139 Wing:12.7851 Bone:114.3540
Epoch [25/100] Step [1120/1290] Loss:13.3826 Wing:13.0591 Bone:161.7570
Epoch [25/100] Step [1140/1290] Loss:13.4664 Wing:13.2505 Bone:107.9462
Epoch [25/100] Step [1160/1290] Loss:12.9781 Wing:12.8110 Bone:83.5357
Epoch [25/100] Step [1180/1290] Loss:12.5942 Wing:12.4033 Bone:95.4403
Epoch [25/100] Step [1200/1290] Loss:14.4615 Wing:14.1815 Bone:140.0080
Epoch [25/100] Step [1220/1290] Loss:13.0061 Wing:12.8106 Bone:97.7376
Epoch [25/100] Step [1240/1290] Loss:13.3103 Wing:13.0742 Bone:118.0688
Epoch [25/100] Step [1260/1290] Loss:13.5902 Wing:13.2857 Bone:152.2519
Epoch [25/100] Step [1280/1290] Loss:15.9399 Wing:15.3823 Bone:278.7708
===> Epoch 25 | Loss:13.8376 | Wing:13.5570 | Bone:140.2913 | LR:8.55e-05 | 674.6s/epoch (1290 steps)
    Peak CUDA memory allocated so far: 1372.4 MB
    >>> MONITOR (V2-style, rhd_test.json subset) (n=200, 6.7s) PCK@0.2: 0.9467 | AUC: 0.8694 | MPJPE: 16.86px
    >>> No improvement (1/5)
Epoch [26/100] Step [0/1290] Loss:15.0057 Wing:14.5707 Bone:217.4609
Epoch [26/100] Step [20/1290] Loss:12.7185 Wing:12.5621 Bone:78.1970
Epoch [26/100] Step [40/1290] Loss:13.0694 Wing:12.9101 Bone:79.6711
Epoch [26/100] Step [60/1290] Loss:14.6746 Wing:14.4035 Bone:135.5567
Epoch [26/100] Step [80/1290] Loss:12.6151 Wing:12.4299 Bone:92.6169
Epoch [26/100] Step [100/1290] Loss:15.0375 Wing:14.7881 Bone:124.7094
Epoch [26/100] Step [120/1290] Loss:15.5495 Wing:15.1694 Bone:190.0457
Epoch [26/100] Step [140/1290] Loss:13.5786 Wing:13.3569 Bone:110.8626
Epoch [26/100] Step [160/1290] Loss:15.7199 Wing:15.2874 Bone:216.2604
Epoch [26/100] Step [180/1290] Loss:13.8955 Wing:13.6249 Bone:135.2677
Epoch [26/100] Step [200/1290] Loss:14.3995 Wing:14.1016 Bone:148.9618
Epoch [26/100] Step [220/1290] Loss:14.3082 Wing:14.0746 Bone:116.7934
Epoch [26/100] Step [240/1290] Loss:12.7529 Wing:12.5615 Bone:95.6912
Epoch [26/100] Step [260/1290] Loss:15.4456 Wing:15.0253 Bone:210.1408
Epoch [26/100] Step [280/1290] Loss:13.3384 Wing:13.1456 Bone:96.4209
Epoch [26/100] Step [300/1290] Loss:13.0380 Wing:12.7986 Bone:119.6955
Epoch [26/100] Step [320/1290] Loss:14.1294 Wing:13.8650 Bone:132.1897
Epoch [26/100] Step [340/1290] Loss:13.9970 Wing:13.7510 Bone:122.9606
Epoch [26/100] Step [360/1290] Loss:13.8044 Wing:13.4778 Bone:163.3204
Epoch [26/100] Step [380/1290] Loss:12.1275 Wing:11.9427 Bone:92.4239
Epoch [26/100] Step [400/1290] Loss:12.6458 Wing:12.4507 Bone:97.5515
Epoch [26/100] Step [420/1290] Loss:14.4624 Wing:14.1680 Bone:147.1900
Epoch [26/100] Step [440/1290] Loss:13.7123 Wing:13.4360 Bone:138.1083
Epoch [26/100] Step [460/1290] Loss:12.9983 Wing:12.8246 Bone:86.8695
Epoch [26/100] Step [480/1290] Loss:17.4855 Wing:17.0787 Bone:203.4184
Epoch [26/100] Step [500/1290] Loss:12.9573 Wing:12.7481 Bone:104.6155
Epoch [26/100] Step [520/1290] Loss:13.6332 Wing:13.3893 Bone:121.9612
Epoch [26/100] Step [540/1290] Loss:13.4713 Wing:13.2623 Bone:104.4903
Epoch [26/100] Step [560/1290] Loss:13.7600 Wing:13.4996 Bone:130.1832
Epoch [26/100] Step [580/1290] Loss:15.1715 Wing:14.8538 Bone:158.8293
Epoch [26/100] Step [600/1290] Loss:13.9331 Wing:13.6675 Bone:132.8048
Epoch [26/100] Step [620/1290] Loss:13.4582 Wing:13.2430 Bone:107.6078
Epoch [26/100] Step [640/1290] Loss:12.4886 Wing:12.3265 Bone:81.0285
Epoch [26/100] Step [660/1290] Loss:13.5928 Wing:13.2917 Bone:150.5338
Epoch [26/100] Step [680/1290] Loss:15.2451 Wing:14.8727 Bone:186.1554
Epoch [26/100] Step [700/1290] Loss:13.3836 Wing:13.2100 Bone:86.7933
Epoch [26/100] Step [720/1290] Loss:13.2579 Wing:13.0530 Bone:102.4425
Epoch [26/100] Step [740/1290] Loss:12.7729 Wing:12.5605 Bone:106.2128
Epoch [26/100] Step [760/1290] Loss:14.9179 Wing:14.6333 Bone:142.3195
Epoch [26/100] Step [780/1290] Loss:18.2493 Wing:17.8319 Bone:208.6764
Epoch [26/100] Step [800/1290] Loss:14.6309 Wing:14.3504 Bone:140.2693
Epoch [26/100] Step [820/1290] Loss:12.7370 Wing:12.4277 Bone:154.6524
Epoch [26/100] Step [840/1290] Loss:13.0216 Wing:12.7830 Bone:119.2637
Epoch [26/100] Step [860/1290] Loss:15.0492 Wing:14.7016 Bone:173.7781
Epoch [26/100] Step [880/1290] Loss:13.9564 Wing:13.6852 Bone:135.6169
Epoch [26/100] Step [900/1290] Loss:14.1539 Wing:13.8985 Bone:127.7162
Epoch [26/100] Step [920/1290] Loss:12.6747 Wing:12.5018 Bone:86.4144
Epoch [26/100] Step [940/1290] Loss:14.5922 Wing:14.3966 Bone:97.7700
Epoch [26/100] Step [960/1290] Loss:13.5608 Wing:13.3251 Bone:117.8672
Epoch [26/100] Step [980/1290] Loss:13.1773 Wing:12.9694 Bone:103.9344
Epoch [26/100] Step [1000/1290] Loss:13.5763 Wing:13.3562 Bone:110.0291
Epoch [26/100] Step [1020/1290] Loss:13.2456 Wing:13.0060 Bone:119.7950
Epoch [26/100] Step [1040/1290] Loss:12.8643 Wing:12.6802 Bone:92.0573
Epoch [26/100] Step [1060/1290] Loss:14.8285 Wing:14.4815 Bone:173.4685
Epoch [26/100] Step [1080/1290] Loss:12.7592 Wing:12.5473 Bone:105.9529
Epoch [26/100] Step [1100/1290] Loss:13.8800 Wing:13.6424 Bone:118.7810
Epoch [26/100] Step [1120/1290] Loss:12.8835 Wing:12.6354 Bone:124.0409
Epoch [26/100] Step [1140/1290] Loss:13.6660 Wing:13.4391 Bone:113.4446
Epoch [26/100] Step [1160/1290] Loss:13.1125 Wing:12.9145 Bone:99.0102
Epoch [26/100] Step [1180/1290] Loss:13.1910 Wing:12.9353 Bone:127.8370
Epoch [26/100] Step [1200/1290] Loss:14.5838 Wing:14.2904 Bone:146.7213
Epoch [26/100] Step [1220/1290] Loss:16.6233 Wing:16.1010 Bone:261.1767
Epoch [26/100] Step [1240/1290] Loss:12.8313 Wing:12.6501 Bone:90.5812
Epoch [26/100] Step [1260/1290] Loss:14.6696 Wing:14.3459 Bone:161.8567
Epoch [26/100] Step [1280/1290] Loss:13.6132 Wing:13.3728 Bone:120.2094
===> Epoch 26 | Loss:13.7529 | Wing:13.4813 | Bone:135.7876 | LR:8.44e-05 | 822.7s/epoch (1290 steps)
    Peak CUDA memory allocated so far: 1372.4 MB
Epoch [27/100] Step [0/1290] Loss:13.0376 Wing:12.8481 Bone:94.7293
Epoch [27/100] Step [20/1290] Loss:17.9838 Wing:17.5281 Bone:227.8514
Epoch [27/100] Step [40/1290] Loss:14.7026 Wing:14.3832 Bone:159.7051
Epoch [27/100] Step [60/1290] Loss:12.8607 Wing:12.6752 Bone:92.7377
Epoch [27/100] Step [80/1290] Loss:14.8904 Wing:14.5405 Bone:174.9358
Epoch [27/100] Step [100/1290] Loss:15.1861 Wing:14.8235 Bone:181.3179
Epoch [27/100] Step [120/1290] Loss:12.3042 Wing:12.1615 Bone:71.3869
Epoch [27/100] Step [140/1290] Loss:16.0320 Wing:15.6552 Bone:188.4013
Epoch [27/100] Step [160/1290] Loss:13.4908 Wing:13.2219 Bone:134.4829
Epoch [27/100] Step [180/1290] Loss:11.9540 Wing:11.7946 Bone:79.6837
Epoch [27/100] Step [200/1290] Loss:16.1587 Wing:15.8737 Bone:142.4940
Epoch [27/100] Step [220/1290] Loss:12.6352 Wing:12.4277 Bone:103.7429
Epoch [27/100] Step [240/1290] Loss:14.8555 Wing:14.2081 Bone:323.6734
Epoch [27/100] Step [260/1290] Loss:16.5280 Wing:15.9326 Bone:297.6942
Epoch [27/100] Step [280/1290] Loss:12.7804 Wing:12.5336 Bone:123.3892
Epoch [27/100] Step [300/1290] Loss:13.8162 Wing:13.5451 Bone:135.5832
Epoch [27/100] Step [320/1290] Loss:14.2264 Wing:13.9008 Bone:162.8155
Epoch [27/100] Step [340/1290] Loss:12.7976 Wing:12.5858 Bone:105.9043
Epoch [27/100] Step [360/1290] Loss:12.9383 Wing:12.7441 Bone:97.0889
Epoch [27/100] Step [380/1290] Loss:14.6574 Wing:14.4179 Bone:119.7501
Epoch [27/100] Step [400/1290] Loss:14.4891 Wing:14.2797 Bone:104.7435
Epoch [27/100] Step [420/1290] Loss:15.0109 Wing:14.6170 Bone:196.9456
Epoch [27/100] Step [440/1290] Loss:13.8272 Wing:13.5450 Bone:141.0815
Epoch [27/100] Step [460/1290] Loss:12.0895 Wing:11.9798 Bone:54.8518
Epoch [27/100] Step [480/1290] Loss:13.2726 Wing:13.0534 Bone:109.6056
Epoch [27/100] Step [500/1290] Loss:13.1175 Wing:12.9008 Bone:108.3551
Epoch [27/100] Step [520/1290] Loss:15.3336 Wing:14.9481 Bone:192.7612
Epoch [27/100] Step [540/1290] Loss:14.0448 Wing:13.8199 Bone:112.4313
Epoch [27/100] Step [560/1290] Loss:13.4150 Wing:13.2104 Bone:102.3107
Epoch [27/100] Step [580/1290] Loss:15.0868 Wing:14.7634 Bone:161.7109
Epoch [27/100] Step [600/1290] Loss:13.2265 Wing:13.0294 Bone:98.5611
Epoch [27/100] Step [620/1290] Loss:12.5931 Wing:12.3713 Bone:110.8714
Epoch [27/100] Step [640/1290] Loss:13.4072 Wing:13.1860 Bone:110.5837
Epoch [27/100] Step [660/1290] Loss:15.5376 Wing:14.7866 Bone:375.5073
Epoch [27/100] Step [680/1290] Loss:13.6431 Wing:13.2967 Bone:173.1983
Epoch [27/100] Step [700/1290] Loss:13.6164 Wing:13.3608 Bone:127.8012
Epoch [27/100] Step [720/1290] Loss:15.3426 Wing:14.9930 Bone:174.8121
Epoch [27/100] Step [740/1290] Loss:14.5318 Wing:14.1900 Bone:170.9322
Epoch [27/100] Step [760/1290] Loss:12.2679 Wing:12.0766 Bone:95.6765
Epoch [27/100] Step [780/1290] Loss:12.4498 Wing:12.2469 Bone:101.4321
Epoch [27/100] Step [800/1290] Loss:13.1820 Wing:12.8902 Bone:145.8802
Epoch [27/100] Step [820/1290] Loss:13.1839 Wing:12.9058 Bone:139.0362
Epoch [27/100] Step [840/1290] Loss:13.4528 Wing:13.2478 Bone:102.5008
Epoch [27/100] Step [860/1290] Loss:14.5754 Wing:14.1888 Bone:193.2678
Epoch [27/100] Step [880/1290] Loss:14.4438 Wing:14.0264 Bone:208.6841
Epoch [27/100] Step [900/1290] Loss:14.2106 Wing:13.9799 Bone:115.3776
Epoch [27/100] Step [920/1290] Loss:15.7951 Wing:15.4279 Bone:183.6419
Epoch [27/100] Step [940/1290] Loss:12.5676 Wing:12.3721 Bone:97.7596
Epoch [27/100] Step [960/1290] Loss:14.2686 Wing:14.0220 Bone:123.3158
Epoch [27/100] Step [980/1290] Loss:14.5028 Wing:13.7716 Bone:365.5901
Epoch [27/100] Step [1000/1290] Loss:14.2501 Wing:13.7056 Bone:272.2400
Epoch [27/100] Step [1020/1290] Loss:16.9633 Wing:16.6178 Bone:172.7437
Epoch [27/100] Step [1040/1290] Loss:13.2185 Wing:12.9859 Bone:116.3085
Epoch [27/100] Step [1060/1290] Loss:13.2449 Wing:13.0632 Bone:90.8213
Epoch [27/100] Step [1080/1290] Loss:11.0555 Wing:10.8959 Bone:79.8409
Epoch [27/100] Step [1100/1290] Loss:13.1308 Wing:12.9506 Bone:90.1061
Epoch [27/100] Step [1120/1290] Loss:13.1465 Wing:12.8833 Bone:131.6250
Epoch [27/100] Step [1140/1290] Loss:12.7199 Wing:12.4925 Bone:113.7169
Epoch [27/100] Step [1160/1290] Loss:13.7019 Wing:13.3632 Bone:169.3669
Epoch [27/100] Step [1180/1290] Loss:11.8395 Wing:11.7081 Bone:65.6927
Epoch [27/100] Step [1200/1290] Loss:13.9034 Wing:13.6016 Bone:150.9002
Epoch [27/100] Step [1220/1290] Loss:13.7408 Wing:13.4853 Bone:127.7329
Epoch [27/100] Step [1240/1290] Loss:13.3922 Wing:13.1704 Bone:110.8805
Epoch [27/100] Step [1260/1290] Loss:13.8625 Wing:13.5793 Bone:141.5981
Epoch [27/100] Step [1280/1290] Loss:14.8243 Wing:14.1989 Bone:312.7126
===> Epoch 27 | Loss:13.6218 | Wing:13.3503 | Bone:135.7639 | LR:8.32e-05 | 784.1s/epoch (1290 steps)
    Peak CUDA memory allocated so far: 1372.4 MB
Epoch [28/100] Step [0/1290] Loss:12.8840 Wing:12.6644 Bone:109.7641
Epoch [28/100] Step [20/1290] Loss:12.1575 Wing:11.9526 Bone:102.4357
Epoch [28/100] Step [40/1290] Loss:14.2245 Wing:13.8748 Bone:174.8113
Epoch [28/100] Step [60/1290] Loss:14.7871 Wing:14.4603 Bone:163.3754
Epoch [28/100] Step [80/1290] Loss:12.7234 Wing:12.5477 Bone:87.8316
Epoch [28/100] Step [100/1290] Loss:13.3112 Wing:13.0568 Bone:127.1937
Epoch [28/100] Step [120/1290] Loss:12.6292 Wing:12.4600 Bone:84.6175
Epoch [28/100] Step [140/1290] Loss:13.1550 Wing:12.9882 Bone:83.3935
Epoch [28/100] Step [160/1290] Loss:14.5482 Wing:14.1996 Bone:174.2681
Epoch [28/100] Step [180/1290] Loss:14.0504 Wing:13.7907 Bone:129.8731
Epoch [28/100] Step [200/1290] Loss:13.2532 Wing:12.9734 Bone:139.9218
Epoch [28/100] Step [220/1290] Loss:14.6705 Wing:14.3733 Bone:148.5693
Epoch [28/100] Step [240/1290] Loss:14.8543 Wing:14.3691 Bone:242.6082
Epoch [28/100] Step [260/1290] Loss:12.0770 Wing:11.9085 Bone:84.2200
Epoch [28/100] Step [280/1290] Loss:13.3305 Wing:13.0834 Bone:123.5723
Epoch [28/100] Step [300/1290] Loss:12.5059 Wing:12.2949 Bone:105.4780
Epoch [28/100] Step [320/1290] Loss:12.3686 Wing:12.1806 Bone:93.9926
Epoch [28/100] Step [340/1290] Loss:15.8922 Wing:15.3552 Bone:268.4590
Epoch [28/100] Step [360/1290] Loss:12.2402 Wing:12.0399 Bone:100.1286
Epoch [28/100] Step [380/1290] Loss:13.4342 Wing:13.1711 Bone:131.5797
Epoch [28/100] Step [400/1290] Loss:12.2168 Wing:12.0420 Bone:87.3886
Epoch [28/100] Step [420/1290] Loss:15.8379 Wing:15.3799 Bone:228.9928
Epoch [28/100] Step [440/1290] Loss:14.2392 Wing:13.9202 Bone:159.4834
Epoch [28/100] Step [460/1290] Loss:14.2696 Wing:14.0642 Bone:102.6939
Epoch [28/100] Step [480/1290] Loss:13.4528 Wing:13.2731 Bone:89.8858
Epoch [28/100] Step [500/1290] Loss:12.4506 Wing:12.2777 Bone:86.4216
Epoch [28/100] Step [520/1290] Loss:14.3023 Wing:13.9609 Bone:170.7289
Epoch [28/100] Step [540/1290] Loss:15.0813 Wing:14.6279 Bone:226.7359
Epoch [28/100] Step [560/1290] Loss:12.9084 Wing:12.7235 Bone:92.4302
Epoch [28/100] Step [580/1290] Loss:11.4638 Wing:11.3212 Bone:71.2676
Epoch [28/100] Step [600/1290] Loss:13.0403 Wing:12.6948 Bone:172.7868
Epoch [28/100] Step [620/1290] Loss:13.8854 Wing:13.6651 Bone:110.1172
Epoch [28/100] Step [640/1290] Loss:12.3702 Wing:12.1987 Bone:85.7079
Epoch [28/100] Step [660/1290] Loss:14.4301 Wing:14.0587 Bone:185.6761
Epoch [28/100] Step [680/1290] Loss:14.3052 Wing:14.0360 Bone:134.6000
Epoch [28/100] Step [700/1290] Loss:12.2442 Wing:12.0065 Bone:118.8556
Epoch [28/100] Step [720/1290] Loss:13.5721 Wing:13.2967 Bone:137.6945
Epoch [28/100] Step [740/1290] Loss:14.2169 Wing:13.9125 Bone:152.1873
Epoch [28/100] Step [760/1290] Loss:14.0532 Wing:13.5847 Bone:234.2576
Epoch [28/100] Step [780/1290] Loss:13.0023 Wing:12.7851 Bone:108.5656
Epoch [28/100] Step [800/1290] Loss:14.8775 Wing:14.5641 Bone:156.7099
Epoch [28/100] Step [820/1290] Loss:14.5676 Wing:14.1756 Bone:196.0401
Epoch [28/100] Step [840/1290] Loss:13.1554 Wing:12.8869 Bone:134.2632
Epoch [28/100] Step [860/1290] Loss:13.2292 Wing:12.9131 Bone:158.0407
Epoch [28/100] Step [880/1290] Loss:15.5789 Wing:15.3126 Bone:133.1478
Epoch [28/100] Step [900/1290] Loss:14.2382 Wing:13.8770 Bone:180.5786
Epoch [28/100] Step [920/1290] Loss:12.9447 Wing:12.7052 Bone:119.7747
Epoch [28/100] Step [940/1290] Loss:13.0988 Wing:12.8365 Bone:131.1250
Epoch [28/100] Step [960/1290] Loss:13.0769 Wing:12.8593 Bone:108.7958
Epoch [28/100] Step [980/1290] Loss:13.2714 Wing:13.0133 Bone:129.0260
Epoch [28/100] Step [1000/1290] Loss:13.7137 Wing:13.4118 Bone:150.9779
Epoch [28/100] Step [1020/1290] Loss:14.8550 Wing:14.5855 Bone:134.7359
Epoch [28/100] Step [1040/1290] Loss:15.2802 Wing:14.9319 Bone:174.1528
Epoch [28/100] Step [1060/1290] Loss:12.9806 Wing:12.7874 Bone:96.6114
Epoch [28/100] Step [1080/1290] Loss:14.2110 Wing:13.9731 Bone:118.9443
Epoch [28/100] Step [1100/1290] Loss:13.9290 Wing:13.7118 Bone:108.6184
Epoch [28/100] Step [1120/1290] Loss:13.2270 Wing:12.9860 Bone:120.4893
Epoch [28/100] Step [1140/1290] Loss:13.7818 Wing:13.4487 Bone:166.5116
Epoch [28/100] Step [1160/1290] Loss:14.6787 Wing:14.3702 Bone:154.2181
Epoch [28/100] Step [1180/1290] Loss:14.4801 Wing:14.0065 Bone:236.7930
Epoch [28/100] Step [1200/1290] Loss:13.6697 Wing:13.3797 Bone:145.0006
Epoch [28/100] Step [1220/1290] Loss:15.0149 Wing:14.6417 Bone:186.5891
Epoch [28/100] Step [1240/1290] Loss:13.8024 Wing:13.5750 Bone:113.7108
Epoch [28/100] Step [1260/1290] Loss:15.2423 Wing:14.9158 Bone:163.2362
Epoch [28/100] Step [1280/1290] Loss:14.1258 Wing:13.7801 Bone:172.8311
===> Epoch 28 | Loss:13.5515 | Wing:13.2864 | Bone:132.5543 | LR:8.21e-05 | 540.7s/epoch (1290 steps)
    Peak CUDA memory allocated so far: 1372.4 MB
Epoch [29/100] Step [0/1290] Loss:14.2641 Wing:13.9570 Bone:153.5480
Epoch [29/100] Step [20/1290] Loss:13.0100 Wing:12.7464 Bone:131.7897
Epoch [29/100] Step [40/1290] Loss:13.1501 Wing:12.9309 Bone:109.6267
Epoch [29/100] Step [60/1290] Loss:11.3651 Wing:11.2143 Bone:75.4032
Epoch [29/100] Step [80/1290] Loss:13.1115 Wing:12.9018 Bone:104.8138
Epoch [29/100] Step [100/1290] Loss:14.3303 Wing:13.8995 Bone:215.3979
Epoch [29/100] Step [120/1290] Loss:13.8119 Wing:13.5582 Bone:126.8431
Epoch [29/100] Step [140/1290] Loss:12.7826 Wing:12.5509 Bone:115.8538
Epoch [29/100] Step [160/1290] Loss:14.2849 Wing:13.9990 Bone:142.9700
Epoch [29/100] Step [180/1290] Loss:13.2310 Wing:12.9870 Bone:121.9929
Epoch [29/100] Step [200/1290] Loss:13.9898 Wing:13.6849 Bone:152.4550
Epoch [29/100] Step [220/1290] Loss:13.8358 Wing:13.5916 Bone:122.1063
Epoch [29/100] Step [240/1290] Loss:13.1778 Wing:12.8762 Bone:150.7969
Epoch [29/100] Step [260/1290] Loss:14.2005 Wing:13.9434 Bone:128.5519
Epoch [29/100] Step [280/1290] Loss:13.9887 Wing:13.6649 Bone:161.9433
Epoch [29/100] Step [300/1290] Loss:15.3825 Wing:14.9158 Bone:233.3619
Epoch [29/100] Step [320/1290] Loss:13.7728 Wing:13.4638 Bone:154.5245
Epoch [29/100] Step [340/1290] Loss:18.1084 Wing:17.4687 Bone:319.8895
Epoch [29/100] Step [360/1290] Loss:12.0396 Wing:11.8937 Bone:72.9493
Epoch [29/100] Step [380/1290] Loss:12.2131 Wing:12.0756 Bone:68.7477
Epoch [29/100] Step [400/1290] Loss:13.4333 Wing:13.1182 Bone:157.5425
Epoch [29/100] Step [420/1290] Loss:12.9792 Wing:12.7893 Bone:94.9479
Epoch [29/100] Step [440/1290] Loss:12.9745 Wing:12.6510 Bone:161.7344
Epoch [29/100] Step [460/1290] Loss:13.3436 Wing:13.1340 Bone:104.8167
Epoch [29/100] Step [480/1290] Loss:12.6507 Wing:12.3742 Bone:138.2438
Epoch [29/100] Step [500/1290] Loss:12.5851 Wing:12.3633 Bone:110.8639
Epoch [29/100] Step [520/1290] Loss:12.7050 Wing:12.5115 Bone:96.7520
Epoch [29/100] Step [540/1290] Loss:13.8255 Wing:13.6057 Bone:109.8566
Epoch [29/100] Step [560/1290] Loss:13.4708 Wing:13.2380 Bone:116.3897
Epoch [29/100] Step [580/1290] Loss:13.5212 Wing:13.2773 Bone:121.9779
Epoch [29/100] Step [600/1290] Loss:12.8153 Wing:12.6450 Bone:85.1442
Epoch [29/100] Step [620/1290] Loss:13.1336 Wing:12.9281 Bone:102.7641
Epoch [29/100] Step [640/1290] Loss:15.4120 Wing:15.0410 Bone:185.4710
Epoch [29/100] Step [660/1290] Loss:13.8497 Wing:13.6541 Bone:97.8213
Epoch [29/100] Step [680/1290] Loss:12.2528 Wing:12.1033 Bone:74.7638
Epoch [29/100] Step [700/1290] Loss:12.9073 Wing:12.7040 Bone:101.6722
Epoch [29/100] Step [720/1290] Loss:15.5253 Wing:15.1640 Bone:180.6720
Epoch [29/100] Step [740/1290] Loss:14.4373 Wing:13.9825 Bone:227.4327
Epoch [29/100] Step [760/1290] Loss:13.6575 Wing:13.3170 Bone:170.2567
Epoch [29/100] Step [780/1290] Loss:12.6841 Wing:12.5495 Bone:67.2844
Epoch [29/100] Step [800/1290] Loss:12.7298 Wing:12.5371 Bone:96.3521
Epoch [29/100] Step [820/1290] Loss:13.0962 Wing:12.8674 Bone:114.3572
Epoch [29/100] Step [840/1290] Loss:12.7255 Wing:12.5235 Bone:100.9803
Epoch [29/100] Step [860/1290] Loss:12.5695 Wing:12.3644 Bone:102.5613
Epoch [29/100] Step [880/1290] Loss:13.4650 Wing:13.2197 Bone:122.6660
Epoch [29/100] Step [900/1290] Loss:14.3148 Wing:14.0228 Bone:146.0108
Epoch [29/100] Step [920/1290] Loss:13.4149 Wing:13.1556 Bone:129.6114
Epoch [29/100] Step [940/1290] Loss:12.9163 Wing:12.6276 Bone:144.3759
Epoch [29/100] Step [960/1290] Loss:13.3073 Wing:13.0803 Bone:113.4617
Epoch [29/100] Step [980/1290] Loss:12.4524 Wing:12.2750 Bone:88.6685
Epoch [29/100] Step [1000/1290] Loss:15.0653 Wing:14.5899 Bone:237.7009
Epoch [29/100] Step [1020/1290] Loss:12.4978 Wing:12.3281 Bone:84.8910
Epoch [29/100] Step [1040/1290] Loss:13.5892 Wing:13.3474 Bone:120.9330
Epoch [29/100] Step [1060/1290] Loss:12.0106 Wing:11.8562 Bone:77.1961
Epoch [29/100] Step [1080/1290] Loss:13.1081 Wing:12.8624 Bone:122.8633
Epoch [29/100] Step [1100/1290] Loss:12.0821 Wing:11.8932 Bone:94.4270
Epoch [29/100] Step [1120/1290] Loss:15.1527 Wing:14.8049 Bone:173.9110
Epoch [29/100] Step [1140/1290] Loss:12.3817 Wing:12.1490 Bone:116.3268
Epoch [29/100] Step [1160/1290] Loss:12.9528 Wing:12.7302 Bone:111.3316
Epoch [29/100] Step [1180/1290] Loss:13.5956 Wing:13.3201 Bone:137.7444
Epoch [29/100] Step [1200/1290] Loss:13.3070 Wing:13.0550 Bone:126.0084
Epoch [29/100] Step [1220/1290] Loss:14.4908 Wing:14.1663 Bone:162.2709
Epoch [29/100] Step [1240/1290] Loss:14.5563 Wing:13.9791 Bone:288.6243
Epoch [29/100] Step [1260/1290] Loss:13.7343 Wing:13.4658 Bone:134.2066
Epoch [29/100] Step [1280/1290] Loss:12.8994 Wing:12.7136 Bone:92.8622
===> Epoch 29 | Loss:13.5323 | Wing:13.2682 | Bone:132.0548 | LR:8.08e-05 | 685.2s/epoch (1290 steps)
    Peak CUDA memory allocated so far: 1372.4 MB
Epoch [30/100] Step [0/1290] Loss:12.0009 Wing:11.8343 Bone:83.2703
Epoch [30/100] Step [20/1290] Loss:13.1991 Wing:12.9994 Bone:99.8190
Epoch [30/100] Step [40/1290] Loss:12.3582 Wing:12.2075 Bone:75.3659
Epoch [30/100] Step [60/1290] Loss:13.5990 Wing:13.3870 Bone:105.9791
Epoch [30/100] Step [80/1290] Loss:12.6484 Wing:12.4265 Bone:110.9287
Epoch [30/100] Step [100/1290] Loss:12.6015 Wing:12.4208 Bone:90.3524
Epoch [30/100] Step [120/1290] Loss:12.6449 Wing:12.4444 Bone:100.2622
Epoch [30/100] Step [140/1290] Loss:13.3991 Wing:13.0988 Bone:150.1720
Epoch [30/100] Step [160/1290] Loss:11.7644 Wing:11.6134 Bone:75.5108
Epoch [30/100] Step [180/1290] Loss:12.5075 Wing:12.3304 Bone:88.5389
Epoch [30/100] Step [200/1290] Loss:12.5799 Wing:12.3800 Bone:99.9489
Epoch [30/100] Step [220/1290] Loss:12.4007 Wing:12.1859 Bone:107.3694
Epoch [30/100] Step [240/1290] Loss:12.4572 Wing:12.2238 Bone:116.6995
Epoch [30/100] Step [260/1290] Loss:12.2583 Wing:12.0505 Bone:103.8910
Epoch [30/100] Step [280/1290] Loss:13.6931 Wing:13.3959 Bone:148.6028
Epoch [30/100] Step [300/1290] Loss:14.2184 Wing:13.8805 Bone:168.9450
Epoch [30/100] Step [320/1290] Loss:12.3399 Wing:12.1494 Bone:95.2603
Epoch [30/100] Step [340/1290] Loss:13.6774 Wing:13.3547 Bone:161.3437
Epoch [30/100] Step [360/1290] Loss:13.8694 Wing:13.6012 Bone:134.1022
Epoch [30/100] Step [380/1290] Loss:14.2111 Wing:13.8151 Bone:198.0344
Epoch [30/100] Step [400/1290] Loss:13.1829 Wing:12.8654 Bone:158.7378
Epoch [30/100] Step [420/1290] Loss:13.3569 Wing:13.1207 Bone:118.0961
Epoch [30/100] Step [440/1290] Loss:12.9438 Wing:12.7097 Bone:117.0368
Epoch [30/100] Step [460/1290] Loss:12.9093 Wing:12.6786 Bone:115.3722
Epoch [30/100] Step [480/1290] Loss:13.7449 Wing:13.5347 Bone:105.0715
Epoch [30/100] Step [500/1290] Loss:15.9371 Wing:15.5615 Bone:187.7679
Epoch [30/100] Step [520/1290] Loss:11.7003 Wing:11.5449 Bone:77.6858
Epoch [30/100] Step [540/1290] Loss:13.7862 Wing:13.5331 Bone:126.5481
Epoch [30/100] Step [560/1290] Loss:12.5845 Wing:12.4037 Bone:90.4285
Epoch [30/100] Step [580/1290] Loss:12.9693 Wing:12.6826 Bone:143.3596
Epoch [30/100] Step [600/1290] Loss:12.8991 Wing:12.6872 Bone:105.9731
Epoch [30/100] Step [620/1290] Loss:14.5128 Wing:14.2804 Bone:116.2323
Epoch [30/100] Step [640/1290] Loss:13.5334 Wing:13.2663 Bone:133.5408
Epoch [30/100] Step [660/1290] Loss:12.8435 Wing:12.5858 Bone:128.8757
Epoch [30/100] Step [680/1290] Loss:12.2366 Wing:12.0686 Bone:84.0097
Epoch [30/100] Step [700/1290] Loss:13.9857 Wing:13.7235 Bone:131.0985
Epoch [30/100] Step [720/1290] Loss:13.9094 Wing:13.6720 Bone:118.6929
Epoch [30/100] Step [740/1290] Loss:12.0213 Wing:11.8511 Bone:85.1447
Epoch [30/100] Step [760/1290] Loss:13.2807 Wing:13.0251 Bone:127.7953
Epoch [30/100] Step [780/1290] Loss:12.2971 Wing:12.1501 Bone:73.5022
Epoch [30/100] Step [800/1290] Loss:14.7360 Wing:14.4296 Bone:153.2199
Epoch [30/100] Step [820/1290] Loss:13.0648 Wing:12.8847 Bone:90.0602
Epoch [30/100] Step [840/1290] Loss:13.9693 Wing:13.6977 Bone:135.8046
Epoch [30/100] Step [860/1290] Loss:15.9374 Wing:15.6106 Bone:163.3710
Epoch [30/100] Step [880/1290] Loss:11.7327 Wing:11.5784 Bone:77.1675
Epoch [30/100] Step [900/1290] Loss:12.2441 Wing:12.0037 Bone:120.1957
Epoch [30/100] Step [920/1290] Loss:12.6463 Wing:12.4095 Bone:118.3850
Epoch [30/100] Step [940/1290] Loss:13.3668 Wing:13.1165 Bone:125.1537
Epoch [30/100] Step [960/1290] Loss:12.3442 Wing:12.1631 Bone:90.5512
Epoch [30/100] Step [980/1290] Loss:11.6180 Wing:11.4390 Bone:89.4896
Epoch [30/100] Step [1000/1290] Loss:12.0652 Wing:11.9014 Bone:81.8897
Epoch [30/100] Step [1020/1290] Loss:15.7049 Wing:15.3324 Bone:186.2385
Epoch [30/100] Step [1040/1290] Loss:12.5568 Wing:12.4080 Bone:74.3932
Epoch [30/100] Step [1060/1290] Loss:12.6956 Wing:12.4562 Bone:119.6864
Epoch [30/100] Step [1080/1290] Loss:11.8564 Wing:11.6630 Bone:96.7439
Epoch [30/100] Step [1100/1290] Loss:12.9704 Wing:12.7930 Bone:88.6845
Epoch [30/100] Step [1120/1290] Loss:12.8408 Wing:12.5941 Bone:123.3818
Epoch [30/100] Step [1140/1290] Loss:12.3417 Wing:12.2088 Bone:66.4463
Epoch [30/100] Step [1160/1290] Loss:12.1610 Wing:12.0323 Bone:64.3555
Epoch [30/100] Step [1180/1290] Loss:12.5576 Wing:12.3643 Bone:96.6268
Epoch [30/100] Step [1200/1290] Loss:14.0424 Wing:13.8536 Bone:94.3952
Epoch [30/100] Step [1220/1290] Loss:12.1333 Wing:11.9938 Bone:69.7762
Epoch [30/100] Step [1240/1290] Loss:11.9846 Wing:11.7797 Bone:102.4266
Epoch [30/100] Step [1260/1290] Loss:14.3417 Wing:14.0335 Bone:154.1175
Epoch [30/100] Step [1280/1290] Loss:13.9412 Wing:13.6427 Bone:149.2808
===> Epoch 30 | Loss:13.3990 | Wing:13.1434 | Bone:127.8391 | LR:7.96e-05 | 788.3s/epoch (1290 steps)
    Peak CUDA memory allocated so far: 1372.4 MB
    Checkpoint saved: C:\Users\Bea Juliana Poquiz\Desktop\mmpose_thesis\R2-05\runs\parity_baseline\checkpoints\parity_epoch_30.pth
    >>> MONITOR (V2-style, rhd_test.json subset) (n=200, 7.3s) PCK@0.2: 0.9412 | AUC: 0.8687 | MPJPE: 16.90px
    >>> No improvement (2/5)
Epoch [31/100] Step [0/1290] Loss:13.6408 Wing:13.4007 Bone:120.0387
Epoch [31/100] Step [20/1290] Loss:13.4964 Wing:13.1530 Bone:171.6860
Epoch [31/100] Step [40/1290] Loss:13.0802 Wing:12.8948 Bone:92.7085
Epoch [31/100] Step [60/1290] Loss:12.6334 Wing:12.4304 Bone:101.4774
Epoch [31/100] Step [80/1290] Loss:12.6035 Wing:12.4032 Bone:100.1303
Epoch [31/100] Step [100/1290] Loss:11.3150 Wing:11.1642 Bone:75.3992
Epoch [31/100] Step [120/1290] Loss:13.4575 Wing:13.2369 Bone:110.3162
Epoch [31/100] Step [140/1290] Loss:14.2278 Wing:13.9988 Bone:114.4909
Epoch [31/100] Step [160/1290] Loss:13.0838 Wing:12.8715 Bone:106.1331
Epoch [31/100] Step [180/1290] Loss:13.4622 Wing:13.2666 Bone:97.7675
Epoch [31/100] Step [200/1290] Loss:13.1582 Wing:12.9009 Bone:128.6507
Epoch [31/100] Step [220/1290] Loss:12.7455 Wing:12.5560 Bone:94.7479
Epoch [31/100] Step [240/1290] Loss:13.1941 Wing:12.8995 Bone:147.2971
Epoch [31/100] Step [260/1290] Loss:13.6164 Wing:12.9016 Bone:357.3769
Epoch [31/100] Step [280/1290] Loss:12.6039 Wing:12.4321 Bone:85.9056
Epoch [31/100] Step [300/1290] Loss:12.9762 Wing:12.7441 Bone:116.0394
Epoch [31/100] Step [320/1290] Loss:13.2432 Wing:13.0778 Bone:82.6999
Epoch [31/100] Step [340/1290] Loss:14.7501 Wing:14.4923 Bone:128.9023
Epoch [31/100] Step [360/1290] Loss:12.5295 Wing:12.2894 Bone:120.0504
Epoch [31/100] Step [380/1290] Loss:13.1256 Wing:12.9049 Bone:110.3372
Epoch [31/100] Step [400/1290] Loss:12.8488 Wing:12.6198 Bone:114.4993
Epoch [31/100] Step [420/1290] Loss:12.2632 Wing:12.0489 Bone:107.1591
Epoch [31/100] Step [440/1290] Loss:14.0594 Wing:13.8323 Bone:113.5696
Epoch [31/100] Step [460/1290] Loss:11.6610 Wing:11.4353 Bone:112.8270
Epoch [31/100] Step [480/1290] Loss:13.3515 Wing:13.0808 Bone:135.3434
Epoch [31/100] Step [500/1290] Loss:15.9078 Wing:14.7875 Bone:560.1437
Epoch [31/100] Step [520/1290] Loss:13.1488 Wing:12.8277 Bone:160.5321
Epoch [31/100] Step [540/1290] Loss:14.2761 Wing:14.0055 Bone:135.2849
Epoch [31/100] Step [560/1290] Loss:11.8642 Wing:11.6519 Bone:106.1325
Epoch [31/100] Step [580/1290] Loss:13.0443 Wing:12.8000 Bone:122.1400
Epoch [31/100] Step [600/1290] Loss:13.1086 Wing:12.9153 Bone:96.6132
Epoch [31/100] Step [620/1290] Loss:14.3655 Wing:13.8423 Bone:261.6062
Epoch [31/100] Step [640/1290] Loss:13.2267 Wing:12.9621 Bone:132.2793
Epoch [31/100] Step [660/1290] Loss:12.5072 Wing:12.3348 Bone:86.1990
Epoch [31/100] Step [680/1290] Loss:13.8528 Wing:13.5905 Bone:131.1763
Epoch [31/100] Step [700/1290] Loss:12.6221 Wing:12.3841 Bone:118.9683
Epoch [31/100] Step [720/1290] Loss:12.6115 Wing:12.4309 Bone:90.3064
Epoch [31/100] Step [740/1290] Loss:12.6691 Wing:12.4597 Bone:104.6773
Epoch [31/100] Step [760/1290] Loss:12.4969 Wing:12.3090 Bone:93.9620
Epoch [31/100] Step [780/1290] Loss:12.4836 Wing:12.3192 Bone:82.1956
Epoch [31/100] Step [800/1290] Loss:12.8042 Wing:12.5622 Bone:120.9865
Epoch [31/100] Step [820/1290] Loss:11.6935 Wing:11.5245 Bone:84.4818
Epoch [31/100] Step [840/1290] Loss:13.7904 Wing:13.5338 Bone:128.2890
Epoch [31/100] Step [860/1290] Loss:14.3974 Wing:14.0240 Bone:186.6864
Epoch [31/100] Step [880/1290] Loss:12.8516 Wing:12.5703 Bone:140.6428
Epoch [31/100] Step [900/1290] Loss:12.9937 Wing:12.7971 Bone:98.3057
Epoch [31/100] Step [920/1290] Loss:12.7373 Wing:12.5496 Bone:93.8428
Epoch [31/100] Step [940/1290] Loss:13.8841 Wing:13.6144 Bone:134.8237
Epoch [31/100] Step [960/1290] Loss:14.2809 Wing:14.0504 Bone:115.2445
Epoch [31/100] Step [980/1290] Loss:12.5438 Wing:12.3072 Bone:118.3116
Epoch [31/100] Step [1000/1290] Loss:11.4637 Wing:11.3245 Bone:69.5750
Epoch [31/100] Step [1020/1290] Loss:12.5395 Wing:12.3772 Bone:81.1485
Epoch [31/100] Step [1040/1290] Loss:13.4816 Wing:13.1952 Bone:143.1753
Epoch [31/100] Step [1060/1290] Loss:12.5526 Wing:12.2831 Bone:134.7434
Epoch [31/100] Step [1080/1290] Loss:12.8254 Wing:12.6422 Bone:91.5695
Epoch [31/100] Step [1100/1290] Loss:13.8577 Wing:13.5294 Bone:164.1407
Epoch [31/100] Step [1120/1290] Loss:15.8581 Wing:15.4169 Bone:220.6360
Epoch [31/100] Step [1140/1290] Loss:14.7164 Wing:14.4429 Bone:136.7683
Epoch [31/100] Step [1160/1290] Loss:13.3714 Wing:13.1486 Bone:111.3973
Epoch [31/100] Step [1180/1290] Loss:10.9891 Wing:10.8651 Bone:61.9688
Epoch [31/100] Step [1200/1290] Loss:13.9718 Wing:13.6581 Bone:156.8429
Epoch [31/100] Step [1220/1290] Loss:12.4242 Wing:12.2629 Bone:80.6387
Epoch [31/100] Step [1240/1290] Loss:12.7959 Wing:12.5542 Bone:120.8230
Epoch [31/100] Step [1260/1290] Loss:14.0439 Wing:13.6458 Bone:199.0711
Epoch [31/100] Step [1280/1290] Loss:13.2064 Wing:12.9621 Bone:122.1474
===> Epoch 31 | Loss:13.3149 | Wing:13.0612 | Bone:126.8669 | LR:7.83e-05 | 762.9s/epoch (1290 steps)
    Peak CUDA memory allocated so far: 1372.4 MB
Epoch [32/100] Step [0/1290] Loss:11.9187 Wing:11.7606 Bone:79.0284
Epoch [32/100] Step [20/1290] Loss:13.3466 Wing:13.1303 Bone:108.1505
Epoch [32/100] Step [40/1290] Loss:13.6135 Wing:13.3593 Bone:127.0945
Epoch [32/100] Step [60/1290] Loss:12.7828 Wing:12.5421 Bone:120.3475
Epoch [32/100] Step [80/1290] Loss:12.5476 Wing:12.2834 Bone:132.0966
Epoch [32/100] Step [100/1290] Loss:13.1796 Wing:12.9429 Bone:118.3245
Epoch [32/100] Step [120/1290] Loss:13.2374 Wing:13.0045 Bone:116.4485
Epoch [32/100] Step [140/1290] Loss:13.9428 Wing:13.6213 Bone:160.7294
Epoch [32/100] Step [160/1290] Loss:13.3495 Wing:13.1826 Bone:83.4426
Epoch [32/100] Step [180/1290] Loss:15.6505 Wing:15.3508 Bone:149.8459
Epoch [32/100] Step [200/1290] Loss:13.3921 Wing:13.1711 Bone:110.4683
Epoch [32/100] Step [220/1290] Loss:12.4205 Wing:12.2170 Bone:101.7678
Epoch [32/100] Step [240/1290] Loss:12.8337 Wing:12.6819 Bone:75.9185
Epoch [32/100] Step [260/1290] Loss:12.2723 Wing:12.0212 Bone:125.5423
Epoch [32/100] Step [280/1290] Loss:12.7929 Wing:12.5645 Bone:114.2202
Epoch [32/100] Step [300/1290] Loss:14.3781 Wing:14.0210 Bone:178.5331
Epoch [32/100] Step [320/1290] Loss:14.7394 Wing:14.3875 Bone:175.9785
Epoch [32/100] Step [340/1290] Loss:13.9697 Wing:13.7064 Bone:131.6470
Epoch [32/100] Step [360/1290] Loss:13.3192 Wing:13.0922 Bone:113.4831
Epoch [32/100] Step [380/1290] Loss:13.1386 Wing:12.9017 Bone:118.4661
Epoch [32/100] Step [400/1290] Loss:15.3441 Wing:15.0633 Bone:140.4035
Epoch [32/100] Step [420/1290] Loss:12.2913 Wing:12.1205 Bone:85.3623
Epoch [32/100] Step [440/1290] Loss:15.1722 Wing:14.7912 Bone:190.4946
Epoch [32/100] Step [460/1290] Loss:12.1795 Wing:11.9146 Bone:132.4263
Epoch [32/100] Step [480/1290] Loss:11.8856 Wing:11.7055 Bone:90.0259
Epoch [32/100] Step [500/1290] Loss:15.2985 Wing:14.9485 Bone:175.0108
Epoch [32/100] Step [520/1290] Loss:13.6292 Wing:13.3256 Bone:151.7835
Epoch [32/100] Step [540/1290] Loss:12.9823 Wing:12.7824 Bone:99.9566
Epoch [32/100] Step [560/1290] Loss:13.3669 Wing:13.0900 Bone:138.4538
Epoch [32/100] Step [580/1290] Loss:13.3655 Wing:13.1476 Bone:108.9164
Epoch [32/100] Step [600/1290] Loss:15.3480 Wing:15.1006 Bone:123.6994
Epoch [32/100] Step [620/1290] Loss:14.6454 Wing:14.3986 Bone:123.3654
Epoch [32/100] Step [640/1290] Loss:13.1148 Wing:12.8389 Bone:137.9874
Epoch [32/100] Step [660/1290] Loss:13.0478 Wing:12.8375 Bone:105.1384
Epoch [32/100] Step [680/1290] Loss:14.9954 Wing:14.6435 Bone:175.9449
Epoch [32/100] Step [700/1290] Loss:12.3669 Wing:12.2138 Bone:76.5192
Epoch [32/100] Step [720/1290] Loss:11.9713 Wing:11.7839 Bone:93.6921
Epoch [32/100] Step [740/1290] Loss:12.2153 Wing:12.0442 Bone:85.5228
Epoch [32/100] Step [760/1290] Loss:13.1536 Wing:12.9113 Bone:121.1558
Epoch [32/100] Step [780/1290] Loss:12.8446 Wing:12.6464 Bone:99.1006
Epoch [32/100] Step [800/1290] Loss:13.0601 Wing:12.8574 Bone:101.3596
Epoch [32/100] Step [820/1290] Loss:12.2028 Wing:12.0557 Bone:73.5886
Epoch [32/100] Step [840/1290] Loss:13.7714 Wing:13.4941 Bone:138.6507
Epoch [32/100] Step [860/1290] Loss:12.4825 Wing:12.3173 Bone:82.6045
Epoch [32/100] Step [880/1290] Loss:12.8411 Wing:12.6356 Bone:102.7386
Epoch [32/100] Step [900/1290] Loss:14.9527 Wing:14.6320 Bone:160.3439
Epoch [32/100] Step [920/1290] Loss:12.8111 Wing:12.5592 Bone:125.9774
Epoch [32/100] Step [940/1290] Loss:14.5285 Wing:14.2066 Bone:160.9250
Epoch [32/100] Step [960/1290] Loss:12.1903 Wing:12.0083 Bone:90.9631
Epoch [32/100] Step [980/1290] Loss:14.7736 Wing:14.3674 Bone:203.1281
Epoch [32/100] Step [1000/1290] Loss:12.6898 Wing:12.4479 Bone:120.9661
Epoch [32/100] Step [1020/1290] Loss:12.0008 Wing:11.8413 Bone:79.7713
Epoch [32/100] Step [1040/1290] Loss:14.0810 Wing:13.6950 Bone:193.0320
Epoch [32/100] Step [1060/1290] Loss:12.9797 Wing:12.7564 Bone:111.6616
Epoch [32/100] Step [1080/1290] Loss:13.8810 Wing:13.3896 Bone:245.6758
Epoch [32/100] Step [1100/1290] Loss:13.9353 Wing:13.5907 Bone:172.2746
Epoch [32/100] Step [1120/1290] Loss:12.7370 Wing:12.5486 Bone:94.2081
Epoch [32/100] Step [1140/1290] Loss:14.5356 Wing:14.2288 Bone:153.3781
Epoch [32/100] Step [1160/1290] Loss:12.0078 Wing:11.8681 Bone:69.8258
Epoch [32/100] Step [1180/1290] Loss:13.4573 Wing:13.0736 Bone:191.8776
Epoch [32/100] Step [1200/1290] Loss:12.1467 Wing:11.9616 Bone:92.5263
Epoch [32/100] Step [1220/1290] Loss:13.3598 Wing:13.1132 Bone:123.3054
Epoch [32/100] Step [1240/1290] Loss:13.0041 Wing:12.8008 Bone:101.6506
Epoch [32/100] Step [1260/1290] Loss:13.0373 Wing:12.7635 Bone:136.8726
Epoch [32/100] Step [1280/1290] Loss:13.7970 Wing:13.5237 Bone:136.6294
===> Epoch 32 | Loss:13.2487 | Wing:12.9991 | Bone:124.8086 | LR:7.70e-05 | 698.2s/epoch (1290 steps)
    Peak CUDA memory allocated so far: 1372.4 MB
Epoch [33/100] Step [0/1290] Loss:12.9935 Wing:12.7154 Bone:139.0443
Epoch [33/100] Step [20/1290] Loss:15.0674 Wing:14.7576 Bone:154.8669
Epoch [33/100] Step [40/1290] Loss:12.0980 Wing:11.9229 Bone:87.5231
Epoch [33/100] Step [60/1290] Loss:15.3571 Wing:14.9575 Bone:199.8040
Epoch [33/100] Step [80/1290] Loss:13.2784 Wing:13.0656 Bone:106.4264
Epoch [33/100] Step [100/1290] Loss:12.3655 Wing:12.1994 Bone:83.0455
Epoch [33/100] Step [120/1290] Loss:12.9223 Wing:12.7088 Bone:106.7724
Epoch [33/100] Step [140/1290] Loss:13.9175 Wing:13.6462 Bone:135.6443
Epoch [33/100] Step [160/1290] Loss:11.9208 Wing:11.6681 Bone:126.3441
Epoch [33/100] Step [180/1290] Loss:14.6408 Wing:14.2660 Bone:187.4217
Epoch [33/100] Step [200/1290] Loss:12.2044 Wing:11.9967 Bone:103.8772
Epoch [33/100] Step [220/1290] Loss:14.4654 Wing:14.1147 Bone:175.3488
Epoch [33/100] Step [240/1290] Loss:12.7377 Wing:12.5829 Bone:77.4002
Epoch [33/100] Step [260/1290] Loss:13.9830 Wing:13.7053 Bone:138.8647
Epoch [33/100] Step [280/1290] Loss:12.5149 Wing:12.3205 Bone:97.2263
Epoch [33/100] Step [300/1290] Loss:11.1154 Wing:10.9790 Bone:68.2225
Epoch [33/100] Step [320/1290] Loss:11.6689 Wing:11.5266 Bone:71.1774
Epoch [33/100] Step [340/1290] Loss:11.7790 Wing:11.5889 Bone:95.0459
Epoch [33/100] Step [360/1290] Loss:15.0797 Wing:14.6915 Bone:194.1217
Epoch [33/100] Step [380/1290] Loss:13.5584 Wing:13.2697 Bone:144.3256
Epoch [33/100] Step [400/1290] Loss:12.3382 Wing:12.1273 Bone:105.4634
Epoch [33/100] Step [420/1290] Loss:14.9112 Wing:14.5892 Bone:160.9714
Epoch [33/100] Step [440/1290] Loss:11.9016 Wing:11.7390 Bone:81.2878
Epoch [33/100] Step [460/1290] Loss:14.8489 Wing:14.6137 Bone:117.5768
Epoch [33/100] Step [480/1290] Loss:11.6563 Wing:11.4861 Bone:85.0897
Epoch [33/100] Step [500/1290] Loss:13.3723 Wing:13.1464 Bone:112.9720
Epoch [33/100] Step [520/1290] Loss:13.1756 Wing:12.9071 Bone:134.2337
Epoch [33/100] Step [540/1290] Loss:14.0723 Wing:13.7595 Bone:156.4327
Epoch [33/100] Step [560/1290] Loss:13.2988 Wing:13.1136 Bone:92.5912
Epoch [33/100] Step [580/1290] Loss:13.4192 Wing:13.1950 Bone:112.1032
Epoch [33/100] Step [600/1290] Loss:13.1426 Wing:12.9269 Bone:107.8518
Epoch [33/100] Step [620/1290] Loss:13.4835 Wing:13.2668 Bone:108.3237
Epoch [33/100] Step [640/1290] Loss:13.2536 Wing:13.0132 Bone:120.2035
Epoch [33/100] Step [660/1290] Loss:12.7028 Wing:12.5004 Bone:101.1683
Epoch [33/100] Step [680/1290] Loss:13.6668 Wing:13.3721 Bone:147.3915
Epoch [33/100] Step [700/1290] Loss:13.8200 Wing:13.4165 Bone:201.7442
Epoch [33/100] Step [720/1290] Loss:13.0164 Wing:12.7794 Bone:118.5210
Epoch [33/100] Step [740/1290] Loss:11.9247 Wing:11.7712 Bone:76.7226
Epoch [33/100] Step [760/1290] Loss:12.6734 Wing:12.3401 Bone:166.6400
Epoch [33/100] Step [780/1290] Loss:12.4304 Wing:12.2172 Bone:106.5667
Epoch [33/100] Step [800/1290] Loss:12.3133 Wing:12.1350 Bone:89.1262
Epoch [33/100] Step [820/1290] Loss:12.5236 Wing:12.3124 Bone:105.5862
Epoch [33/100] Step [840/1290] Loss:12.3122 Wing:12.0041 Bone:154.0522
Epoch [33/100] Step [860/1290] Loss:11.6836 Wing:11.5211 Bone:81.2414
Epoch [33/100] Step [880/1290] Loss:12.7693 Wing:12.5582 Bone:105.5427
Epoch [33/100] Step [900/1290] Loss:13.3268 Wing:13.1244 Bone:101.1947
Epoch [33/100] Step [920/1290] Loss:12.6767 Wing:12.4684 Bone:104.1731
Epoch [33/100] Step [940/1290] Loss:13.3055 Wing:12.9767 Bone:164.4168
Epoch [33/100] Step [960/1290] Loss:12.3689 Wing:12.1786 Bone:95.1851
Epoch [33/100] Step [980/1290] Loss:13.2522 Wing:12.9143 Bone:168.9571
Epoch [33/100] Step [1000/1290] Loss:13.7064 Wing:13.5454 Bone:80.4813
Epoch [33/100] Step [1020/1290] Loss:13.7207 Wing:13.3879 Bone:166.3616
Epoch [33/100] Step [1040/1290] Loss:13.5973 Wing:12.9949 Bone:301.1684
Epoch [33/100] Step [1060/1290] Loss:12.7096 Wing:12.4592 Bone:125.2123
Epoch [33/100] Step [1080/1290] Loss:12.9068 Wing:12.7464 Bone:80.2153
Epoch [33/100] Step [1100/1290] Loss:12.6662 Wing:12.4480 Bone:109.1133
Epoch [33/100] Step [1120/1290] Loss:12.5306 Wing:12.3276 Bone:101.5271
Epoch [33/100] Step [1140/1290] Loss:12.8867 Wing:12.6828 Bone:101.9524
Epoch [33/100] Step [1160/1290] Loss:12.3359 Wing:12.1156 Bone:110.1385
Epoch [33/100] Step [1180/1290] Loss:12.1477 Wing:11.9366 Bone:105.5617
Epoch [33/100] Step [1200/1290] Loss:13.4755 Wing:13.1641 Bone:155.7235
Epoch [33/100] Step [1220/1290] Loss:13.0094 Wing:12.7146 Bone:147.4072
Epoch [33/100] Step [1240/1290] Loss:13.6756 Wing:13.4268 Bone:124.4178
Epoch [33/100] Step [1260/1290] Loss:12.3865 Wing:12.2338 Bone:76.3347
Epoch [33/100] Step [1280/1290] Loss:12.0853 Wing:11.9191 Bone:83.1221
===> Epoch 33 | Loss:13.1927 | Wing:12.9451 | Bone:123.7989 | LR:7.57e-05 | 697.6s/epoch (1290 steps)
    Peak CUDA memory allocated so far: 1372.4 MB
Epoch [34/100] Step [0/1290] Loss:15.5069 Wing:15.1015 Bone:202.6978
Epoch [34/100] Step [20/1290] Loss:13.0637 Wing:12.8370 Bone:113.3573
Epoch [34/100] Step [40/1290] Loss:13.0016 Wing:12.6892 Bone:156.1725
Epoch [34/100] Step [60/1290] Loss:13.2911 Wing:13.0745 Bone:108.3183
Epoch [34/100] Step [80/1290] Loss:12.8326 Wing:12.6412 Bone:95.7154
Epoch [34/100] Step [100/1290] Loss:12.3848 Wing:12.2675 Bone:58.6703
Epoch [34/100] Step [120/1290] Loss:13.7060 Wing:13.4732 Bone:116.3779
Epoch [34/100] Step [140/1290] Loss:18.3008 Wing:17.5544 Bone:373.1951
Epoch [34/100] Step [160/1290] Loss:12.5117 Wing:12.2766 Bone:117.5311
Epoch [34/100] Step [180/1290] Loss:13.3229 Wing:13.0573 Bone:132.7857
Epoch [34/100] Step [200/1290] Loss:16.6044 Wing:15.8647 Bone:369.8094
Epoch [34/100] Step [220/1290] Loss:13.1147 Wing:12.8713 Bone:121.6855
Epoch [34/100] Step [240/1290] Loss:12.6732 Wing:12.4655 Bone:103.8582
Epoch [34/100] Step [260/1290] Loss:12.9831 Wing:12.7542 Bone:114.4475
Epoch [34/100] Step [280/1290] Loss:12.6244 Wing:12.4743 Bone:75.0544
Epoch [34/100] Step [300/1290] Loss:13.6326 Wing:13.2787 Bone:176.9590
Epoch [34/100] Step [320/1290] Loss:13.1623 Wing:12.9295 Bone:116.3790
Epoch [34/100] Step [340/1290] Loss:14.1874 Wing:13.9270 Bone:130.1728
Epoch [34/100] Step [360/1290] Loss:13.8168 Wing:13.5620 Bone:127.4252
Epoch [34/100] Step [380/1290] Loss:14.3020 Wing:14.0279 Bone:137.0572
Epoch [34/100] Step [400/1290] Loss:11.1940 Wing:11.0465 Bone:73.7460
Epoch [34/100] Step [420/1290] Loss:14.0309 Wing:13.7245 Bone:153.2271
Epoch [34/100] Step [440/1290] Loss:12.8741 Wing:12.5314 Bone:171.3461
Epoch [34/100] Step [460/1290] Loss:11.3024 Wing:11.1821 Bone:60.1820
Epoch [34/100] Step [480/1290] Loss:12.6501 Wing:12.4369 Bone:106.6228
Epoch [34/100] Step [500/1290] Loss:12.1981 Wing:11.9753 Bone:111.4068
Epoch [34/100] Step [520/1290] Loss:11.7719 Wing:11.6393 Bone:66.3131
Epoch [34/100] Step [540/1290] Loss:13.8294 Wing:13.5449 Bone:142.2321
Epoch [34/100] Step [560/1290] Loss:11.9773 Wing:11.8249 Bone:76.1569
Epoch [34/100] Step [580/1290] Loss:12.8681 Wing:12.6681 Bone:99.9856
Epoch [34/100] Step [600/1290] Loss:13.0472 Wing:12.8673 Bone:89.9340
Epoch [34/100] Step [620/1290] Loss:12.3664 Wing:12.2126 Bone:76.8909
Epoch [34/100] Step [640/1290] Loss:13.6179 Wing:13.4138 Bone:102.0391
Epoch [34/100] Step [660/1290] Loss:14.0779 Wing:13.7187 Bone:179.5893
Epoch [34/100] Step [680/1290] Loss:13.3171 Wing:13.0823 Bone:117.4187
Epoch [34/100] Step [700/1290] Loss:13.3702 Wing:13.1063 Bone:131.9392
Epoch [34/100] Step [720/1290] Loss:14.0882 Wing:13.7676 Bone:160.2826
Epoch [34/100] Step [740/1290] Loss:13.1882 Wing:12.9684 Bone:109.8835
Epoch [34/100] Step [760/1290] Loss:15.5047 Wing:14.8923 Bone:306.1765
Epoch [34/100] Step [780/1290] Loss:13.4746 Wing:13.3080 Bone:83.3092
Epoch [34/100] Step [800/1290] Loss:13.9403 Wing:13.6572 Bone:141.5479
Epoch [34/100] Step [820/1290] Loss:13.1160 Wing:12.8738 Bone:121.0948
Epoch [34/100] Step [840/1290] Loss:12.6830 Wing:12.4706 Bone:106.2090
Epoch [34/100] Step [860/1290] Loss:13.6789 Wing:13.3937 Bone:142.5666
Epoch [34/100] Step [880/1290] Loss:11.9127 Wing:11.7379 Bone:87.4326
Epoch [34/100] Step [900/1290] Loss:12.8980 Wing:12.6591 Bone:119.4501
Epoch [34/100] Step [920/1290] Loss:14.5215 Wing:14.2571 Bone:132.1846
Epoch [34/100] Step [940/1290] Loss:12.3469 Wing:12.1369 Bone:105.0175
Epoch [34/100] Step [960/1290] Loss:14.9521 Wing:14.5532 Bone:199.4641
Epoch [34/100] Step [980/1290] Loss:13.3794 Wing:13.1355 Bone:121.9496
Epoch [34/100] Step [1000/1290] Loss:14.8358 Wing:14.5440 Bone:145.8867
Epoch [34/100] Step [1020/1290] Loss:12.6219 Wing:12.4063 Bone:107.7769
Epoch [34/100] Step [1040/1290] Loss:11.9163 Wing:11.7085 Bone:103.8950
Epoch [34/100] Step [1060/1290] Loss:14.7667 Wing:14.3405 Bone:213.1379
Epoch [34/100] Step [1080/1290] Loss:12.9218 Wing:12.6996 Bone:111.0822
Epoch [34/100] Step [1100/1290] Loss:12.9267 Wing:12.6755 Bone:125.5862
Epoch [34/100] Step [1120/1290] Loss:13.7155 Wing:13.5086 Bone:103.4779
Epoch [34/100] Step [1140/1290] Loss:14.9539 Wing:14.6280 Bone:162.9255
Epoch [34/100] Step [1160/1290] Loss:13.5266 Wing:13.2904 Bone:118.0941
Epoch [34/100] Step [1180/1290] Loss:11.8888 Wing:11.7523 Bone:68.2266
Epoch [34/100] Step [1200/1290] Loss:13.3395 Wing:13.1215 Bone:109.0335
Epoch [34/100] Step [1220/1290] Loss:13.2084 Wing:12.9922 Bone:108.1027
Epoch [34/100] Step [1240/1290] Loss:14.1697 Wing:13.8988 Bone:135.4547
Epoch [34/100] Step [1260/1290] Loss:12.6608 Wing:12.4085 Bone:126.1425
Epoch [34/100] Step [1280/1290] Loss:12.3845 Wing:12.2131 Bone:85.7456
===> Epoch 34 | Loss:13.1032 | Wing:12.8583 | Bone:122.4287 | LR:7.43e-05 | 695.5s/epoch (1290 steps)
    Peak CUDA memory allocated so far: 1372.4 MB
Epoch [35/100] Step [0/1290] Loss:12.8827 Wing:12.7344 Bone:74.1701
Epoch [35/100] Step [20/1290] Loss:11.5520 Wing:11.3999 Bone:76.0928
Epoch [35/100] Step [40/1290] Loss:12.7917 Wing:12.6135 Bone:89.0748
Epoch [35/100] Step [60/1290] Loss:13.1470 Wing:12.9380 Bone:104.4973
Epoch [35/100] Step [80/1290] Loss:12.9370 Wing:12.6371 Bone:149.9514
Epoch [35/100] Step [100/1290] Loss:11.5313 Wing:11.3746 Bone:78.3491
Epoch [35/100] Step [120/1290] Loss:12.0169 Wing:11.8419 Bone:87.5443
Epoch [35/100] Step [140/1290] Loss:13.7344 Wing:13.3821 Bone:176.1516
Epoch [35/100] Step [160/1290] Loss:11.6873 Wing:11.5757 Bone:55.7984
Epoch [35/100] Step [180/1290] Loss:12.7065 Wing:12.4994 Bone:103.5812
Epoch [35/100] Step [200/1290] Loss:12.3191 Wing:12.1121 Bone:103.5320
Epoch [35/100] Step [220/1290] Loss:12.9683 Wing:12.6945 Bone:136.8986
Epoch [35/100] Step [240/1290] Loss:13.5128 Wing:13.2933 Bone:109.7662
Epoch [35/100] Step [260/1290] Loss:11.8896 Wing:11.7097 Bone:89.9654
Epoch [35/100] Step [280/1290] Loss:15.0208 Wing:14.6495 Bone:185.6432
Epoch [35/100] Step [300/1290] Loss:12.7463 Wing:12.5162 Bone:115.0681
Epoch [35/100] Step [320/1290] Loss:13.8227 Wing:13.5505 Bone:136.1203
Epoch [35/100] Step [340/1290] Loss:12.8034 Wing:12.6052 Bone:99.0700
Epoch [35/100] Step [360/1290] Loss:14.6815 Wing:14.3463 Bone:167.6094
Epoch [35/100] Step [380/1290] Loss:12.7740 Wing:12.5041 Bone:134.9763
Epoch [35/100] Step [400/1290] Loss:14.1170 Wing:13.7875 Bone:164.7567
Epoch [35/100] Step [420/1290] Loss:13.4702 Wing:13.1431 Bone:163.5282
Epoch [35/100] Step [440/1290] Loss:13.6061 Wing:13.4373 Bone:84.3949
Epoch [35/100] Step [460/1290] Loss:12.1902 Wing:12.0125 Bone:88.8264
Epoch [35/100] Step [480/1290] Loss:11.9033 Wing:11.7721 Bone:65.5748
Epoch [35/100] Step [500/1290] Loss:15.1398 Wing:14.7519 Bone:193.9349
Epoch [35/100] Step [520/1290] Loss:17.9929 Wing:17.4828 Bone:255.0520
Epoch [35/100] Step [540/1290] Loss:14.3164 Wing:13.9832 Bone:166.5909
Epoch [35/100] Step [560/1290] Loss:13.6670 Wing:13.3679 Bone:149.5146
Epoch [35/100] Step [580/1290] Loss:13.9692 Wing:13.7331 Bone:118.0506
Epoch [35/100] Step [600/1290] Loss:12.6581 Wing:12.4521 Bone:103.0351
Epoch [35/100] Step [620/1290] Loss:11.2902 Wing:11.1280 Bone:81.0858
Epoch [35/100] Step [640/1290] Loss:13.0654 Wing:12.8425 Bone:111.4673
Epoch [35/100] Step [660/1290] Loss:10.5535 Wing:10.4421 Bone:55.7215
Epoch [35/100] Step [680/1290] Loss:12.8337 Wing:12.6544 Bone:89.6953
Epoch [35/100] Step [700/1290] Loss:12.6460 Wing:12.4094 Bone:118.3307
Epoch [35/100] Step [720/1290] Loss:14.0904 Wing:13.7913 Bone:149.5484
Epoch [35/100] Step [740/1290] Loss:11.6929 Wing:11.4976 Bone:97.6598
Epoch [35/100] Step [760/1290] Loss:11.8072 Wing:11.6453 Bone:80.9558
Epoch [35/100] Step [780/1290] Loss:15.2334 Wing:14.8252 Bone:204.0940
Epoch [35/100] Step [800/1290] Loss:12.1206 Wing:11.8704 Bone:125.1204
Epoch [35/100] Step [820/1290] Loss:13.5409 Wing:13.3022 Bone:119.3322
Epoch [35/100] Step [840/1290] Loss:12.2164 Wing:12.0523 Bone:82.0636
Epoch [35/100] Step [860/1290] Loss:13.7245 Wing:13.4513 Bone:136.5702
Epoch [35/100] Step [880/1290] Loss:12.5236 Wing:12.3510 Bone:86.3231
Epoch [35/100] Step [900/1290] Loss:14.1240 Wing:13.7780 Bone:173.0295
Epoch [35/100] Step [920/1290] Loss:14.1949 Wing:13.9606 Bone:117.1406
Epoch [35/100] Step [940/1290] Loss:13.3868 Wing:13.2089 Bone:88.9165
Epoch [35/100] Step [960/1290] Loss:12.9369 Wing:12.7424 Bone:97.2241
Epoch [35/100] Step [980/1290] Loss:14.8894 Wing:14.4961 Bone:196.6643
Epoch [35/100] Step [1000/1290] Loss:11.9295 Wing:11.7254 Bone:102.0471
Epoch [35/100] Step [1020/1290] Loss:12.4401 Wing:12.2474 Bone:96.3523
Epoch [35/100] Step [1040/1290] Loss:12.4144 Wing:12.2399 Bone:87.2208
Epoch [35/100] Step [1060/1290] Loss:13.0332 Wing:12.7621 Bone:135.5442
Epoch [35/100] Step [1080/1290] Loss:13.2841 Wing:12.9661 Bone:158.9851
Epoch [35/100] Step [1100/1290] Loss:13.3281 Wing:13.0268 Bone:150.6530
Epoch [35/100] Step [1120/1290] Loss:15.7055 Wing:15.2648 Bone:220.3692
Epoch [35/100] Step [1140/1290] Loss:12.1763 Wing:11.9824 Bone:96.9542
Epoch [35/100] Step [1160/1290] Loss:12.3445 Wing:12.1561 Bone:94.2049
Epoch [35/100] Step [1180/1290] Loss:12.4206 Wing:12.2294 Bone:95.5942
Epoch [35/100] Step [1200/1290] Loss:14.2976 Wing:13.9825 Bone:157.5610
Epoch [35/100] Step [1220/1290] Loss:13.3636 Wing:13.0252 Bone:169.2234
Epoch [35/100] Step [1240/1290] Loss:11.9341 Wing:11.7197 Bone:107.2128
Epoch [35/100] Step [1260/1290] Loss:12.7527 Wing:12.5948 Bone:78.9780
Epoch [35/100] Step [1280/1290] Loss:12.4537 Wing:12.2359 Bone:108.9078
===> Epoch 35 | Loss:13.0045 | Wing:12.7627 | Bone:120.9024 | LR:7.30e-05 | 699.0s/epoch (1290 steps)
    Peak CUDA memory allocated so far: 1372.4 MB
    >>> MONITOR (V2-style, rhd_test.json subset) (n=200, 6.6s) PCK@0.2: 0.9457 | AUC: 0.8709 | MPJPE: 16.70px
    >>> No improvement (3/5)
Epoch [36/100] Step [0/1290] Loss:13.0209 Wing:12.7570 Bone:131.9378
Epoch [36/100] Step [20/1290] Loss:14.2977 Wing:13.9917 Bone:153.0032
Epoch [36/100] Step [40/1290] Loss:12.5446 Wing:12.3653 Bone:89.6531
Epoch [36/100] Step [60/1290] Loss:12.3514 Wing:12.1572 Bone:97.0763
Epoch [36/100] Step [80/1290] Loss:12.5081 Wing:12.3193 Bone:94.4382
Epoch [36/100] Step [100/1290] Loss:13.7325 Wing:13.4845 Bone:123.9850
Epoch [36/100] Step [120/1290] Loss:11.6363 Wing:11.4756 Bone:80.3364
Epoch [36/100] Step [140/1290] Loss:12.7873 Wing:12.5872 Bone:100.0443
Epoch [36/100] Step [160/1290] Loss:12.1446 Wing:11.9126 Bone:116.0053
Epoch [36/100] Step [180/1290] Loss:11.3407 Wing:11.1723 Bone:84.2177
Epoch [36/100] Step [200/1290] Loss:13.1672 Wing:12.9518 Bone:107.6515
Epoch [36/100] Step [220/1290] Loss:11.9939 Wing:11.8399 Bone:76.9887
Epoch [36/100] Step [240/1290] Loss:11.9671 Wing:11.8152 Bone:75.9358
Epoch [36/100] Step [260/1290] Loss:12.5627 Wing:12.3152 Bone:123.7769
Epoch [36/100] Step [280/1290] Loss:12.8706 Wing:12.7093 Bone:80.6700
Epoch [36/100] Step [300/1290] Loss:14.1053 Wing:13.8132 Bone:146.0322
Epoch [36/100] Step [320/1290] Loss:13.6405 Wing:13.3881 Bone:126.2041
Epoch [36/100] Step [340/1290] Loss:11.9183 Wing:11.7873 Bone:65.4767
Epoch [36/100] Step [360/1290] Loss:10.8189 Wing:10.7108 Bone:54.0401
Epoch [36/100] Step [380/1290] Loss:10.8931 Wing:10.7684 Bone:62.3591
Epoch [36/100] Step [400/1290] Loss:12.5162 Wing:12.3163 Bone:99.9594
Epoch [36/100] Step [420/1290] Loss:12.7474 Wing:12.5190 Bone:114.1633
Epoch [36/100] Step [440/1290] Loss:15.1735 Wing:14.6326 Bone:270.4784
Epoch [36/100] Step [460/1290] Loss:14.3850 Wing:14.0690 Bone:158.0105
Epoch [36/100] Step [480/1290] Loss:12.3472 Wing:12.1502 Bone:98.5291
Epoch [36/100] Step [500/1290] Loss:13.0457 Wing:12.8320 Bone:106.8480
Epoch [36/100] Step [520/1290] Loss:12.3838 Wing:12.2106 Bone:86.5723
Epoch [36/100] Step [540/1290] Loss:12.3004 Wing:12.1254 Bone:87.5076
Epoch [36/100] Step [560/1290] Loss:12.3133 Wing:12.1608 Bone:76.2556
Epoch [36/100] Step [580/1290] Loss:12.8281 Wing:12.5821 Bone:123.0006
Epoch [36/100] Step [600/1290] Loss:11.8144 Wing:11.6727 Bone:70.8354
Epoch [36/100] Step [620/1290] Loss:12.3028 Wing:12.1073 Bone:97.7760
Epoch [36/100] Step [640/1290] Loss:12.7069 Wing:12.5519 Bone:77.5012
Epoch [36/100] Step [660/1290] Loss:13.0817 Wing:12.8308 Bone:125.4291
Epoch [36/100] Step [680/1290] Loss:11.8787 Wing:11.7361 Bone:71.3067
Epoch [36/100] Step [700/1290] Loss:12.1810 Wing:12.0225 Bone:79.2631
Epoch [36/100] Step [720/1290] Loss:17.7529 Wing:17.2289 Bone:262.0399
Epoch [36/100] Step [740/1290] Loss:13.1352 Wing:12.8115 Bone:161.8585
Epoch [36/100] Step [760/1290] Loss:14.7804 Wing:14.4902 Bone:145.0804
Epoch [36/100] Step [780/1290] Loss:15.3789 Wing:15.1263 Bone:126.3100
Epoch [36/100] Step [800/1290] Loss:15.3477 Wing:15.0101 Bone:168.7732
Epoch [36/100] Step [820/1290] Loss:13.4057 Wing:13.1656 Bone:120.0259
Epoch [36/100] Step [840/1290] Loss:12.0145 Wing:11.8792 Bone:67.6305
Epoch [36/100] Step [860/1290] Loss:12.2420 Wing:12.0667 Bone:87.6509
Epoch [36/100] Step [880/1290] Loss:12.2734 Wing:12.1050 Bone:84.2071
Epoch [36/100] Step [900/1290] Loss:12.8998 Wing:12.7104 Bone:94.6930
Epoch [36/100] Step [920/1290] Loss:11.9856 Wing:11.7542 Bone:115.6832
Epoch [36/100] Step [940/1290] Loss:13.0907 Wing:12.7683 Bone:161.1962
Epoch [36/100] Step [960/1290] Loss:13.7105 Wing:13.4734 Bone:118.5599
Epoch [36/100] Step [980/1290] Loss:12.5503 Wing:12.3863 Bone:82.0043
Epoch [36/100] Step [1000/1290] Loss:11.7612 Wing:11.6109 Bone:75.1362
Epoch [36/100] Step [1020/1290] Loss:13.5272 Wing:13.3053 Bone:110.9098
Epoch [36/100] Step [1040/1290] Loss:12.8578 Wing:12.6827 Bone:87.5715
Epoch [36/100] Step [1060/1290] Loss:14.3524 Wing:14.0588 Bone:146.8212
Epoch [36/100] Step [1080/1290] Loss:11.5645 Wing:11.4220 Bone:71.2254
Epoch [36/100] Step [1100/1290] Loss:12.4178 Wing:12.2109 Bone:103.4550
Epoch [36/100] Step [1120/1290] Loss:12.9665 Wing:12.6122 Bone:177.1828
Epoch [36/100] Step [1140/1290] Loss:11.0789 Wing:10.9434 Bone:67.7846
Epoch [36/100] Step [1160/1290] Loss:12.5690 Wing:12.3163 Bone:126.3442
Epoch [36/100] Step [1180/1290] Loss:14.6438 Wing:14.2586 Bone:192.6012
Epoch [36/100] Step [1200/1290] Loss:12.2624 Wing:11.9675 Bone:147.4650
Epoch [36/100] Step [1220/1290] Loss:11.0302 Wing:10.9245 Bone:52.8466
Epoch [36/100] Step [1240/1290] Loss:11.5784 Wing:11.4635 Bone:57.4520
Epoch [36/100] Step [1260/1290] Loss:12.8696 Wing:12.6488 Bone:110.4230
Epoch [36/100] Step [1280/1290] Loss:13.4612 Wing:13.0905 Bone:185.3614
===> Epoch 36 | Loss:12.9657 | Wing:12.7266 | Bone:119.5615 | LR:7.16e-05 | 704.1s/epoch (1290 steps)
    Peak CUDA memory allocated so far: 1372.4 MB
Epoch [37/100] Step [0/1290] Loss:13.7726 Wing:13.3846 Bone:194.0140
Epoch [37/100] Step [20/1290] Loss:14.1553 Wing:13.8710 Bone:142.1606
Epoch [37/100] Step [40/1290] Loss:11.9104 Wing:11.7436 Bone:83.3932
Epoch [37/100] Step [60/1290] Loss:12.3817 Wing:12.1424 Bone:119.6454
Epoch [37/100] Step [80/1290] Loss:15.1186 Wing:14.4118 Bone:353.3982
Epoch [37/100] Step [100/1290] Loss:12.0522 Wing:11.8770 Bone:87.6105
Epoch [37/100] Step [120/1290] Loss:12.9871 Wing:12.6667 Bone:160.1790
Epoch [37/100] Step [140/1290] Loss:13.9292 Wing:13.6446 Bone:142.3078
Epoch [37/100] Step [160/1290] Loss:13.8041 Wing:13.4921 Bone:155.9603
Epoch [37/100] Step [180/1290] Loss:12.9254 Wing:12.7286 Bone:98.3807
Epoch [37/100] Step [200/1290] Loss:11.9655 Wing:11.8036 Bone:80.9044
Epoch [37/100] Step [220/1290] Loss:11.8401 Wing:11.6742 Bone:82.9567
Epoch [37/100] Step [240/1290] Loss:12.0318 Wing:11.8065 Bone:112.6440
Epoch [37/100] Step [260/1290] Loss:11.8397 Wing:11.5998 Bone:119.9717
Epoch [37/100] Step [280/1290] Loss:11.7132 Wing:11.5707 Bone:71.2889
Epoch [37/100] Step [300/1290] Loss:13.0487 Wing:12.7710 Bone:138.8421
Epoch [37/100] Step [320/1290] Loss:12.5743 Wing:12.3418 Bone:116.2512
Epoch [37/100] Step [340/1290] Loss:14.0614 Wing:13.7928 Bone:134.3122
Epoch [37/100] Step [360/1290] Loss:12.3995 Wing:12.2008 Bone:99.3648
Epoch [37/100] Step [380/1290] Loss:13.1699 Wing:12.9056 Bone:132.1539
Epoch [37/100] Step [400/1290] Loss:12.7046 Wing:12.4783 Bone:113.1365
Epoch [37/100] Step [420/1290] Loss:12.4810 Wing:12.2548 Bone:113.1143
Epoch [37/100] Step [440/1290] Loss:14.1846 Wing:13.7674 Bone:208.5759
Epoch [37/100] Step [460/1290] Loss:12.7899 Wing:12.6043 Bone:92.7845
Epoch [37/100] Step [480/1290] Loss:11.8170 Wing:11.6861 Bone:65.4369
Epoch [37/100] Step [500/1290] Loss:12.6770 Wing:12.4372 Bone:119.8941
Epoch [37/100] Step [520/1290] Loss:13.0355 Wing:12.7878 Bone:123.8769
Epoch [37/100] Step [540/1290] Loss:12.5318 Wing:12.3186 Bone:106.5838
Epoch [37/100] Step [560/1290] Loss:14.8000 Wing:14.1080 Bone:346.0075
Epoch [37/100] Step [580/1290] Loss:11.9481 Wing:11.7556 Bone:96.2598
Epoch [37/100] Step [600/1290] Loss:13.4746 Wing:13.1594 Bone:157.6161
Epoch [37/100] Step [620/1290] Loss:12.6514 Wing:12.4888 Bone:81.3116
Epoch [37/100] Step [640/1290] Loss:12.7115 Wing:12.4487 Bone:131.4084
Epoch [37/100] Step [660/1290] Loss:14.1311 Wing:13.8522 Bone:139.4757
Epoch [37/100] Step [680/1290] Loss:12.1782 Wing:12.0241 Bone:77.0439
Epoch [37/100] Step [700/1290] Loss:12.6622 Wing:12.4856 Bone:88.2826
Epoch [37/100] Step [720/1290] Loss:12.6412 Wing:12.3878 Bone:126.6968
Epoch [37/100] Step [740/1290] Loss:12.6714 Wing:12.4361 Bone:117.6306
Epoch [37/100] Step [760/1290] Loss:14.8463 Wing:14.4715 Bone:187.3997
Epoch [37/100] Step [780/1290] Loss:11.7989 Wing:11.6295 Bone:84.7117
Epoch [37/100] Step [800/1290] Loss:10.9797 Wing:10.8418 Bone:68.9340
Epoch [37/100] Step [820/1290] Loss:12.1858 Wing:12.0040 Bone:90.9078
Epoch [37/100] Step [840/1290] Loss:12.0939 Wing:11.9083 Bone:92.8365
Epoch [37/100] Step [860/1290] Loss:12.9042 Wing:12.6992 Bone:102.4607
Epoch [37/100] Step [880/1290] Loss:12.7272 Wing:12.4789 Bone:124.1111
Epoch [37/100] Step [900/1290] Loss:16.2838 Wing:15.7839 Bone:249.9411
Epoch [37/100] Step [920/1290] Loss:14.5157 Wing:14.0147 Bone:250.4921
Epoch [37/100] Step [940/1290] Loss:13.0770 Wing:12.8661 Bone:105.4769
Epoch [37/100] Step [960/1290] Loss:12.4786 Wing:12.2820 Bone:98.2896
Epoch [37/100] Step [980/1290] Loss:13.0559 Wing:12.8330 Bone:111.4525
Epoch [37/100] Step [1000/1290] Loss:12.0368 Wing:11.8439 Bone:96.4505
Epoch [37/100] Step [1020/1290] Loss:12.3811 Wing:12.1933 Bone:93.8686
Epoch [37/100] Step [1040/1290] Loss:12.5883 Wing:12.3546 Bone:116.8567
Epoch [37/100] Step [1060/1290] Loss:11.7740 Wing:11.6081 Bone:82.9903
Epoch [37/100] Step [1080/1290] Loss:13.9864 Wing:13.7519 Bone:117.2454
Epoch [37/100] Step [1100/1290] Loss:13.5111 Wing:13.2772 Bone:116.9103
Epoch [37/100] Step [1120/1290] Loss:12.9769 Wing:12.7750 Bone:100.9554
Epoch [37/100] Step [1140/1290] Loss:15.2802 Wing:14.7625 Bone:258.8716
Epoch [37/100] Step [1160/1290] Loss:15.4690 Wing:15.0771 Bone:195.9577
Epoch [37/100] Step [1180/1290] Loss:12.7744 Wing:12.5777 Bone:98.3649
Epoch [37/100] Step [1200/1290] Loss:12.6951 Wing:12.4734 Bone:110.8358
Epoch [37/100] Step [1220/1290] Loss:12.8283 Wing:12.6038 Bone:112.2519
Epoch [37/100] Step [1240/1290] Loss:12.4620 Wing:12.2314 Bone:115.2984
Epoch [37/100] Step [1260/1290] Loss:12.4671 Wing:12.2216 Bone:122.7853
Epoch [37/100] Step [1280/1290] Loss:14.0665 Wing:13.7169 Bone:174.7919
===> Epoch 37 | Loss:12.8867 | Wing:12.6529 | Bone:116.9170 | LR:7.02e-05 | 700.2s/epoch (1290 steps)
    Peak CUDA memory allocated so far: 1372.4 MB
Epoch [38/100] Step [0/1290] Loss:11.3668 Wing:11.1993 Bone:83.7493
Epoch [38/100] Step [20/1290] Loss:12.5719 Wing:12.3353 Bone:118.2810
Epoch [38/100] Step [40/1290] Loss:13.0350 Wing:12.7823 Bone:126.3356
Epoch [38/100] Step [60/1290] Loss:11.4662 Wing:11.2988 Bone:83.7243
Epoch [38/100] Step [80/1290] Loss:12.2881 Wing:12.1016 Bone:93.2790
Epoch [38/100] Step [100/1290] Loss:13.3544 Wing:13.0243 Bone:165.0470
Epoch [38/100] Step [120/1290] Loss:11.2409 Wing:11.0956 Bone:72.6567
Epoch [38/100] Step [140/1290] Loss:12.9325 Wing:12.7404 Bone:96.0240
Epoch [38/100] Step [160/1290] Loss:15.4769 Wing:15.2013 Bone:137.7725
Epoch [38/100] Step [180/1290] Loss:13.2022 Wing:12.9391 Bone:131.5170
Epoch [38/100] Step [200/1290] Loss:12.2091 Wing:12.0348 Bone:87.1286
Epoch [38/100] Step [220/1290] Loss:11.3247 Wing:11.1388 Bone:92.9740
Epoch [38/100] Step [240/1290] Loss:13.6690 Wing:13.4416 Bone:113.6645
Epoch [38/100] Step [260/1290] Loss:13.5583 Wing:13.2782 Bone:140.0588
Epoch [38/100] Step [280/1290] Loss:11.3138 Wing:11.2019 Bone:55.9430
Epoch [38/100] Step [300/1290] Loss:12.7316 Wing:12.5096 Bone:110.9804
Epoch [38/100] Step [320/1290] Loss:12.9478 Wing:12.7198 Bone:113.9909
Epoch [38/100] Step [340/1290] Loss:15.4239 Wing:15.0027 Bone:210.6273
Epoch [38/100] Step [360/1290] Loss:11.9214 Wing:11.7759 Bone:72.7473
Epoch [38/100] Step [380/1290] Loss:11.6598 Wing:11.5019 Bone:78.9609
Epoch [38/100] Step [400/1290] Loss:12.4139 Wing:12.1268 Bone:143.5366
Epoch [38/100] Step [420/1290] Loss:11.4127 Wing:11.2900 Bone:61.3530
Epoch [38/100] Step [440/1290] Loss:12.6945 Wing:12.4616 Bone:116.4655
Epoch [38/100] Step [460/1290] Loss:13.1511 Wing:12.9157 Bone:117.6929
Epoch [38/100] Step [480/1290] Loss:12.8497 Wing:12.7115 Bone:69.0869
Epoch [38/100] Step [500/1290] Loss:11.3865 Wing:11.1967 Bone:94.9270
Epoch [38/100] Step [520/1290] Loss:12.7362 Wing:12.5307 Bone:102.7198
Epoch [38/100] Step [540/1290] Loss:12.9201 Wing:12.6877 Bone:116.2329
Epoch [38/100] Step [560/1290] Loss:11.4397 Wing:11.2457 Bone:97.0313
Epoch [38/100] Step [580/1290] Loss:11.7344 Wing:11.5527 Bone:90.8257
Epoch [38/100] Step [600/1290] Loss:15.2748 Wing:14.9420 Bone:166.3672
Epoch [38/100] Step [620/1290] Loss:12.3782 Wing:12.1668 Bone:105.7099
Epoch [38/100] Step [640/1290] Loss:13.9268 Wing:13.5027 Bone:212.0470
Epoch [38/100] Step [660/1290] Loss:12.5033 Wing:12.3071 Bone:98.0807
Epoch [38/100] Step [680/1290] Loss:13.4165 Wing:13.2221 Bone:97.1944
Epoch [38/100] Step [700/1290] Loss:12.1257 Wing:11.9610 Bone:82.3378
Epoch [38/100] Step [720/1290] Loss:13.2347 Wing:13.0454 Bone:94.6697
Epoch [38/100] Step [740/1290] Loss:12.0998 Wing:11.9072 Bone:96.3273
Epoch [38/100] Step [760/1290] Loss:12.8278 Wing:12.5605 Bone:133.6311
Epoch [38/100] Step [780/1290] Loss:12.2263 Wing:12.0295 Bone:98.3711
Epoch [38/100] Step [800/1290] Loss:13.8415 Wing:13.5890 Bone:126.2752
Epoch [38/100] Step [820/1290] Loss:13.5896 Wing:13.3361 Bone:126.7599
Epoch [38/100] Step [840/1290] Loss:12.6866 Wing:12.5097 Bone:88.4739
Epoch [38/100] Step [860/1290] Loss:13.7015 Wing:13.4819 Bone:109.8262
Epoch [38/100] Step [880/1290] Loss:13.8753 Wing:13.5441 Bone:165.6218
Epoch [38/100] Step [900/1290] Loss:10.7758 Wing:10.6710 Bone:52.4062
Epoch [38/100] Step [920/1290] Loss:13.8919 Wing:13.6437 Bone:124.1273
Epoch [38/100] Step [940/1290] Loss:11.5271 Wing:11.3301 Bone:98.4600
Epoch [38/100] Step [960/1290] Loss:12.3409 Wing:12.1588 Bone:91.0704
Epoch [38/100] Step [980/1290] Loss:13.2256 Wing:12.8996 Bone:163.0109
Epoch [38/100] Step [1000/1290] Loss:12.3461 Wing:12.1911 Bone:77.4818
Epoch [38/100] Step [1020/1290] Loss:13.4230 Wing:13.1659 Bone:128.5424
Epoch [38/100] Step [1040/1290] Loss:10.8753 Wing:10.7544 Bone:60.4507
Epoch [38/100] Step [1060/1290] Loss:11.5579 Wing:11.3773 Bone:90.2946
Epoch [38/100] Step [1080/1290] Loss:12.3758 Wing:12.2120 Bone:81.9344
Epoch [38/100] Step [1100/1290] Loss:14.9178 Wing:14.5614 Bone:178.2096
Epoch [38/100] Step [1120/1290] Loss:10.9442 Wing:10.8295 Bone:57.3495
Epoch [38/100] Step [1140/1290] Loss:12.4145 Wing:12.2457 Bone:84.3985
Epoch [38/100] Step [1160/1290] Loss:13.4543 Wing:13.1878 Bone:133.2416
Epoch [38/100] Step [1180/1290] Loss:14.3048 Wing:14.0295 Bone:137.6406
Epoch [38/100] Step [1200/1290] Loss:13.5308 Wing:13.3055 Bone:112.6240
Epoch [38/100] Step [1220/1290] Loss:12.4379 Wing:12.2409 Bone:98.4948
Epoch [38/100] Step [1240/1290] Loss:13.7046 Wing:13.4074 Bone:148.6330
Epoch [38/100] Step [1260/1290] Loss:13.4673 Wing:13.1020 Bone:182.6397
Epoch [38/100] Step [1280/1290] Loss:11.1331 Wing:10.9987 Bone:67.1914
===> Epoch 38 | Loss:12.7888 | Wing:12.5589 | Bone:114.9448 | LR:6.87e-05 | 703.9s/epoch (1290 steps)
    Peak CUDA memory allocated so far: 1372.4 MB
Epoch [39/100] Step [0/1290] Loss:12.2126 Wing:12.0014 Bone:105.6179
Epoch [39/100] Step [20/1290] Loss:11.5976 Wing:11.4440 Bone:76.8026
Epoch [39/100] Step [40/1290] Loss:12.6229 Wing:12.4360 Bone:93.4542
Epoch [39/100] Step [60/1290] Loss:12.2846 Wing:12.0176 Bone:133.5117
Epoch [39/100] Step [80/1290] Loss:12.9811 Wing:12.8042 Bone:88.4510
Epoch [39/100] Step [100/1290] Loss:12.5379 Wing:12.3302 Bone:103.8793
Epoch [39/100] Step [120/1290] Loss:13.7844 Wing:13.6309 Bone:76.7747
Epoch [39/100] Step [140/1290] Loss:12.3729 Wing:12.2029 Bone:84.9884
Epoch [39/100] Step [160/1290] Loss:12.8302 Wing:12.5462 Bone:142.0368
Epoch [39/100] Step [180/1290] Loss:11.9734 Wing:11.7449 Bone:114.2298
Epoch [39/100] Step [200/1290] Loss:12.9501 Wing:12.6826 Bone:133.7691
Epoch [39/100] Step [220/1290] Loss:12.1749 Wing:12.0096 Bone:82.6586
Epoch [39/100] Step [240/1290] Loss:12.1429 Wing:11.9217 Bone:110.5835
Epoch [39/100] Step [260/1290] Loss:11.6777 Wing:11.5158 Bone:80.9283
Epoch [39/100] Step [280/1290] Loss:12.3501 Wing:12.1185 Bone:115.7739
Epoch [39/100] Step [300/1290] Loss:13.4418 Wing:13.1335 Bone:154.1619
Epoch [39/100] Step [320/1290] Loss:13.1471 Wing:12.8733 Bone:136.8973
Epoch [39/100] Step [340/1290] Loss:12.0019 Wing:11.8493 Bone:76.2819
Epoch [39/100] Step [360/1290] Loss:12.8937 Wing:12.6146 Bone:139.5448
Epoch [39/100] Step [380/1290] Loss:12.8422 Wing:12.6712 Bone:85.4790
Epoch [39/100] Step [400/1290] Loss:12.6172 Wing:12.4281 Bone:94.5518
Epoch [39/100] Step [420/1290] Loss:12.2004 Wing:11.9726 Bone:113.9286
Epoch [39/100] Step [440/1290] Loss:12.0159 Wing:11.8152 Bone:100.3331
Epoch [39/100] Step [460/1290] Loss:13.2966 Wing:13.1079 Bone:94.3505
Epoch [39/100] Step [480/1290] Loss:11.7654 Wing:11.5809 Bone:92.2544
Epoch [39/100] Step [500/1290] Loss:14.4455 Wing:13.8549 Bone:295.2574
Epoch [39/100] Step [520/1290] Loss:11.6189 Wing:11.4713 Bone:73.7712
Epoch [39/100] Step [540/1290] Loss:12.6056 Wing:12.3391 Bone:133.2093
Epoch [39/100] Step [560/1290] Loss:11.6336 Wing:11.4303 Bone:101.6370
Epoch [39/100] Step [580/1290] Loss:12.6040 Wing:12.3738 Bone:115.0765
Epoch [39/100] Step [600/1290] Loss:13.6184 Wing:13.3813 Bone:118.5327
Epoch [39/100] Step [620/1290] Loss:12.3158 Wing:12.1017 Bone:107.0126
Epoch [39/100] Step [640/1290] Loss:12.0190 Wing:11.8728 Bone:73.1087
Epoch [39/100] Step [660/1290] Loss:13.4145 Wing:13.1079 Bone:153.2846
Epoch [39/100] Step [680/1290] Loss:14.0609 Wing:13.5828 Bone:239.0775
Epoch [39/100] Step [700/1290] Loss:12.4641 Wing:12.2653 Bone:99.4156
Epoch [39/100] Step [720/1290] Loss:12.8120 Wing:12.5667 Bone:122.6679
Epoch [39/100] Step [740/1290] Loss:12.1764 Wing:11.9885 Bone:93.9360
Epoch [39/100] Step [760/1290] Loss:14.9661 Wing:14.5680 Bone:199.0948
Epoch [39/100] Step [780/1290] Loss:12.9660 Wing:12.7329 Bone:116.5600
Epoch [39/100] Step [800/1290] Loss:11.0149 Wing:10.8588 Bone:78.0353
Epoch [39/100] Step [820/1290] Loss:12.9791 Wing:12.7365 Bone:121.2828
Epoch [39/100] Step [840/1290] Loss:14.2751 Wing:13.9717 Bone:151.6623
Epoch [39/100] Step [860/1290] Loss:11.4543 Wing:11.3050 Bone:74.6767
Epoch [39/100] Step [880/1290] Loss:12.7084 Wing:12.4631 Bone:122.6581
Epoch [39/100] Step [900/1290] Loss:13.5138 Wing:13.2650 Bone:124.3851
Epoch [39/100] Step [920/1290] Loss:12.8321 Wing:12.6236 Bone:104.2509
Epoch [39/100] Step [940/1290] Loss:12.7355 Wing:12.5608 Bone:87.3445
Epoch [39/100] Step [960/1290] Loss:13.9631 Wing:13.6814 Bone:140.8757
Epoch [39/100] Step [980/1290] Loss:10.7342 Wing:10.5708 Bone:81.7140
Epoch [39/100] Step [1000/1290] Loss:11.4207 Wing:11.3002 Bone:60.2464
Epoch [39/100] Step [1020/1290] Loss:14.4093 Wing:14.0021 Bone:203.5883
Epoch [39/100] Step [1040/1290] Loss:14.3293 Wing:13.9674 Bone:180.9016
Epoch [39/100] Step [1060/1290] Loss:11.2634 Wing:11.0835 Bone:89.9557
Epoch [39/100] Step [1080/1290] Loss:14.9276 Wing:14.5695 Bone:179.0690
Epoch [39/100] Step [1100/1290] Loss:11.9180 Wing:11.7639 Bone:77.0555
Epoch [39/100] Step [1120/1290] Loss:12.3671 Wing:12.1258 Bone:120.6408
Epoch [39/100] Step [1140/1290] Loss:12.5469 Wing:12.3802 Bone:83.3681
Epoch [39/100] Step [1160/1290] Loss:12.2835 Wing:12.1234 Bone:80.0376
Epoch [39/100] Step [1180/1290] Loss:12.7166 Wing:12.5182 Bone:99.1801
Epoch [39/100] Step [1200/1290] Loss:12.2131 Wing:12.0215 Bone:95.7939
Epoch [39/100] Step [1220/1290] Loss:11.6709 Wing:11.5101 Bone:80.3867
Epoch [39/100] Step [1240/1290] Loss:13.9485 Wing:13.7111 Bone:118.7020
Epoch [39/100] Step [1260/1290] Loss:15.9293 Wing:15.4992 Bone:215.0551
Epoch [39/100] Step [1280/1290] Loss:14.5187 Wing:14.1781 Bone:170.3159
===> Epoch 39 | Loss:12.7490 | Wing:12.5195 | Bone:114.7472 | LR:6.73e-05 | 696.8s/epoch (1290 steps)
    Peak CUDA memory allocated so far: 1372.4 MB
Epoch [40/100] Step [0/1290] Loss:11.9012 Wing:11.7639 Bone:68.6236
Epoch [40/100] Step [20/1290] Loss:12.9111 Wing:12.7258 Bone:92.6560
Epoch [40/100] Step [40/1290] Loss:10.0572 Wing:9.9568 Bone:50.2224
Epoch [40/100] Step [60/1290] Loss:11.8032 Wing:11.6232 Bone:89.9920
Epoch [40/100] Step [80/1290] Loss:11.6932 Wing:11.5698 Bone:61.6872
Epoch [40/100] Step [100/1290] Loss:12.8885 Wing:12.6167 Bone:135.9057
Epoch [40/100] Step [120/1290] Loss:11.7320 Wing:11.5831 Bone:74.4708
Epoch [40/100] Step [140/1290] Loss:13.3927 Wing:13.1237 Bone:134.4886
Epoch [40/100] Step [160/1290] Loss:11.3426 Wing:11.2032 Bone:69.6642
Epoch [40/100] Step [180/1290] Loss:13.4801 Wing:13.2456 Bone:117.2508
Epoch [40/100] Step [200/1290] Loss:12.3192 Wing:12.1343 Bone:92.4617
Epoch [40/100] Step [220/1290] Loss:12.8260 Wing:12.6069 Bone:109.5510
Epoch [40/100] Step [240/1290] Loss:11.7193 Wing:11.6011 Bone:59.1207
Epoch [40/100] Step [260/1290] Loss:13.3654 Wing:13.1814 Bone:91.9937
Epoch [40/100] Step [280/1290] Loss:12.9767 Wing:12.7790 Bone:98.8119
Epoch [40/100] Step [300/1290] Loss:14.0270 Wing:13.4932 Bone:266.9131
Epoch [40/100] Step [320/1290] Loss:12.9435 Wing:12.6439 Bone:149.8162
Epoch [40/100] Step [340/1290] Loss:11.9208 Wing:11.7270 Bone:96.8809
Epoch [40/100] Step [360/1290] Loss:11.2542 Wing:11.0965 Bone:78.8881
Epoch [40/100] Step [380/1290] Loss:15.1431 Wing:14.8055 Bone:168.7784
Epoch [40/100] Step [400/1290] Loss:11.7184 Wing:11.5476 Bone:85.3825
Epoch [40/100] Step [420/1290] Loss:11.6437 Wing:11.4905 Bone:76.6204
Epoch [40/100] Step [440/1290] Loss:11.0108 Wing:10.8889 Bone:60.9348
Epoch [40/100] Step [460/1290] Loss:12.7874 Wing:12.5731 Bone:107.1304
Epoch [40/100] Step [480/1290] Loss:12.5069 Wing:12.3560 Bone:75.4163
Epoch [40/100] Step [500/1290] Loss:13.1003 Wing:12.8699 Bone:115.2438
Epoch [40/100] Step [520/1290] Loss:12.8808 Wing:12.6128 Bone:134.0189
Epoch [40/100] Step [540/1290] Loss:12.2763 Wing:12.1029 Bone:86.7018
Epoch [40/100] Step [560/1290] Loss:13.1231 Wing:12.8475 Bone:137.7890
Epoch [40/100] Step [580/1290] Loss:12.1679 Wing:11.9549 Bone:106.5018
Epoch [40/100] Step [600/1290] Loss:11.8904 Wing:11.7460 Bone:72.2075
Epoch [40/100] Step [620/1290] Loss:11.7288 Wing:11.6142 Bone:57.3030
Epoch [40/100] Step [640/1290] Loss:13.3424 Wing:13.1489 Bone:96.7570
Epoch [40/100] Step [660/1290] Loss:13.8904 Wing:13.6329 Bone:128.7067
Epoch [40/100] Step [680/1290] Loss:11.7124 Wing:11.5850 Bone:63.7081
Epoch [40/100] Step [700/1290] Loss:12.0533 Wing:11.8589 Bone:97.2373
Epoch [40/100] Step [720/1290] Loss:13.4850 Wing:13.2554 Bone:114.7945
Epoch [40/100] Step [740/1290] Loss:12.6946 Wing:12.4201 Bone:137.2973
Epoch [40/100] Step [760/1290] Loss:12.1386 Wing:11.9676 Bone:85.4729
Epoch [40/100] Step [780/1290] Loss:11.3304 Wing:11.2059 Bone:62.2367
Epoch [40/100] Step [800/1290] Loss:12.1226 Wing:11.8936 Bone:114.5385
Epoch [40/100] Step [820/1290] Loss:14.7958 Wing:13.8309 Bone:482.4382
Epoch [40/100] Step [840/1290] Loss:11.5642 Wing:11.3255 Bone:119.3341
Epoch [40/100] Step [860/1290] Loss:12.5548 Wing:12.3669 Bone:93.9496
Epoch [40/100] Step [880/1290] Loss:12.9749 Wing:12.7391 Bone:117.9265
Epoch [40/100] Step [900/1290] Loss:12.4670 Wing:12.2276 Bone:119.7074
Epoch [40/100] Step [920/1290] Loss:12.8486 Wing:12.6353 Bone:106.6562
Epoch [40/100] Step [940/1290] Loss:11.8666 Wing:11.7120 Bone:77.3282
Epoch [40/100] Step [960/1290] Loss:11.8917 Wing:11.6967 Bone:97.4973
Epoch [40/100] Step [980/1290] Loss:13.4324 Wing:13.1874 Bone:122.5270
Epoch [40/100] Step [1000/1290] Loss:12.0851 Wing:11.8934 Bone:95.8899
Epoch [40/100] Step [1020/1290] Loss:12.5036 Wing:12.2901 Bone:106.7784
Epoch [40/100] Step [1040/1290] Loss:11.2518 Wing:11.1211 Bone:65.3411
Epoch [40/100] Step [1060/1290] Loss:11.6190 Wing:11.4670 Bone:75.9952
Epoch [40/100] Step [1080/1290] Loss:11.9021 Wing:11.7722 Bone:64.9715
Epoch [40/100] Step [1100/1290] Loss:12.1225 Wing:11.9205 Bone:101.0283
Epoch [40/100] Step [1120/1290] Loss:14.4914 Wing:14.1835 Bone:153.9475
Epoch [40/100] Step [1140/1290] Loss:11.7441 Wing:11.5842 Bone:79.9841
Epoch [40/100] Step [1160/1290] Loss:11.3917 Wing:11.2638 Bone:63.9213
Epoch [40/100] Step [1180/1290] Loss:13.9508 Wing:13.7218 Bone:114.5290
Epoch [40/100] Step [1200/1290] Loss:11.3830 Wing:11.2537 Bone:64.6627
Epoch [40/100] Step [1220/1290] Loss:12.6251 Wing:12.4588 Bone:83.1769
Epoch [40/100] Step [1240/1290] Loss:11.0687 Wing:10.9057 Bone:81.4765
Epoch [40/100] Step [1260/1290] Loss:12.7184 Wing:12.5385 Bone:89.9568
Epoch [40/100] Step [1280/1290] Loss:13.1350 Wing:12.8924 Bone:121.3237
===> Epoch 40 | Loss:12.6777 | Wing:12.4521 | Bone:112.7706 | LR:6.58e-05 | 698.2s/epoch (1290 steps)
    Peak CUDA memory allocated so far: 1372.4 MB
    Checkpoint saved: C:\Users\Bea Juliana Poquiz\Desktop\mmpose_thesis\R2-05\runs\parity_baseline\checkpoints\parity_epoch_40.pth
    >>> MONITOR (V2-style, rhd_test.json subset) (n=200, 6.9s) PCK@0.2: 0.9574 | AUC: 0.8812 | MPJPE: 15.26px
    >>> NEW BEST MONITOR (V2-style, rhd_test.json subset) PCK@0.2: 0.9574 at epoch 40
Epoch [41/100] Step [0/1290] Loss:12.3464 Wing:12.1659 Bone:90.2855
Epoch [41/100] Step [20/1290] Loss:12.0201 Wing:11.7878 Bone:116.1739
Epoch [41/100] Step [40/1290] Loss:12.2216 Wing:12.0132 Bone:104.1832
Epoch [41/100] Step [60/1290] Loss:11.0498 Wing:10.9199 Bone:64.9460
Epoch [41/100] Step [80/1290] Loss:12.3149 Wing:12.1299 Bone:92.5055
Epoch [41/100] Step [100/1290] Loss:13.0361 Wing:12.7321 Bone:151.9782
Epoch [41/100] Step [120/1290] Loss:15.0038 Wing:14.6816 Bone:161.1192
Epoch [41/100] Step [140/1290] Loss:12.1051 Wing:11.9448 Bone:80.1585
Epoch [41/100] Step [160/1290] Loss:12.3947 Wing:12.1739 Bone:110.4167
Epoch [41/100] Step [180/1290] Loss:13.8131 Wing:13.5603 Bone:126.3788
Epoch [41/100] Step [200/1290] Loss:11.6087 Wing:11.3995 Bone:104.6225
Epoch [41/100] Step [220/1290] Loss:12.8057 Wing:12.5750 Bone:115.3402
Epoch [41/100] Step [240/1290] Loss:12.1318 Wing:11.9273 Bone:102.2512
Epoch [41/100] Step [260/1290] Loss:12.5798 Wing:12.3839 Bone:97.9524
Epoch [41/100] Step [280/1290] Loss:11.8502 Wing:11.6634 Bone:93.3874
Epoch [41/100] Step [300/1290] Loss:11.5398 Wing:11.3975 Bone:71.1419
Epoch [41/100] Step [320/1290] Loss:11.5396 Wing:11.3812 Bone:79.2044
Epoch [41/100] Step [340/1290] Loss:15.0997 Wing:14.7708 Bone:164.4801
Epoch [41/100] Step [360/1290] Loss:11.1961 Wing:11.0433 Bone:76.3648
Epoch [41/100] Step [380/1290] Loss:11.9196 Wing:11.7270 Bone:96.3196
Epoch [41/100] Step [400/1290] Loss:11.4617 Wing:11.3051 Bone:78.3415
Epoch [41/100] Step [420/1290] Loss:13.7155 Wing:13.3507 Bone:182.4010
Epoch [41/100] Step [440/1290] Loss:11.9768 Wing:11.7279 Bone:124.4643
Epoch [41/100] Step [460/1290] Loss:12.3721 Wing:12.2261 Bone:73.0273
Epoch [41/100] Step [480/1290] Loss:13.1791 Wing:12.9729 Bone:103.1218
Epoch [41/100] Step [500/1290] Loss:11.7294 Wing:11.5752 Bone:77.1082
Epoch [41/100] Step [520/1290] Loss:11.8954 Wing:11.7284 Bone:83.4789
Epoch [41/100] Step [540/1290] Loss:15.5013 Wing:15.1572 Bone:172.0639
Epoch [41/100] Step [560/1290] Loss:13.2497 Wing:12.9258 Bone:161.9249
Epoch [41/100] Step [580/1290] Loss:12.1101 Wing:11.9377 Bone:86.2206
Epoch [41/100] Step [600/1290] Loss:11.5440 Wing:11.3989 Bone:72.5527
Epoch [41/100] Step [620/1290] Loss:11.3918 Wing:11.2296 Bone:81.1049
Epoch [41/100] Step [640/1290] Loss:11.6357 Wing:11.5063 Bone:64.7039
Epoch [41/100] Step [660/1290] Loss:11.4509 Wing:11.3150 Bone:67.9411
Epoch [41/100] Step [680/1290] Loss:12.3784 Wing:12.1410 Bone:118.7217
Epoch [41/100] Step [700/1290] Loss:11.9068 Wing:11.7073 Bone:99.7482
Epoch [41/100] Step [720/1290] Loss:14.2586 Wing:13.9376 Bone:160.5363
Epoch [41/100] Step [740/1290] Loss:13.1910 Wing:12.9166 Bone:137.1935
Epoch [41/100] Step [760/1290] Loss:13.3014 Wing:13.0440 Bone:128.7329
Epoch [41/100] Step [780/1290] Loss:12.1028 Wing:11.8709 Bone:115.9490
Epoch [41/100] Step [800/1290] Loss:12.4521 Wing:12.2782 Bone:86.9332
Epoch [41/100] Step [820/1290] Loss:12.1735 Wing:12.0019 Bone:85.8100
Epoch [41/100] Step [840/1290] Loss:11.3355 Wing:11.2090 Bone:63.2417
Epoch [41/100] Step [860/1290] Loss:12.3012 Wing:12.1472 Bone:76.9661
Epoch [41/100] Step [880/1290] Loss:13.5292 Wing:13.2478 Bone:140.7273
Epoch [41/100] Step [900/1290] Loss:12.3615 Wing:12.1920 Bone:84.7555
Epoch [41/100] Step [920/1290] Loss:11.4080 Wing:11.2797 Bone:64.1740
Epoch [41/100] Step [940/1290] Loss:13.1168 Wing:12.8535 Bone:131.6488
Epoch [41/100] Step [960/1290] Loss:13.0572 Wing:12.8230 Bone:117.0897
Epoch [41/100] Step [980/1290] Loss:12.5725 Wing:12.2654 Bone:153.5412
Epoch [41/100] Step [1000/1290] Loss:11.5775 Wing:11.3557 Bone:110.9044
Epoch [41/100] Step [1020/1290] Loss:12.9985 Wing:12.7583 Bone:120.1143
Epoch [41/100] Step [1040/1290] Loss:13.2657 Wing:13.0117 Bone:127.0110
Epoch [41/100] Step [1060/1290] Loss:14.6195 Wing:14.4009 Bone:109.3135
Epoch [41/100] Step [1080/1290] Loss:11.5286 Wing:11.3810 Bone:73.8014
Epoch [41/100] Step [1100/1290] Loss:14.0307 Wing:13.7826 Bone:124.0693
Epoch [41/100] Step [1120/1290] Loss:12.2101 Wing:11.9611 Bone:124.4992
Epoch [41/100] Step [1140/1290] Loss:11.6864 Wing:11.4731 Bone:106.6251
Epoch [41/100] Step [1160/1290] Loss:14.8472 Wing:14.5253 Bone:160.9660
Epoch [41/100] Step [1180/1290] Loss:11.4808 Wing:11.3399 Bone:70.4640
Epoch [41/100] Step [1200/1290] Loss:11.3770 Wing:11.2095 Bone:83.7075
Epoch [41/100] Step [1220/1290] Loss:12.7662 Wing:12.5445 Bone:110.8667
Epoch [41/100] Step [1240/1290] Loss:14.0472 Wing:13.6981 Bone:174.5381
Epoch [41/100] Step [1260/1290] Loss:12.8425 Wing:12.6294 Bone:106.5431
Epoch [41/100] Step [1280/1290] Loss:12.6096 Wing:12.4448 Bone:82.3713
===> Epoch 41 | Loss:12.6894 | Wing:12.4632 | Bone:113.0879 | LR:6.43e-05 | 700.2s/epoch (1290 steps)
    Peak CUDA memory allocated so far: 1372.4 MB
Epoch [42/100] Step [0/1290] Loss:11.2514 Wing:11.0906 Bone:80.4060
Epoch [42/100] Step [20/1290] Loss:13.2068 Wing:12.9778 Bone:114.4851
Epoch [42/100] Step [40/1290] Loss:12.9741 Wing:12.7625 Bone:105.8305
Epoch [42/100] Step [60/1290] Loss:12.0552 Wing:11.8679 Bone:93.6485
Epoch [42/100] Step [80/1290] Loss:10.7903 Wing:10.6498 Bone:70.2312
Epoch [42/100] Step [100/1290] Loss:12.2385 Wing:12.0853 Bone:76.6138
Epoch [42/100] Step [120/1290] Loss:11.1446 Wing:11.0215 Bone:61.5227
Epoch [42/100] Step [140/1290] Loss:12.0940 Wing:11.8736 Bone:110.2179
Epoch [42/100] Step [160/1290] Loss:12.1938 Wing:11.9887 Bone:102.5123
Epoch [42/100] Step [180/1290] Loss:12.6412 Wing:12.4086 Bone:116.3101
Epoch [42/100] Step [200/1290] Loss:11.5895 Wing:11.4309 Bone:79.2858
Epoch [42/100] Step [220/1290] Loss:13.8801 Wing:13.6344 Bone:122.8318
Epoch [42/100] Step [240/1290] Loss:11.5441 Wing:11.3268 Bone:108.6252
Epoch [42/100] Step [260/1290] Loss:12.0916 Wing:11.8916 Bone:100.0027
Epoch [42/100] Step [280/1290] Loss:14.4671 Wing:14.0761 Bone:195.5177
Epoch [42/100] Step [300/1290] Loss:12.5657 Wing:12.3489 Bone:108.3903
Epoch [42/100] Step [320/1290] Loss:11.7898 Wing:11.6021 Bone:93.8523
Epoch [42/100] Step [340/1290] Loss:12.0920 Wing:11.9199 Bone:86.0533
Epoch [42/100] Step [360/1290] Loss:12.3851 Wing:12.1298 Bone:127.6250
Epoch [42/100] Step [380/1290] Loss:11.9073 Wing:11.7313 Bone:88.0143
Epoch [42/100] Step [400/1290] Loss:13.1679 Wing:12.8370 Bone:165.4437
Epoch [42/100] Step [420/1290] Loss:12.7417 Wing:12.4332 Bone:154.2373
Epoch [42/100] Step [440/1290] Loss:12.3577 Wing:12.1708 Bone:93.4493
Epoch [42/100] Step [460/1290] Loss:12.1886 Wing:12.0516 Bone:68.5348
Epoch [42/100] Step [480/1290] Loss:12.4634 Wing:12.2763 Bone:93.5480
Epoch [42/100] Step [500/1290] Loss:11.3041 Wing:11.1602 Bone:71.9439
Epoch [42/100] Step [520/1290] Loss:12.9679 Wing:12.7182 Bone:124.8475
Epoch [42/100] Step [540/1290] Loss:12.2939 Wing:12.0942 Bone:99.8741
Epoch [42/100] Step [560/1290] Loss:13.0476 Wing:12.8110 Bone:118.3003
Epoch [42/100] Step [580/1290] Loss:11.3075 Wing:11.0766 Bone:115.4732
Epoch [42/100] Step [600/1290] Loss:12.0643 Wing:11.8418 Bone:111.2374
Epoch [42/100] Step [620/1290] Loss:11.6369 Wing:11.4844 Bone:76.2520
Epoch [42/100] Step [640/1290] Loss:11.4075 Wing:11.2856 Bone:60.9349
Epoch [42/100] Step [660/1290] Loss:13.3671 Wing:13.1903 Bone:88.4199
Epoch [42/100] Step [680/1290] Loss:15.9359 Wing:15.5207 Bone:207.6100
Epoch [42/100] Step [700/1290] Loss:13.0382 Wing:12.7942 Bone:122.0083
Epoch [42/100] Step [720/1290] Loss:13.3383 Wing:12.9255 Bone:206.4103
Epoch [42/100] Step [740/1290] Loss:12.2004 Wing:11.9862 Bone:107.1026
Epoch [42/100] Step [760/1290] Loss:11.4995 Wing:11.3246 Bone:87.4501
Epoch [42/100] Step [780/1290] Loss:12.4890 Wing:12.3218 Bone:83.6108
Epoch [42/100] Step [800/1290] Loss:10.6947 Wing:10.5715 Bone:61.6069
Epoch [42/100] Step [820/1290] Loss:10.9105 Wing:10.7834 Bone:63.5901
Epoch [42/100] Step [840/1290] Loss:12.3311 Wing:12.1526 Bone:89.2421
Epoch [42/100] Step [860/1290] Loss:11.8317 Wing:11.6723 Bone:79.7018
Epoch [42/100] Step [880/1290] Loss:12.5233 Wing:12.2166 Bone:153.3463
Epoch [42/100] Step [900/1290] Loss:12.8138 Wing:12.5490 Bone:132.4353
Epoch [42/100] Step [920/1290] Loss:12.0920 Wing:11.9214 Bone:85.3107
Epoch [42/100] Step [940/1290] Loss:12.4347 Wing:12.2919 Bone:71.3689
Epoch [42/100] Step [960/1290] Loss:12.3207 Wing:12.0897 Bone:115.5436
Epoch [42/100] Step [980/1290] Loss:12.5667 Wing:12.3802 Bone:93.2339
Epoch [42/100] Step [1000/1290] Loss:12.3786 Wing:12.1812 Bone:98.6836
Epoch [42/100] Step [1020/1290] Loss:15.3998 Wing:15.0345 Bone:182.6265
Epoch [42/100] Step [1040/1290] Loss:16.0398 Wing:15.2487 Bone:395.5352
Epoch [42/100] Step [1060/1290] Loss:12.0935 Wing:11.9151 Bone:89.1798
Epoch [42/100] Step [1080/1290] Loss:11.9358 Wing:11.7431 Bone:96.3954
Epoch [42/100] Step [1100/1290] Loss:13.0449 Wing:12.7808 Bone:132.0525
Epoch [42/100] Step [1120/1290] Loss:12.9833 Wing:12.7817 Bone:100.8227
Epoch [42/100] Step [1140/1290] Loss:11.5839 Wing:11.4194 Bone:82.2203
Epoch [42/100] Step [1160/1290] Loss:11.9030 Wing:11.7261 Bone:88.4461
Epoch [42/100] Step [1180/1290] Loss:12.4312 Wing:12.2322 Bone:99.4871
Epoch [42/100] Step [1200/1290] Loss:12.4927 Wing:12.3491 Bone:71.8463
Epoch [42/100] Step [1220/1290] Loss:12.8723 Wing:12.5844 Bone:143.9316
Epoch [42/100] Step [1240/1290] Loss:12.2135 Wing:12.0662 Bone:73.6511
Epoch [42/100] Step [1260/1290] Loss:12.0856 Wing:11.8534 Bone:116.0770
Epoch [42/100] Step [1280/1290] Loss:12.5884 Wing:12.3449 Bone:121.7604
===> Epoch 42 | Loss:12.5899 | Wing:12.3682 | Bone:110.8388 | LR:6.28e-05 | 699.8s/epoch (1290 steps)
    Peak CUDA memory allocated so far: 1372.4 MB
Epoch [43/100] Step [0/1290] Loss:17.3477 Wing:16.1459 Bone:600.8926
Epoch [43/100] Step [20/1290] Loss:11.9964 Wing:11.8763 Bone:60.0360
Epoch [43/100] Step [40/1290] Loss:12.7201 Wing:12.3968 Bone:161.6562
Epoch [43/100] Step [60/1290] Loss:11.0189 Wing:10.8864 Bone:66.2924
Epoch [43/100] Step [80/1290] Loss:12.6873 Wing:12.4049 Bone:141.2307
Epoch [43/100] Step [100/1290] Loss:13.6119 Wing:13.3261 Bone:142.8957
Epoch [43/100] Step [120/1290] Loss:14.8431 Wing:14.5288 Bone:157.1411
Epoch [43/100] Step [140/1290] Loss:12.9662 Wing:12.7115 Bone:127.3457
Epoch [43/100] Step [160/1290] Loss:13.1169 Wing:12.8922 Bone:112.3587
Epoch [43/100] Step [180/1290] Loss:10.9336 Wing:10.8029 Bone:65.3415
Epoch [43/100] Step [200/1290] Loss:11.3420 Wing:11.1763 Bone:82.8288
Epoch [43/100] Step [220/1290] Loss:13.0036 Wing:12.7912 Bone:106.2140
Epoch [43/100] Step [240/1290] Loss:12.1437 Wing:11.9647 Bone:89.4562
Epoch [43/100] Step [260/1290] Loss:11.1385 Wing:11.0131 Bone:62.7367
Epoch [43/100] Step [280/1290] Loss:11.9265 Wing:11.7955 Bone:65.4856
Epoch [43/100] Step [300/1290] Loss:11.9169 Wing:11.7705 Bone:73.1826
Epoch [43/100] Step [320/1290] Loss:13.9242 Wing:13.7183 Bone:102.9958
Epoch [43/100] Step [340/1290] Loss:11.7967 Wing:11.6540 Bone:71.3864
Epoch [43/100] Step [360/1290] Loss:11.8369 Wing:11.6829 Bone:77.0308
Epoch [43/100] Step [380/1290] Loss:13.0855 Wing:12.9099 Bone:87.8288
Epoch [43/100] Step [400/1290] Loss:15.2022 Wing:14.7397 Bone:231.2668
Epoch [43/100] Step [420/1290] Loss:11.8187 Wing:11.6903 Bone:64.1939
Epoch [43/100] Step [440/1290] Loss:13.1927 Wing:13.0008 Bone:95.9438
Epoch [43/100] Step [460/1290] Loss:11.4509 Wing:11.3110 Bone:69.9667
Epoch [43/100] Step [480/1290] Loss:13.0664 Wing:12.7429 Bone:161.7616
Epoch [43/100] Step [500/1290] Loss:13.0152 Wing:12.7579 Bone:128.6264
Epoch [43/100] Step [520/1290] Loss:11.2199 Wing:11.0505 Bone:84.7064
Epoch [43/100] Step [540/1290] Loss:13.4624 Wing:13.2286 Bone:116.8949
Epoch [43/100] Step [560/1290] Loss:12.2410 Wing:12.0369 Bone:102.0364
Epoch [43/100] Step [580/1290] Loss:14.3315 Wing:14.0212 Bone:155.1364
Epoch [43/100] Step [600/1290] Loss:12.1015 Wing:11.9305 Bone:85.4887
Epoch [43/100] Step [620/1290] Loss:11.7217 Wing:11.5385 Bone:91.5803
Epoch [43/100] Step [640/1290] Loss:12.5991 Wing:12.4256 Bone:86.7200
Epoch [43/100] Step [660/1290] Loss:13.6124 Wing:13.4386 Bone:86.8877
Epoch [43/100] Step [680/1290] Loss:11.4419 Wing:11.3049 Bone:68.5124
Epoch [43/100] Step [700/1290] Loss:13.3923 Wing:13.0925 Bone:149.9375
Epoch [43/100] Step [720/1290] Loss:10.8398 Wing:10.6885 Bone:75.6390
Epoch [43/100] Step [740/1290] Loss:12.9956 Wing:12.6754 Bone:160.1159
Epoch [43/100] Step [760/1290] Loss:12.9621 Wing:12.6661 Bone:148.0182
Epoch [43/100] Step [780/1290] Loss:13.9560 Wing:13.7494 Bone:103.2885
Epoch [43/100] Step [800/1290] Loss:12.3457 Wing:12.1414 Bone:102.1636
Epoch [43/100] Step [820/1290] Loss:12.6872 Wing:12.4630 Bone:112.1215
Epoch [43/100] Step [840/1290] Loss:11.5523 Wing:11.3959 Bone:78.2040
Epoch [43/100] Step [860/1290] Loss:11.4708 Wing:11.3213 Bone:74.7623
Epoch [43/100] Step [880/1290] Loss:11.7292 Wing:11.5656 Bone:81.7900
Epoch [43/100] Step [900/1290] Loss:12.3969 Wing:12.2071 Bone:94.8987
Epoch [43/100] Step [920/1290] Loss:17.1422 Wing:16.0454 Bone:548.4059
Epoch [43/100] Step [940/1290] Loss:12.2146 Wing:12.0426 Bone:86.0038
Epoch [43/100] Step [960/1290] Loss:13.1311 Wing:12.8269 Bone:152.1095
Epoch [43/100] Step [980/1290] Loss:12.2376 Wing:12.0882 Bone:74.7012
Epoch [43/100] Step [1000/1290] Loss:14.1645 Wing:13.8616 Bone:151.4619
Epoch [43/100] Step [1020/1290] Loss:10.1708 Wing:10.0638 Bone:53.5314
Epoch [43/100] Step [1040/1290] Loss:13.9264 Wing:13.6097 Bone:158.3412
Epoch [43/100] Step [1060/1290] Loss:12.4498 Wing:12.1909 Bone:129.4660
Epoch [43/100] Step [1080/1290] Loss:16.1533 Wing:15.8877 Bone:132.7712
Epoch [43/100] Step [1100/1290] Loss:10.5474 Wing:10.4237 Bone:61.8367
Epoch [43/100] Step [1120/1290] Loss:13.7210 Wing:13.4044 Bone:158.2627
Epoch [43/100] Step [1140/1290] Loss:11.8416 Wing:11.6201 Bone:110.7731
Epoch [43/100] Step [1160/1290] Loss:11.2109 Wing:11.0924 Bone:59.2098
Epoch [43/100] Step [1180/1290] Loss:12.7244 Wing:12.5270 Bone:98.6674
Epoch [43/100] Step [1200/1290] Loss:12.9130 Wing:12.7085 Bone:102.2577
Epoch [43/100] Step [1220/1290] Loss:12.6658 Wing:12.4826 Bone:91.6120
Epoch [43/100] Step [1240/1290] Loss:14.1718 Wing:13.8653 Bone:153.2707
Epoch [43/100] Step [1260/1290] Loss:14.6338 Wing:14.3118 Bone:161.0023
Epoch [43/100] Step [1280/1290] Loss:13.6325 Wing:13.2904 Bone:171.0486
===> Epoch 43 | Loss:12.5075 | Wing:12.2896 | Bone:108.9650 | LR:6.13e-05 | 743.9s/epoch (1290 steps)
    Peak CUDA memory allocated so far: 1372.4 MB
Epoch [44/100] Step [0/1290] Loss:11.7912 Wing:11.6315 Bone:79.8589
Epoch [44/100] Step [20/1290] Loss:13.2995 Wing:13.0061 Bone:146.7155
Epoch [44/100] Step [40/1290] Loss:15.1993 Wing:14.7645 Bone:217.4128
Epoch [44/100] Step [60/1290] Loss:13.1109 Wing:12.8366 Bone:137.1618
Epoch [44/100] Step [80/1290] Loss:12.0607 Wing:11.8830 Bone:88.8437
Epoch [44/100] Step [100/1290] Loss:14.0405 Wing:13.7064 Bone:167.0814
Epoch [44/100] Step [120/1290] Loss:14.0898 Wing:13.8173 Bone:136.2156
Epoch [44/100] Step [140/1290] Loss:13.1170 Wing:12.8549 Bone:131.0574
Epoch [44/100] Step [160/1290] Loss:11.6257 Wing:11.4352 Bone:95.2580
Epoch [44/100] Step [180/1290] Loss:12.6113 Wing:12.4031 Bone:104.0917
Epoch [44/100] Step [200/1290] Loss:12.4142 Wing:12.2361 Bone:89.0454
Epoch [44/100] Step [220/1290] Loss:12.7156 Wing:12.4937 Bone:110.9516
Epoch [44/100] Step [240/1290] Loss:11.2452 Wing:11.1235 Bone:60.8502
Epoch [44/100] Step [260/1290] Loss:12.6305 Wing:12.4748 Bone:77.8692
Epoch [44/100] Step [280/1290] Loss:12.8769 Wing:12.6370 Bone:119.9183
Epoch [44/100] Step [300/1290] Loss:11.6901 Wing:11.4958 Bone:97.1033
Epoch [44/100] Step [320/1290] Loss:13.7523 Wing:13.2917 Bone:230.3027
Epoch [44/100] Step [340/1290] Loss:11.8292 Wing:11.6922 Bone:68.4952
Epoch [44/100] Step [360/1290] Loss:12.2546 Wing:12.0761 Bone:89.2600
Epoch [44/100] Step [380/1290] Loss:13.2403 Wing:13.0335 Bone:103.3909
Epoch [44/100] Step [400/1290] Loss:10.7355 Wing:10.5416 Bone:96.9675
Epoch [44/100] Step [420/1290] Loss:11.8683 Wing:11.7043 Bone:81.9941
Epoch [44/100] Step [440/1290] Loss:11.4250 Wing:11.2681 Bone:78.4531
Epoch [44/100] Step [460/1290] Loss:12.9428 Wing:12.6364 Bone:153.2414
Epoch [44/100] Step [480/1290] Loss:11.8645 Wing:11.6768 Bone:93.8870
Epoch [44/100] Step [500/1290] Loss:12.2212 Wing:11.9814 Bone:119.9052
Epoch [44/100] Step [520/1290] Loss:12.6491 Wing:12.3495 Bone:149.7925
Epoch [44/100] Step [540/1290] Loss:12.9887 Wing:12.8139 Bone:87.4243
Epoch [44/100] Step [560/1290] Loss:11.5366 Wing:11.3874 Bone:74.5769
Epoch [44/100] Step [580/1290] Loss:11.1040 Wing:10.9888 Bone:57.6062
Epoch [44/100] Step [600/1290] Loss:13.7404 Wing:13.4784 Bone:130.9996
Epoch [44/100] Step [620/1290] Loss:12.5781 Wing:12.3333 Bone:122.4067
Epoch [44/100] Step [640/1290] Loss:15.7982 Wing:15.2976 Bone:250.2918
Epoch [44/100] Step [660/1290] Loss:11.7371 Wing:11.6191 Bone:59.0037
Epoch [44/100] Step [680/1290] Loss:12.0086 Wing:11.7626 Bone:123.0077
Epoch [44/100] Step [700/1290] Loss:11.9773 Wing:11.7890 Bone:94.1391
Epoch [44/100] Step [720/1290] Loss:12.7786 Wing:12.5360 Bone:121.3060
Epoch [44/100] Step [740/1290] Loss:12.6783 Wing:12.5020 Bone:88.1787
Epoch [44/100] Step [760/1290] Loss:14.8899 Wing:14.4351 Bone:227.3775
Epoch [44/100] Step [780/1290] Loss:12.6219 Wing:12.4178 Bone:102.0232
Epoch [44/100] Step [800/1290] Loss:12.2599 Wing:12.0329 Bone:113.5056
Epoch [44/100] Step [820/1290] Loss:14.2762 Wing:14.0345 Bone:120.8519
Epoch [44/100] Step [840/1290] Loss:14.4353 Wing:14.0726 Bone:181.3611
Epoch [44/100] Step [860/1290] Loss:13.7833 Wing:13.4740 Bone:154.6687
Epoch [44/100] Step [880/1290] Loss:12.4025 Wing:12.1368 Bone:132.8127
Epoch [44/100] Step [900/1290] Loss:11.6624 Wing:11.5116 Bone:75.4010
Epoch [44/100] Step [920/1290] Loss:12.5609 Wing:12.2818 Bone:139.5129
Epoch [44/100] Step [940/1290] Loss:12.7936 Wing:12.5275 Bone:133.0827
Epoch [44/100] Step [960/1290] Loss:11.5225 Wing:11.3583 Bone:82.1296
Epoch [44/100] Step [980/1290] Loss:12.3538 Wing:12.1293 Bone:112.2299
Epoch [44/100] Step [1000/1290] Loss:13.2092 Wing:12.9481 Bone:130.5422
Epoch [44/100] Step [1020/1290] Loss:11.9367 Wing:11.7485 Bone:94.0707
Epoch [44/100] Step [1040/1290] Loss:11.9685 Wing:11.7933 Bone:87.6254
Epoch [44/100] Step [1060/1290] Loss:12.4956 Wing:12.2894 Bone:103.0809
Epoch [44/100] Step [1080/1290] Loss:14.2398 Wing:13.8739 Bone:182.9130
Epoch [44/100] Step [1100/1290] Loss:11.5872 Wing:11.4388 Bone:74.2162
Epoch [44/100] Step [1120/1290] Loss:12.2758 Wing:12.0399 Bone:117.9658
Epoch [44/100] Step [1140/1290] Loss:13.0605 Wing:12.8051 Bone:127.6555
Epoch [44/100] Step [1160/1290] Loss:10.6498 Wing:10.5358 Bone:56.9963
Epoch [44/100] Step [1180/1290] Loss:11.9656 Wing:11.7999 Bone:82.8135
Epoch [44/100] Step [1200/1290] Loss:12.3889 Wing:12.2155 Bone:86.6936
Epoch [44/100] Step [1220/1290] Loss:13.7250 Wing:13.4489 Bone:138.0551
Epoch [44/100] Step [1240/1290] Loss:11.8764 Wing:11.7039 Bone:86.2510
Epoch [44/100] Step [1260/1290] Loss:13.0864 Wing:12.8659 Bone:110.2152
Epoch [44/100] Step [1280/1290] Loss:11.9352 Wing:11.7699 Bone:82.6679
===> Epoch 44 | Loss:12.4467 | Wing:12.2285 | Bone:109.0726 | LR:5.98e-05 | 696.0s/epoch (1290 steps)
    Peak CUDA memory allocated so far: 1372.4 MB
Epoch [45/100] Step [0/1290] Loss:12.4311 Wing:12.1478 Bone:141.6840
Epoch [45/100] Step [20/1290] Loss:13.4071 Wing:13.1849 Bone:111.1092
Epoch [45/100] Step [40/1290] Loss:12.5633 Wing:12.3345 Bone:114.4283
Epoch [45/100] Step [60/1290] Loss:12.2811 Wing:12.1058 Bone:87.6762
Epoch [45/100] Step [80/1290] Loss:11.5768 Wing:11.3947 Bone:91.0715
Epoch [45/100] Step [100/1290] Loss:12.5738 Wing:12.3488 Bone:112.4755
Epoch [45/100] Step [120/1290] Loss:12.1281 Wing:11.9858 Bone:71.1730
Epoch [45/100] Step [140/1290] Loss:12.5765 Wing:12.3792 Bone:98.6262
Epoch [45/100] Step [160/1290] Loss:13.3802 Wing:13.1899 Bone:95.1466
Epoch [45/100] Step [180/1290] Loss:10.7241 Wing:10.6332 Bone:45.4345
Epoch [45/100] Step [200/1290] Loss:12.5434 Wing:12.3682 Bone:87.6116
Epoch [45/100] Step [220/1290] Loss:12.3856 Wing:12.1729 Bone:106.3735
Epoch [45/100] Step [240/1290] Loss:13.5080 Wing:13.2618 Bone:123.1138
Epoch [45/100] Step [260/1290] Loss:11.2947 Wing:11.1473 Bone:73.7023
Epoch [45/100] Step [280/1290] Loss:13.3360 Wing:13.0542 Bone:140.8882
Epoch [45/100] Step [300/1290] Loss:12.4177 Wing:12.2612 Bone:78.2632
Epoch [45/100] Step [320/1290] Loss:11.7214 Wing:11.5900 Bone:65.7200
Epoch [45/100] Step [340/1290] Loss:11.5890 Wing:11.4536 Bone:67.6806
Epoch [45/100] Step [360/1290] Loss:12.6106 Wing:12.4047 Bone:102.9575
Epoch [45/100] Step [380/1290] Loss:11.7723 Wing:11.6172 Bone:77.5304
Epoch [45/100] Step [400/1290] Loss:12.2715 Wing:12.0913 Bone:90.1240
Epoch [45/100] Step [420/1290] Loss:12.1908 Wing:11.9709 Bone:109.9381
Epoch [45/100] Step [440/1290] Loss:14.9701 Wing:14.3387 Bone:315.6642
Epoch [45/100] Step [460/1290] Loss:12.1555 Wing:11.9496 Bone:102.9510
Epoch [45/100] Step [480/1290] Loss:12.8241 Wing:12.5851 Bone:119.4839
Epoch [45/100] Step [500/1290] Loss:11.2066 Wing:11.0675 Bone:69.5662
Epoch [45/100] Step [520/1290] Loss:11.4666 Wing:11.3009 Bone:82.8925
Epoch [45/100] Step [540/1290] Loss:17.6378 Wing:16.9711 Bone:333.3863
Epoch [45/100] Step [560/1290] Loss:12.2487 Wing:12.1036 Bone:72.5138
Epoch [45/100] Step [580/1290] Loss:11.8885 Wing:11.6837 Bone:102.4068
Epoch [45/100] Step [600/1290] Loss:12.1228 Wing:11.9951 Bone:63.8535
Epoch [45/100] Step [620/1290] Loss:13.6770 Wing:13.4513 Bone:112.8480
Epoch [45/100] Step [640/1290] Loss:12.8605 Wing:12.6561 Bone:102.2215
Epoch [45/100] Step [660/1290] Loss:12.2343 Wing:11.9969 Bone:118.6788
Epoch [45/100] Step [680/1290] Loss:12.5919 Wing:12.3904 Bone:100.7526
Epoch [45/100] Step [700/1290] Loss:11.5271 Wing:11.4196 Bone:53.7575
Epoch [45/100] Step [720/1290] Loss:11.6847 Wing:11.4583 Bone:113.1922
Epoch [45/100] Step [740/1290] Loss:11.6626 Wing:11.5276 Bone:67.5087
Epoch [45/100] Step [760/1290] Loss:14.9322 Wing:14.5865 Bone:172.8629
Epoch [45/100] Step [780/1290] Loss:11.5508 Wing:11.3675 Bone:91.6698
Epoch [45/100] Step [800/1290] Loss:12.5842 Wing:12.3612 Bone:111.4990
Epoch [45/100] Step [820/1290] Loss:13.2267 Wing:12.9408 Bone:142.9522
Epoch [45/100] Step [840/1290] Loss:12.3022 Wing:12.1078 Bone:97.1997
Epoch [45/100] Step [860/1290] Loss:11.5774 Wing:11.4624 Bone:57.4832
Epoch [45/100] Step [880/1290] Loss:11.3018 Wing:11.1675 Bone:67.1488
Epoch [45/100] Step [900/1290] Loss:11.8150 Wing:11.6378 Bone:88.6177
Epoch [45/100] Step [920/1290] Loss:10.7591 Wing:10.6339 Bone:62.6018
Epoch [45/100] Step [940/1290] Loss:11.6819 Wing:11.5241 Bone:78.9149
Epoch [45/100] Step [960/1290] Loss:12.4561 Wing:12.2249 Bone:115.5996
Epoch [45/100] Step [980/1290] Loss:13.1372 Wing:12.9168 Bone:110.2125
Epoch [45/100] Step [1000/1290] Loss:12.1660 Wing:11.9681 Bone:98.9599
Epoch [45/100] Step [1020/1290] Loss:11.6001 Wing:11.4253 Bone:87.4027
Epoch [45/100] Step [1040/1290] Loss:13.1910 Wing:12.8500 Bone:170.5144
Epoch [45/100] Step [1060/1290] Loss:10.9040 Wing:10.7713 Bone:66.3932
Epoch [45/100] Step [1080/1290] Loss:11.8699 Wing:11.6513 Bone:109.2760
Epoch [45/100] Step [1100/1290] Loss:11.3005 Wing:11.1647 Bone:67.8753
Epoch [45/100] Step [1120/1290] Loss:11.1231 Wing:10.9813 Bone:70.8848
Epoch [45/100] Step [1140/1290] Loss:14.6656 Wing:14.3391 Bone:163.2708
Epoch [45/100] Step [1160/1290] Loss:12.5653 Wing:12.3780 Bone:93.6402
Epoch [45/100] Step [1180/1290] Loss:11.7012 Wing:11.5658 Bone:67.7114
Epoch [45/100] Step [1200/1290] Loss:12.0836 Wing:11.8883 Bone:97.6480
Epoch [45/100] Step [1220/1290] Loss:12.5331 Wing:12.2605 Bone:136.3028
Epoch [45/100] Step [1240/1290] Loss:12.8863 Wing:12.6537 Bone:116.3086
Epoch [45/100] Step [1260/1290] Loss:11.4963 Wing:11.2764 Bone:109.9329
Epoch [45/100] Step [1280/1290] Loss:12.2020 Wing:12.0264 Bone:87.8024
===> Epoch 45 | Loss:12.4121 | Wing:12.1964 | Bone:107.8711 | LR:5.82e-05 | 696.2s/epoch (1290 steps)
    Peak CUDA memory allocated so far: 1372.4 MB
    >>> MONITOR (V2-style, rhd_test.json subset) (n=200, 6.5s) PCK@0.2: 0.9579 | AUC: 0.8826 | MPJPE: 15.13px
    >>> NEW BEST MONITOR (V2-style, rhd_test.json subset) PCK@0.2: 0.9579 at epoch 45
Epoch [46/100] Step [0/1290] Loss:11.1984 Wing:11.0803 Bone:59.0529
Epoch [46/100] Step [20/1290] Loss:12.2657 Wing:12.0475 Bone:109.0687
Epoch [46/100] Step [40/1290] Loss:13.2842 Wing:13.0634 Bone:110.3936
Epoch [46/100] Step [60/1290] Loss:13.9073 Wing:13.5833 Bone:162.0069
Epoch [46/100] Step [80/1290] Loss:11.2934 Wing:11.1104 Bone:91.5261
Epoch [46/100] Step [100/1290] Loss:12.3225 Wing:12.0196 Bone:151.4542
Epoch [46/100] Step [120/1290] Loss:12.1185 Wing:11.9602 Bone:79.1361
Epoch [46/100] Step [140/1290] Loss:13.0078 Wing:12.7643 Bone:121.7118
Epoch [46/100] Step [160/1290] Loss:11.9842 Wing:11.7608 Bone:111.7153
Epoch [46/100] Step [180/1290] Loss:12.1296 Wing:11.9578 Bone:85.8921
Epoch [46/100] Step [200/1290] Loss:12.1068 Wing:11.9359 Bone:85.4209
Epoch [46/100] Step [220/1290] Loss:12.6409 Wing:12.4455 Bone:97.6861
Epoch [46/100] Step [240/1290] Loss:12.1393 Wing:11.9358 Bone:101.7691
Epoch [46/100] Step [260/1290] Loss:11.5063 Wing:11.3600 Bone:73.1553
Epoch [46/100] Step [280/1290] Loss:15.8016 Wing:14.9699 Bone:415.8304
Epoch [46/100] Step [300/1290] Loss:12.9199 Wing:12.6877 Bone:116.0701
Epoch [46/100] Step [320/1290] Loss:11.4594 Wing:11.3069 Bone:76.2648
Epoch [46/100] Step [340/1290] Loss:12.7518 Wing:12.5462 Bone:102.7609
Epoch [46/100] Step [360/1290] Loss:12.3144 Wing:12.0930 Bone:110.6970
Epoch [46/100] Step [380/1290] Loss:13.1495 Wing:12.9053 Bone:122.0739
Epoch [46/100] Step [400/1290] Loss:12.5304 Wing:12.3279 Bone:101.2880
Epoch [46/100] Step [420/1290] Loss:13.1851 Wing:12.9337 Bone:125.7039
Epoch [46/100] Step [440/1290] Loss:11.9624 Wing:11.8030 Bone:79.6934
Epoch [46/100] Step [460/1290] Loss:11.5469 Wing:11.3506 Bone:98.1512
Epoch [46/100] Step [480/1290] Loss:12.3578 Wing:12.1688 Bone:94.5147
Epoch [46/100] Step [500/1290] Loss:13.0795 Wing:12.8300 Bone:124.7148
Epoch [46/100] Step [520/1290] Loss:11.9031 Wing:11.7305 Bone:86.3375
Epoch [46/100] Step [540/1290] Loss:11.7589 Wing:11.6099 Bone:74.5001
Epoch [46/100] Step [560/1290] Loss:12.3507 Wing:12.1535 Bone:98.5977
Epoch [46/100] Step [580/1290] Loss:13.2024 Wing:13.0094 Bone:96.4749
Epoch [46/100] Step [600/1290] Loss:11.5102 Wing:11.2974 Bone:106.3631
Epoch [46/100] Step [620/1290] Loss:11.6941 Wing:11.5573 Bone:68.4073
Epoch [46/100] Step [640/1290] Loss:12.1088 Wing:11.9317 Bone:88.5175
Epoch [46/100] Step [660/1290] Loss:10.8048 Wing:10.6500 Bone:77.3747
Epoch [46/100] Step [680/1290] Loss:11.9394 Wing:11.7264 Bone:106.5025
Epoch [46/100] Step [700/1290] Loss:12.1376 Wing:11.9351 Bone:101.2261
Epoch [46/100] Step [720/1290] Loss:12.1496 Wing:11.9637 Bone:92.9087
Epoch [46/100] Step [740/1290] Loss:12.4793 Wing:12.3119 Bone:83.6748
Epoch [46/100] Step [760/1290] Loss:15.1451 Wing:14.7450 Bone:200.0605
Epoch [46/100] Step [780/1290] Loss:13.7049 Wing:13.4971 Bone:103.9000
Epoch [46/100] Step [800/1290] Loss:12.8918 Wing:12.5659 Bone:162.9258
Epoch [46/100] Step [820/1290] Loss:11.4065 Wing:11.2282 Bone:89.1389
Epoch [46/100] Step [840/1290] Loss:11.9064 Wing:11.6599 Bone:123.2359
Epoch [46/100] Step [860/1290] Loss:12.6090 Wing:12.3784 Bone:115.3057
Epoch [46/100] Step [880/1290] Loss:12.6121 Wing:12.4240 Bone:94.0641
Epoch [46/100] Step [900/1290] Loss:16.1176 Wing:15.3018 Bone:407.9124
Epoch [46/100] Step [920/1290] Loss:11.0465 Wing:10.9248 Bone:60.8488
Epoch [46/100] Step [940/1290] Loss:11.5021 Wing:11.3474 Bone:77.3439
Epoch [46/100] Step [960/1290] Loss:12.9387 Wing:12.6736 Bone:132.5145
Epoch [46/100] Step [980/1290] Loss:12.7549 Wing:12.5340 Bone:110.4237
Epoch [46/100] Step [1000/1290] Loss:11.5415 Wing:11.3670 Bone:87.2129
Epoch [46/100] Step [1020/1290] Loss:11.8694 Wing:11.6536 Bone:107.9365
Epoch [46/100] Step [1040/1290] Loss:11.7681 Wing:11.5284 Bone:119.8206
Epoch [46/100] Step [1060/1290] Loss:12.2939 Wing:12.1371 Bone:78.4056
Epoch [46/100] Step [1080/1290] Loss:10.3427 Wing:10.2078 Bone:67.4502
Epoch [46/100] Step [1100/1290] Loss:12.2092 Wing:12.0202 Bone:94.4928
Epoch [46/100] Step [1120/1290] Loss:13.3782 Wing:13.0764 Bone:150.9059
Epoch [46/100] Step [1140/1290] Loss:11.2890 Wing:11.1496 Bone:69.7106
Epoch [46/100] Step [1160/1290] Loss:11.3285 Wing:11.1766 Bone:75.9604
Epoch [46/100] Step [1180/1290] Loss:11.8010 Wing:11.6361 Bone:82.4484
Epoch [46/100] Step [1200/1290] Loss:12.5439 Wing:12.2851 Bone:129.3816
Epoch [46/100] Step [1220/1290] Loss:12.4912 Wing:12.2685 Bone:111.3769
Epoch [46/100] Step [1240/1290] Loss:13.1487 Wing:12.9630 Bone:92.8521
Epoch [46/100] Step [1260/1290] Loss:12.2903 Wing:12.1076 Bone:91.3335
Epoch [46/100] Step [1280/1290] Loss:12.0782 Wing:11.8854 Bone:96.4043
===> Epoch 46 | Loss:12.3409 | Wing:12.1275 | Bone:106.7320 | LR:5.67e-05 | 694.0s/epoch (1290 steps)
    Peak CUDA memory allocated so far: 1372.4 MB
Epoch [47/100] Step [0/1290] Loss:11.5358 Wing:11.3347 Bone:100.5590
Epoch [47/100] Step [20/1290] Loss:12.8183 Wing:12.5405 Bone:138.8653
Epoch [47/100] Step [40/1290] Loss:12.3530 Wing:12.1541 Bone:99.4220
Epoch [47/100] Step [60/1290] Loss:11.8749 Wing:11.7194 Bone:77.7513
Epoch [47/100] Step [80/1290] Loss:12.5840 Wing:12.3550 Bone:114.5317
Epoch [47/100] Step [100/1290] Loss:12.7500 Wing:12.5313 Bone:109.3535
Epoch [47/100] Step [120/1290] Loss:11.6373 Wing:11.5191 Bone:59.1020
Epoch [47/100] Step [140/1290] Loss:11.6508 Wing:11.4967 Bone:77.0591
Epoch [47/100] Step [160/1290] Loss:10.9491 Wing:10.8415 Bone:53.7893
Epoch [47/100] Step [180/1290] Loss:13.0867 Wing:12.8882 Bone:99.2131
Epoch [47/100] Step [200/1290] Loss:12.0836 Wing:11.9307 Bone:76.4401
Epoch [47/100] Step [220/1290] Loss:13.6615 Wing:13.3364 Bone:162.5755
Epoch [47/100] Step [240/1290] Loss:14.6675 Wing:14.3869 Bone:140.2938
Epoch [47/100] Step [260/1290] Loss:11.4726 Wing:11.3433 Bone:64.6522
Epoch [47/100] Step [280/1290] Loss:12.2913 Wing:12.0767 Bone:107.2903
Epoch [47/100] Step [300/1290] Loss:12.6953 Wing:12.4523 Bone:121.4860
Epoch [47/100] Step [320/1290] Loss:12.9058 Wing:12.6541 Bone:125.8745
Epoch [47/100] Step [340/1290] Loss:13.2646 Wing:12.9649 Bone:149.8800
Epoch [47/100] Step [360/1290] Loss:12.7247 Wing:12.5615 Bone:81.5787
Epoch [47/100] Step [380/1290] Loss:13.7030 Wing:13.4532 Bone:124.9310
Epoch [47/100] Step [400/1290] Loss:11.4953 Wing:11.3310 Bone:82.1905
Epoch [47/100] Step [420/1290] Loss:11.7485 Wing:11.5842 Bone:82.1539
Epoch [47/100] Step [440/1290] Loss:11.9972 Wing:11.8506 Bone:73.3326
Epoch [47/100] Step [460/1290] Loss:12.8956 Wing:12.6517 Bone:121.9376
Epoch [47/100] Step [480/1290] Loss:11.5083 Wing:11.3850 Bone:61.6577
Epoch [47/100] Step [500/1290] Loss:12.5156 Wing:12.2888 Bone:113.3743
Epoch [47/100] Step [520/1290] Loss:12.2041 Wing:11.9966 Bone:103.7647
Epoch [47/100] Step [540/1290] Loss:14.2747 Wing:14.0338 Bone:120.4611
Epoch [47/100] Step [560/1290] Loss:10.9549 Wing:10.8202 Bone:67.3238
Epoch [47/100] Step [580/1290] Loss:12.1742 Wing:12.0112 Bone:81.5126
Epoch [47/100] Step [600/1290] Loss:13.1023 Wing:12.9040 Bone:99.1383
Epoch [47/100] Step [620/1290] Loss:13.2236 Wing:12.9798 Bone:121.8634
Epoch [47/100] Step [640/1290] Loss:11.6347 Wing:11.4949 Bone:69.9481
Epoch [47/100] Step [660/1290] Loss:12.2262 Wing:11.9971 Bone:114.5732
Epoch [47/100] Step [680/1290] Loss:12.0620 Wing:11.8498 Bone:106.1347
Epoch [47/100] Step [700/1290] Loss:13.1885 Wing:12.9643 Bone:112.1059
Epoch [47/100] Step [720/1290] Loss:11.5938 Wing:11.4634 Bone:65.2085
Epoch [47/100] Step [740/1290] Loss:12.5677 Wing:12.3907 Bone:88.5299
Epoch [47/100] Step [760/1290] Loss:12.1861 Wing:11.9494 Bone:118.3364
Epoch [47/100] Step [780/1290] Loss:14.2912 Wing:13.9845 Bone:153.3770
Epoch [47/100] Step [800/1290] Loss:10.9692 Wing:10.8461 Bone:61.5701
Epoch [47/100] Step [820/1290] Loss:11.9312 Wing:11.6851 Bone:123.0315
Epoch [47/100] Step [840/1290] Loss:11.4183 Wing:11.2775 Bone:70.4218
Epoch [47/100] Step [860/1290] Loss:12.3665 Wing:12.1915 Bone:87.5024
Epoch [47/100] Step [880/1290] Loss:13.1688 Wing:12.9449 Bone:111.9397
Epoch [47/100] Step [900/1290] Loss:10.6493 Wing:10.5411 Bone:54.0756
Epoch [47/100] Step [920/1290] Loss:13.5434 Wing:13.2188 Bone:162.2858
Epoch [47/100] Step [940/1290] Loss:12.2262 Wing:12.0475 Bone:89.3537
Epoch [47/100] Step [960/1290] Loss:11.7941 Wing:11.5541 Bone:119.9656
Epoch [47/100] Step [980/1290] Loss:12.8626 Wing:12.6148 Bone:123.8927
Epoch [47/100] Step [1000/1290] Loss:13.6224 Wing:13.2514 Bone:185.4805
Epoch [47/100] Step [1020/1290] Loss:10.8956 Wing:10.7442 Bone:75.7038
Epoch [47/100] Step [1040/1290] Loss:15.4983 Wing:15.0474 Bone:225.4396
Epoch [47/100] Step [1060/1290] Loss:11.3190 Wing:11.1791 Bone:69.9189
Epoch [47/100] Step [1080/1290] Loss:12.3889 Wing:12.1344 Bone:127.2721
Epoch [47/100] Step [1100/1290] Loss:12.9366 Wing:12.6977 Bone:119.4089
Epoch [47/100] Step [1120/1290] Loss:12.2329 Wing:12.0825 Bone:75.2104
Epoch [47/100] Step [1140/1290] Loss:10.8059 Wing:10.6971 Bone:54.4083
Epoch [47/100] Step [1160/1290] Loss:11.5170 Wing:11.3228 Bone:97.0945
Epoch [47/100] Step [1180/1290] Loss:11.8351 Wing:11.6674 Bone:83.8816
Epoch [47/100] Step [1200/1290] Loss:12.8104 Wing:12.6032 Bone:103.5812
Epoch [47/100] Step [1220/1290] Loss:12.1138 Wing:11.9664 Bone:73.7107
Epoch [47/100] Step [1240/1290] Loss:11.8823 Wing:11.7113 Bone:85.4603
Epoch [47/100] Step [1260/1290] Loss:12.2686 Wing:12.0375 Bone:115.5828
Epoch [47/100] Step [1280/1290] Loss:12.5884 Wing:12.2394 Bone:174.5203
===> Epoch 47 | Loss:12.3103 | Wing:12.0983 | Bone:106.0015 | LR:5.52e-05 | 702.5s/epoch (1290 steps)
    Peak CUDA memory allocated so far: 1372.4 MB
Epoch [48/100] Step [0/1290] Loss:11.3334 Wing:11.1759 Bone:78.7595
Epoch [48/100] Step [20/1290] Loss:11.3284 Wing:11.1591 Bone:84.6277
Epoch [48/100] Step [40/1290] Loss:10.7719 Wing:10.6431 Bone:64.4240
Epoch [48/100] Step [60/1290] Loss:13.6775 Wing:13.4561 Bone:110.7175
Epoch [48/100] Step [80/1290] Loss:11.0964 Wing:10.9343 Bone:81.0618
Epoch [48/100] Step [100/1290] Loss:12.7018 Wing:12.2960 Bone:202.9068
Epoch [48/100] Step [120/1290] Loss:11.0227 Wing:10.8982 Bone:62.2639
Epoch [48/100] Step [140/1290] Loss:12.5092 Wing:12.3074 Bone:100.8983
Epoch [48/100] Step [160/1290] Loss:14.1898 Wing:13.9273 Bone:131.2454
Epoch [48/100] Step [180/1290] Loss:12.9084 Wing:12.6062 Bone:151.0920
Epoch [48/100] Step [200/1290] Loss:11.5922 Wing:11.3528 Bone:119.6832
Epoch [48/100] Step [220/1290] Loss:12.9008 Wing:12.6550 Bone:122.9284
Epoch [48/100] Step [240/1290] Loss:11.7795 Wing:11.6178 Bone:80.8686
Epoch [48/100] Step [260/1290] Loss:13.7644 Wing:13.5920 Bone:86.1700
Epoch [48/100] Step [280/1290] Loss:11.9987 Wing:11.8617 Bone:68.4835
Epoch [48/100] Step [300/1290] Loss:12.4622 Wing:12.2269 Bone:117.6439
Epoch [48/100] Step [320/1290] Loss:12.2977 Wing:11.9178 Bone:189.9341
Epoch [48/100] Step [340/1290] Loss:10.9298 Wing:10.7983 Bone:65.7857
Epoch [48/100] Step [360/1290] Loss:13.8044 Wing:13.4779 Bone:163.2505
Epoch [48/100] Step [380/1290] Loss:12.3940 Wing:12.1301 Bone:131.9409
Epoch [48/100] Step [400/1290] Loss:12.5323 Wing:12.2817 Bone:125.3109
Epoch [48/100] Step [420/1290] Loss:11.4814 Wing:11.3021 Bone:89.6613
Epoch [48/100] Step [440/1290] Loss:12.1221 Wing:11.9309 Bone:95.5639
Epoch [48/100] Step [460/1290] Loss:12.3139 Wing:12.0948 Bone:109.5238
Epoch [48/100] Step [480/1290] Loss:13.0546 Wing:12.8453 Bone:104.6407
Epoch [48/100] Step [500/1290] Loss:12.2929 Wing:12.0672 Bone:112.8261
Epoch [48/100] Step [520/1290] Loss:11.9529 Wing:11.7140 Bone:119.4786
Epoch [48/100] Step [540/1290] Loss:11.5938 Wing:11.4923 Bone:50.7723
Epoch [48/100] Step [560/1290] Loss:10.5282 Wing:10.4139 Bone:57.1364
Epoch [48/100] Step [580/1290] Loss:11.2725 Wing:11.1364 Bone:68.0793
Epoch [48/100] Step [600/1290] Loss:12.1426 Wing:11.9952 Bone:73.7267
Epoch [48/100] Step [620/1290] Loss:12.3999 Wing:12.2062 Bone:96.8551
Epoch [48/100] Step [640/1290] Loss:13.2647 Wing:12.9900 Bone:137.3505
Epoch [48/100] Step [660/1290] Loss:14.0455 Wing:13.8345 Bone:105.4956
Epoch [48/100] Step [680/1290] Loss:12.7076 Wing:12.5366 Bone:85.5176
Epoch [48/100] Step [700/1290] Loss:11.7436 Wing:11.5734 Bone:85.1390
Epoch [48/100] Step [720/1290] Loss:12.7745 Wing:12.5752 Bone:99.6396
Epoch [48/100] Step [740/1290] Loss:11.8232 Wing:11.6059 Bone:108.6649
Epoch [48/100] Step [760/1290] Loss:11.1852 Wing:11.0444 Bone:70.4184
Epoch [48/100] Step [780/1290] Loss:12.4678 Wing:12.2026 Bone:132.5790
Epoch [48/100] Step [800/1290] Loss:11.7593 Wing:11.5574 Bone:100.9315
Epoch [48/100] Step [820/1290] Loss:11.6114 Wing:11.4300 Bone:90.7224
Epoch [48/100] Step [840/1290] Loss:13.0432 Wing:12.7327 Bone:155.2467
Epoch [48/100] Step [860/1290] Loss:11.8455 Wing:11.6546 Bone:95.4459
Epoch [48/100] Step [880/1290] Loss:11.2661 Wing:11.1385 Bone:63.8348
Epoch [48/100] Step [900/1290] Loss:10.9040 Wing:10.7412 Bone:81.4229
Epoch [48/100] Step [920/1290] Loss:11.7000 Wing:11.5313 Bone:84.3757
Epoch [48/100] Step [940/1290] Loss:14.7520 Wing:14.4614 Bone:145.3092
Epoch [48/100] Step [960/1290] Loss:11.5696 Wing:11.3723 Bone:98.6733
Epoch [48/100] Step [980/1290] Loss:11.0148 Wing:10.9002 Bone:57.3227
Epoch [48/100] Step [1000/1290] Loss:10.9040 Wing:10.7764 Bone:63.8089
Epoch [48/100] Step [1020/1290] Loss:13.8150 Wing:13.2667 Bone:274.1448
Epoch [48/100] Step [1040/1290] Loss:11.3985 Wing:11.2078 Bone:95.3689
Epoch [48/100] Step [1060/1290] Loss:12.2400 Wing:12.0789 Bone:80.5143
Epoch [48/100] Step [1080/1290] Loss:14.0740 Wing:13.7816 Bone:146.2215
Epoch [48/100] Step [1100/1290] Loss:12.2834 Wing:12.1093 Bone:87.0084
Epoch [48/100] Step [1120/1290] Loss:12.6561 Wing:12.4284 Bone:113.8344
Epoch [48/100] Step [1140/1290] Loss:14.3292 Wing:13.9346 Bone:197.2926
Epoch [48/100] Step [1160/1290] Loss:12.5955 Wing:12.2446 Bone:175.4420
Epoch [48/100] Step [1180/1290] Loss:12.0442 Wing:11.8814 Bone:81.4002
Epoch [48/100] Step [1200/1290] Loss:11.2214 Wing:11.0298 Bone:95.8087
Epoch [48/100] Step [1220/1290] Loss:11.4353 Wing:11.3315 Bone:51.9142
Epoch [48/100] Step [1240/1290] Loss:12.0809 Wing:11.8884 Bone:96.2570
Epoch [48/100] Step [1260/1290] Loss:11.9024 Wing:11.7342 Bone:84.1113
Epoch [48/100] Step [1280/1290] Loss:11.3513 Wing:11.2006 Bone:75.3635
===> Epoch 48 | Loss:12.2467 | Wing:12.0356 | Bone:105.5538 | LR:5.36e-05 | 724.5s/epoch (1290 steps)
    Peak CUDA memory allocated so far: 1372.4 MB
Epoch [49/100] Step [0/1290] Loss:11.0469 Wing:10.9036 Bone:71.6314
Epoch [49/100] Step [20/1290] Loss:10.8043 Wing:10.6787 Bone:62.7791
Epoch [49/100] Step [40/1290] Loss:13.6188 Wing:13.4011 Bone:108.8450
Epoch [49/100] Step [60/1290] Loss:13.4649 Wing:13.2000 Bone:132.4542
Epoch [49/100] Step [80/1290] Loss:11.1238 Wing:10.9779 Bone:72.9068
Epoch [49/100] Step [100/1290] Loss:11.8280 Wing:11.6483 Bone:89.8259
Epoch [49/100] Step [120/1290] Loss:12.1987 Wing:12.0292 Bone:84.7474
Epoch [49/100] Step [140/1290] Loss:11.9521 Wing:11.7763 Bone:87.8874
Epoch [49/100] Step [160/1290] Loss:13.4772 Wing:13.2320 Bone:122.5556
Epoch [49/100] Step [180/1290] Loss:11.1415 Wing:11.0314 Bone:55.0450
Epoch [49/100] Step [200/1290] Loss:13.8436 Wing:13.5382 Bone:152.6980
Epoch [49/100] Step [220/1290] Loss:12.4434 Wing:12.1879 Bone:127.7666
Epoch [49/100] Step [240/1290] Loss:11.8939 Wing:11.7461 Bone:73.8697
Epoch [49/100] Step [260/1290] Loss:11.7768 Wing:11.5889 Bone:93.9174
Epoch [49/100] Step [280/1290] Loss:12.2680 Wing:12.0364 Bone:115.7757
Epoch [49/100] Step [300/1290] Loss:11.4136 Wing:11.2752 Bone:69.1938
Epoch [49/100] Step [320/1290] Loss:13.2069 Wing:12.8803 Bone:163.3090
Epoch [49/100] Step [340/1290] Loss:11.9914 Wing:11.8146 Bone:88.4211
Epoch [49/100] Step [360/1290] Loss:12.6906 Wing:12.4095 Bone:140.5572
Epoch [49/100] Step [380/1290] Loss:11.8221 Wing:11.6645 Bone:78.8275
Epoch [49/100] Step [400/1290] Loss:13.1833 Wing:12.9223 Bone:130.4830
Epoch [49/100] Step [420/1290] Loss:11.0543 Wing:10.9534 Bone:50.4591
Epoch [49/100] Step [440/1290] Loss:11.0656 Wing:10.9437 Bone:60.9186
Epoch [49/100] Step [460/1290] Loss:11.7704 Wing:11.5414 Bone:114.4897
Epoch [49/100] Step [480/1290] Loss:12.2969 Wing:12.1174 Bone:89.7575
Epoch [49/100] Step [500/1290] Loss:10.2435 Wing:10.1359 Bone:53.8324
Epoch [49/100] Step [520/1290] Loss:12.6481 Wing:12.4920 Bone:78.0715
Epoch [49/100] Step [540/1290] Loss:11.7326 Wing:11.5610 Bone:85.7825
Epoch [49/100] Step [560/1290] Loss:12.8457 Wing:12.6859 Bone:79.8883
Epoch [49/100] Step [580/1290] Loss:11.3098 Wing:11.2036 Bone:53.0794
Epoch [49/100] Step [600/1290] Loss:11.4492 Wing:11.3214 Bone:63.9330
Epoch [49/100] Step [620/1290] Loss:12.0628 Wing:11.8110 Bone:125.8786
Epoch [49/100] Step [640/1290] Loss:10.9189 Wing:10.7845 Bone:67.1781
Epoch [49/100] Step [660/1290] Loss:12.2879 Wing:12.1139 Bone:86.9868
Epoch [49/100] Step [680/1290] Loss:11.5163 Wing:11.3617 Bone:77.2864
Epoch [49/100] Step [700/1290] Loss:10.8399 Wing:10.7267 Bone:56.5883
Epoch [49/100] Step [720/1290] Loss:11.6235 Wing:11.4505 Bone:86.5092
Epoch [49/100] Step [740/1290] Loss:12.3003 Wing:12.0873 Bone:106.5237
Epoch [49/100] Step [760/1290] Loss:12.8937 Wing:12.6753 Bone:109.1890
Epoch [49/100] Step [780/1290] Loss:12.1364 Wing:11.8598 Bone:138.3045
Epoch [49/100] Step [800/1290] Loss:11.6435 Wing:11.4794 Bone:82.0759
Epoch [49/100] Step [820/1290] Loss:12.3035 Wing:12.0938 Bone:104.8272
Epoch [49/100] Step [840/1290] Loss:12.2519 Wing:12.1110 Bone:70.4047
Epoch [49/100] Step [860/1290] Loss:10.4920 Wing:10.3660 Bone:62.9800
Epoch [49/100] Step [880/1290] Loss:11.8727 Wing:11.7271 Bone:72.8123
Epoch [49/100] Step [900/1290] Loss:13.7881 Wing:13.5989 Bone:94.6193
Epoch [49/100] Step [920/1290] Loss:11.5354 Wing:11.3519 Bone:91.7704
Epoch [49/100] Step [940/1290] Loss:12.2638 Wing:12.0584 Bone:102.7240
Epoch [49/100] Step [960/1290] Loss:11.9441 Wing:11.7840 Bone:80.0248
Epoch [49/100] Step [980/1290] Loss:12.1052 Wing:11.8783 Bone:113.4828
Epoch [49/100] Step [1000/1290] Loss:12.9579 Wing:12.6476 Bone:155.1710
Epoch [49/100] Step [1020/1290] Loss:12.2350 Wing:12.0227 Bone:106.1199
Epoch [49/100] Step [1040/1290] Loss:13.0183 Wing:12.8247 Bone:96.8164
Epoch [49/100] Step [1060/1290] Loss:10.5148 Wing:10.4276 Bone:43.5955
Epoch [49/100] Step [1080/1290] Loss:11.3469 Wing:11.2313 Bone:57.7865
Epoch [49/100] Step [1100/1290] Loss:11.9485 Wing:11.7809 Bone:83.7746
Epoch [49/100] Step [1120/1290] Loss:11.9404 Wing:11.7854 Bone:77.4834
Epoch [49/100] Step [1140/1290] Loss:12.5455 Wing:12.3428 Bone:101.3544
Epoch [49/100] Step [1160/1290] Loss:12.0350 Wing:11.8268 Bone:104.1246
Epoch [49/100] Step [1180/1290] Loss:12.1649 Wing:11.9395 Bone:112.6852
Epoch [49/100] Step [1200/1290] Loss:11.6056 Wing:11.4362 Bone:84.6924
Epoch [49/100] Step [1220/1290] Loss:11.5465 Wing:11.3966 Bone:74.9204
Epoch [49/100] Step [1240/1290] Loss:11.9349 Wing:11.7745 Bone:80.2070
Epoch [49/100] Step [1260/1290] Loss:12.0380 Wing:11.7376 Bone:150.1645
Epoch [49/100] Step [1280/1290] Loss:12.6363 Wing:12.3589 Bone:138.6899
===> Epoch 49 | Loss:12.1934 | Wing:11.9877 | Bone:102.8280 | LR:5.21e-05 | 701.7s/epoch (1290 steps)
    Peak CUDA memory allocated so far: 1372.4 MB
Epoch [50/100] Step [0/1290] Loss:9.8983 Wing:9.8029 Bone:47.7157
Epoch [50/100] Step [20/1290] Loss:12.4621 Wing:12.2506 Bone:105.7427
Epoch [50/100] Step [40/1290] Loss:11.0414 Wing:10.9033 Bone:69.0774
Epoch [50/100] Step [60/1290] Loss:11.9093 Wing:11.7785 Bone:65.3755
Epoch [50/100] Step [80/1290] Loss:12.2005 Wing:11.9705 Bone:115.0462
Epoch [50/100] Step [100/1290] Loss:11.7071 Wing:11.5023 Bone:102.3953
Epoch [50/100] Step [120/1290] Loss:12.7097 Wing:12.4684 Bone:120.6299
Epoch [50/100] Step [140/1290] Loss:12.4086 Wing:12.1805 Bone:114.0567
Epoch [50/100] Step [160/1290] Loss:11.9579 Wing:11.7853 Bone:86.2889
Epoch [50/100] Step [180/1290] Loss:11.9429 Wing:11.7481 Bone:97.4339
Epoch [50/100] Step [200/1290] Loss:11.3202 Wing:11.1859 Bone:67.1535
Epoch [50/100] Step [220/1290] Loss:11.8419 Wing:11.6107 Bone:115.5652
Epoch [50/100] Step [240/1290] Loss:11.4953 Wing:11.3404 Bone:77.4796
Epoch [50/100] Step [260/1290] Loss:14.4476 Wing:14.1565 Bone:145.5231
Epoch [50/100] Step [280/1290] Loss:14.4389 Wing:14.0925 Bone:173.1976
Epoch [50/100] Step [300/1290] Loss:11.1847 Wing:11.0680 Bone:58.3593
Epoch [50/100] Step [320/1290] Loss:12.8437 Wing:12.6000 Bone:121.8596
Epoch [50/100] Step [340/1290] Loss:10.7813 Wing:10.6471 Bone:67.0930
Epoch [50/100] Step [360/1290] Loss:15.6988 Wing:15.2982 Bone:200.3033
Epoch [50/100] Step [380/1290] Loss:12.8540 Wing:12.6657 Bone:94.1332
Epoch [50/100] Step [400/1290] Loss:12.0817 Wing:11.9321 Bone:74.7799
Epoch [50/100] Step [420/1290] Loss:10.9433 Wing:10.8081 Bone:67.6030
Epoch [50/100] Step [440/1290] Loss:12.2753 Wing:12.0894 Bone:92.9793
Epoch [50/100] Step [460/1290] Loss:12.2418 Wing:12.1010 Bone:70.3817
Epoch [50/100] Step [480/1290] Loss:13.4771 Wing:13.2291 Bone:123.9748
Epoch [50/100] Step [500/1290] Loss:11.4122 Wing:11.3024 Bone:54.9275
Epoch [50/100] Step [520/1290] Loss:12.6859 Wing:12.4150 Bone:135.4471
Epoch [50/100] Step [540/1290] Loss:12.0628 Wing:11.8977 Bone:82.5622
Epoch [50/100] Step [560/1290] Loss:11.7904 Wing:11.5978 Bone:96.3358
Epoch [50/100] Step [580/1290] Loss:12.5338 Wing:12.3271 Bone:103.3423
Epoch [50/100] Step [600/1290] Loss:11.8529 Wing:11.6303 Bone:111.3008
Epoch [50/100] Step [620/1290] Loss:13.6556 Wing:13.4182 Bone:118.6802
Epoch [50/100] Step [640/1290] Loss:12.2958 Wing:12.0858 Bone:104.9580
Epoch [50/100] Step [660/1290] Loss:12.1538 Wing:11.8630 Bone:145.4328
Epoch [50/100] Step [680/1290] Loss:11.8548 Wing:11.7194 Bone:67.7447
Epoch [50/100] Step [700/1290] Loss:11.1074 Wing:10.9789 Bone:64.2329
Epoch [50/100] Step [720/1290] Loss:12.6759 Wing:12.4105 Bone:132.6626
Epoch [50/100] Step [740/1290] Loss:13.4712 Wing:13.0526 Bone:209.2986
Epoch [50/100] Step [760/1290] Loss:10.5619 Wing:10.4486 Bone:56.6474
Epoch [50/100] Step [780/1290] Loss:14.4923 Wing:14.1224 Bone:184.9548
Epoch [50/100] Step [800/1290] Loss:11.0856 Wing:10.9197 Bone:82.9758
Epoch [50/100] Step [820/1290] Loss:11.5184 Wing:11.3970 Bone:60.6891
Epoch [50/100] Step [840/1290] Loss:11.0183 Wing:10.8728 Bone:72.7640
Epoch [50/100] Step [860/1290] Loss:13.7007 Wing:13.3172 Bone:191.7323
Epoch [50/100] Step [880/1290] Loss:11.7647 Wing:11.6021 Bone:81.2961
Epoch [50/100] Step [900/1290] Loss:13.6311 Wing:13.4023 Bone:114.3876
Epoch [50/100] Step [920/1290] Loss:12.4660 Wing:12.2755 Bone:95.2603
Epoch [50/100] Step [940/1290] Loss:12.0105 Wing:11.8312 Bone:89.6681
Epoch [50/100] Step [960/1290] Loss:12.6360 Wing:12.4365 Bone:99.7497
Epoch [50/100] Step [980/1290] Loss:12.6302 Wing:12.4330 Bone:98.5876
Epoch [50/100] Step [1000/1290] Loss:14.7297 Wing:14.0665 Bone:331.5652
Epoch [50/100] Step [1020/1290] Loss:9.8455 Wing:9.7458 Bone:49.8404
Epoch [50/100] Step [1040/1290] Loss:10.2888 Wing:10.1490 Bone:69.9020
Epoch [50/100] Step [1060/1290] Loss:12.2284 Wing:12.0352 Bone:96.5787
Epoch [50/100] Step [1080/1290] Loss:11.6409 Wing:11.4487 Bone:96.0833
Epoch [50/100] Step [1100/1290] Loss:10.8812 Wing:10.7751 Bone:53.0790
Epoch [50/100] Step [1120/1290] Loss:10.7346 Wing:10.5867 Bone:73.9492
Epoch [50/100] Step [1140/1290] Loss:12.0462 Wing:11.8809 Bone:82.6284
Epoch [50/100] Step [1160/1290] Loss:12.2911 Wing:12.0861 Bone:102.4969
Epoch [50/100] Step [1180/1290] Loss:11.9242 Wing:11.7710 Bone:76.5898
Epoch [50/100] Step [1200/1290] Loss:11.2604 Wing:11.1032 Bone:78.5901
Epoch [50/100] Step [1220/1290] Loss:11.5532 Wing:11.3444 Bone:104.3918
Epoch [50/100] Step [1240/1290] Loss:10.9700 Wing:10.8438 Bone:63.1024
Epoch [50/100] Step [1260/1290] Loss:11.8915 Wing:11.7211 Bone:85.2111
Epoch [50/100] Step [1280/1290] Loss:12.6952 Wing:12.4756 Bone:109.8008
===> Epoch 50 | Loss:12.1731 | Wing:11.9663 | Bone:103.3989 | LR:5.05e-05 | 689.1s/epoch (1290 steps)
    Peak CUDA memory allocated so far: 1372.4 MB
    Checkpoint saved: C:\Users\Bea Juliana Poquiz\Desktop\mmpose_thesis\R2-05\runs\parity_baseline\checkpoints\parity_epoch_50.pth
    >>> MONITOR (V2-style, rhd_test.json subset) (n=200, 6.6s) PCK@0.2: 0.9586 | AUC: 0.8804 | MPJPE: 15.37px
    >>> NEW BEST MONITOR (V2-style, rhd_test.json subset) PCK@0.2: 0.9586 at epoch 50
Epoch [51/100] Step [0/1290] Loss:12.7820 Wing:12.6227 Bone:79.6892
Epoch [51/100] Step [20/1290] Loss:12.0479 Wing:11.8712 Bone:88.3417
Epoch [51/100] Step [40/1290] Loss:11.8446 Wing:11.6663 Bone:89.1764
Epoch [51/100] Step [60/1290] Loss:12.4996 Wing:12.3016 Bone:99.0016
Epoch [51/100] Step [80/1290] Loss:12.8602 Wing:12.5285 Bone:165.8585
Epoch [51/100] Step [100/1290] Loss:11.2608 Wing:11.1580 Bone:51.4015
Epoch [51/100] Step [120/1290] Loss:12.7773 Wing:12.6031 Bone:87.1052
Epoch [51/100] Step [140/1290] Loss:10.7588 Wing:10.6554 Bone:51.7200
Epoch [51/100] Step [160/1290] Loss:10.2605 Wing:10.1576 Bone:51.4628
Epoch [51/100] Step [180/1290] Loss:13.2763 Wing:13.0422 Bone:117.0434
Epoch [51/100] Step [200/1290] Loss:12.6728 Wing:12.4829 Bone:94.9641
Epoch [51/100] Step [220/1290] Loss:12.3604 Wing:12.1796 Bone:90.3953
Epoch [51/100] Step [240/1290] Loss:12.8571 Wing:12.6556 Bone:100.7340
Epoch [51/100] Step [260/1290] Loss:12.3921 Wing:12.1670 Bone:112.5547
Epoch [51/100] Step [280/1290] Loss:11.9805 Wing:11.7234 Bone:128.5670
Epoch [51/100] Step [300/1290] Loss:12.1152 Wing:11.9606 Bone:77.3004
Epoch [51/100] Step [320/1290] Loss:12.4408 Wing:12.2215 Bone:109.6478
Epoch [51/100] Step [340/1290] Loss:11.4144 Wing:11.2474 Bone:83.4990
Epoch [51/100] Step [360/1290] Loss:11.3896 Wing:11.2436 Bone:72.9912
Epoch [51/100] Step [380/1290] Loss:11.4225 Wing:11.2625 Bone:79.9900
Epoch [51/100] Step [400/1290] Loss:10.1665 Wing:10.0300 Bone:68.2521
Epoch [51/100] Step [420/1290] Loss:13.2406 Wing:12.9941 Bone:123.2544
Epoch [51/100] Step [440/1290] Loss:13.6129 Wing:13.3892 Bone:111.8309
Epoch [51/100] Step [460/1290] Loss:11.8920 Wing:11.7418 Bone:75.1134
Epoch [51/100] Step [480/1290] Loss:11.2512 Wing:11.1216 Bone:64.7665
Epoch [51/100] Step [500/1290] Loss:11.6817 Wing:11.4906 Bone:95.5408
Epoch [51/100] Step [520/1290] Loss:12.4551 Wing:12.2278 Bone:113.6334
Epoch [51/100] Step [540/1290] Loss:10.3673 Wing:10.2361 Bone:65.6000
Epoch [51/100] Step [560/1290] Loss:13.3760 Wing:13.0414 Bone:167.3455
Epoch [51/100] Step [580/1290] Loss:12.3568 Wing:12.2144 Bone:71.1933
Epoch [51/100] Step [600/1290] Loss:12.0373 Wing:11.8477 Bone:94.8251
Epoch [51/100] Step [620/1290] Loss:11.5697 Wing:11.4491 Bone:60.3201
Epoch [51/100] Step [640/1290] Loss:11.4419 Wing:11.2773 Bone:82.3149
Epoch [51/100] Step [660/1290] Loss:10.5750 Wing:10.4824 Bone:46.3244
Epoch [51/100] Step [680/1290] Loss:12.7808 Wing:12.6397 Bone:70.5681
Epoch [51/100] Step [700/1290] Loss:10.8678 Wing:10.7548 Bone:56.4824
Epoch [51/100] Step [720/1290] Loss:11.7487 Wing:11.5991 Bone:74.7695
Epoch [51/100] Step [740/1290] Loss:13.1782 Wing:12.9656 Bone:106.3173
Epoch [51/100] Step [760/1290] Loss:12.7548 Wing:12.5259 Bone:114.4477
Epoch [51/100] Step [780/1290] Loss:11.8922 Wing:11.7414 Bone:75.4166
Epoch [51/100] Step [800/1290] Loss:10.8379 Wing:10.6994 Bone:69.2720
Epoch [51/100] Step [820/1290] Loss:12.4202 Wing:12.2206 Bone:99.7639
Epoch [51/100] Step [840/1290] Loss:13.5579 Wing:13.2645 Bone:146.7174
Epoch [51/100] Step [860/1290] Loss:12.0775 Wing:11.8904 Bone:93.5753
Epoch [51/100] Step [880/1290] Loss:12.5761 Wing:12.3748 Bone:100.6647
Epoch [51/100] Step [900/1290] Loss:11.3895 Wing:11.2383 Bone:75.6179
Epoch [51/100] Step [920/1290] Loss:11.2486 Wing:11.1074 Bone:70.6139
Epoch [51/100] Step [940/1290] Loss:12.5661 Wing:12.3726 Bone:96.7216
Epoch [51/100] Step [960/1290] Loss:11.7477 Wing:11.6016 Bone:73.0729
Epoch [51/100] Step [980/1290] Loss:12.3969 Wing:12.2476 Bone:74.6585
Epoch [51/100] Step [1000/1290] Loss:16.5265 Wing:14.7417 Bone:892.3782
Epoch [51/100] Step [1020/1290] Loss:11.2774 Wing:11.1384 Bone:69.4806
Epoch [51/100] Step [1040/1290] Loss:11.1614 Wing:10.9689 Bone:96.2533
Epoch [51/100] Step [1060/1290] Loss:11.9172 Wing:11.7210 Bone:98.0774
Epoch [51/100] Step [1080/1290] Loss:12.5268 Wing:12.2818 Bone:122.4843
Epoch [51/100] Step [1100/1290] Loss:12.1351 Wing:11.9445 Bone:95.2954
Epoch [51/100] Step [1120/1290] Loss:11.0889 Wing:10.9404 Bone:74.2118
Epoch [51/100] Step [1140/1290] Loss:11.4436 Wing:11.3027 Bone:70.4683
Epoch [51/100] Step [1160/1290] Loss:12.9741 Wing:12.7093 Bone:132.4317
Epoch [51/100] Step [1180/1290] Loss:11.4002 Wing:11.2329 Bone:83.6673
Epoch [51/100] Step [1200/1290] Loss:13.4662 Wing:13.2065 Bone:129.8479
Epoch [51/100] Step [1220/1290] Loss:13.2493 Wing:12.9882 Bone:130.5469
Epoch [51/100] Step [1240/1290] Loss:10.5208 Wing:10.3956 Bone:62.5896
Epoch [51/100] Step [1260/1290] Loss:11.8030 Wing:11.6221 Bone:90.4524
Epoch [51/100] Step [1280/1290] Loss:10.6988 Wing:10.5786 Bone:60.0946
===> Epoch 51 | Loss:12.1307 | Wing:11.9280 | Bone:101.3492 | LR:4.89e-05 | 702.1s/epoch (1290 steps)
    Peak CUDA memory allocated so far: 1372.4 MB
Epoch [52/100] Step [0/1290] Loss:13.0045 Wing:12.6296 Bone:187.4989
Epoch [52/100] Step [20/1290] Loss:11.5455 Wing:11.3888 Bone:78.3116
Epoch [52/100] Step [40/1290] Loss:12.1457 Wing:11.9958 Bone:74.9490
Epoch [52/100] Step [60/1290] Loss:11.9240 Wing:11.7866 Bone:68.6708
Epoch [52/100] Step [80/1290] Loss:10.8597 Wing:10.7435 Bone:58.1296
Epoch [52/100] Step [100/1290] Loss:11.3816 Wing:11.2543 Bone:63.6546
Epoch [52/100] Step [120/1290] Loss:12.7087 Wing:12.5153 Bone:96.7254
Epoch [52/100] Step [140/1290] Loss:12.1524 Wing:11.9395 Bone:106.4539
Epoch [52/100] Step [160/1290] Loss:11.0670 Wing:10.9131 Bone:76.9372
Epoch [52/100] Step [180/1290] Loss:11.7397 Wing:11.5676 Bone:86.0380
Epoch [52/100] Step [200/1290] Loss:11.9066 Wing:11.6832 Bone:111.7180
Epoch [52/100] Step [220/1290] Loss:10.8581 Wing:10.7165 Bone:70.7917
Epoch [52/100] Step [240/1290] Loss:12.2161 Wing:12.0473 Bone:84.4144
Epoch [52/100] Step [260/1290] Loss:11.4306 Wing:11.2872 Bone:71.7077
Epoch [52/100] Step [280/1290] Loss:11.9690 Wing:11.7641 Bone:102.4599
Epoch [52/100] Step [300/1290] Loss:12.1892 Wing:11.9371 Bone:126.0054
Epoch [52/100] Step [320/1290] Loss:11.8706 Wing:11.6884 Bone:91.1235
Epoch [52/100] Step [340/1290] Loss:12.4825 Wing:12.2877 Bone:97.4094
Epoch [52/100] Step [360/1290] Loss:12.5369 Wing:12.2868 Bone:125.0248
Epoch [52/100] Step [380/1290] Loss:13.0690 Wing:12.8174 Bone:125.7919
Epoch [52/100] Step [400/1290] Loss:11.3736 Wing:11.2820 Bone:45.8092
Epoch [52/100] Step [420/1290] Loss:11.5091 Wing:11.3586 Bone:75.2609
Epoch [52/100] Step [440/1290] Loss:10.6501 Wing:10.5316 Bone:59.2713
Epoch [52/100] Step [460/1290] Loss:12.1959 Wing:11.9830 Bone:106.4317
Epoch [52/100] Step [480/1290] Loss:11.7263 Wing:11.5744 Bone:75.9459
Epoch [52/100] Step [500/1290] Loss:12.8276 Wing:12.5922 Bone:117.6962
Epoch [52/100] Step [520/1290] Loss:11.6760 Wing:11.5167 Bone:79.6515
Epoch [52/100] Step [540/1290] Loss:12.4823 Wing:12.3249 Bone:78.7087
Epoch [52/100] Step [560/1290] Loss:11.9861 Wing:11.8144 Bone:85.8652
Epoch [52/100] Step [580/1290] Loss:11.9160 Wing:11.6392 Bone:138.3890
Epoch [52/100] Step [600/1290] Loss:12.4886 Wing:12.3019 Bone:93.3671
Epoch [52/100] Step [620/1290] Loss:12.3030 Wing:12.1408 Bone:81.1425
Epoch [52/100] Step [640/1290] Loss:12.3737 Wing:12.1782 Bone:97.7471
Epoch [52/100] Step [660/1290] Loss:11.8873 Wing:11.7416 Bone:72.8583
Epoch [52/100] Step [680/1290] Loss:12.7021 Wing:12.4637 Bone:119.2254
Epoch [52/100] Step [700/1290] Loss:11.2610 Wing:11.1259 Bone:67.5330
Epoch [52/100] Step [720/1290] Loss:11.4123 Wing:11.2689 Bone:71.6874
Epoch [52/100] Step [740/1290] Loss:11.8191 Wing:11.6377 Bone:90.7010
Epoch [52/100] Step [760/1290] Loss:11.8868 Wing:11.6555 Bone:115.6469
Epoch [52/100] Step [780/1290] Loss:10.6151 Wing:10.4953 Bone:59.8997
Epoch [52/100] Step [800/1290] Loss:11.3269 Wing:11.1518 Bone:87.5988
Epoch [52/100] Step [820/1290] Loss:11.6510 Wing:11.5145 Bone:68.2093
Epoch [52/100] Step [840/1290] Loss:11.2121 Wing:11.0603 Bone:75.9137
Epoch [52/100] Step [860/1290] Loss:10.5584 Wing:10.4257 Bone:66.3686
Epoch [52/100] Step [880/1290] Loss:11.6193 Wing:11.3724 Bone:123.4797
Epoch [52/100] Step [900/1290] Loss:11.4837 Wing:11.2932 Bone:95.2601
Epoch [52/100] Step [920/1290] Loss:12.3021 Wing:12.1182 Bone:91.9153
Epoch [52/100] Step [940/1290] Loss:13.1628 Wing:12.9774 Bone:92.6905
Epoch [52/100] Step [960/1290] Loss:13.0724 Wing:12.8441 Bone:114.1372
Epoch [52/100] Step [980/1290] Loss:12.6007 Wing:12.3966 Bone:102.0538
Epoch [52/100] Step [1000/1290] Loss:12.0404 Wing:11.8773 Bone:81.5234
Epoch [52/100] Step [1020/1290] Loss:12.0700 Wing:11.8850 Bone:92.4868
Epoch [52/100] Step [1040/1290] Loss:11.9897 Wing:11.7957 Bone:96.9984
Epoch [52/100] Step [1060/1290] Loss:11.9379 Wing:11.7938 Bone:72.0295
Epoch [52/100] Step [1080/1290] Loss:12.1696 Wing:11.9845 Bone:92.5711
Epoch [52/100] Step [1100/1290] Loss:14.9440 Wing:14.6385 Bone:152.7543
Epoch [52/100] Step [1120/1290] Loss:11.0323 Wing:10.9415 Bone:45.4100
Epoch [52/100] Step [1140/1290] Loss:15.4218 Wing:14.6448 Bone:388.5039
Epoch [52/100] Step [1160/1290] Loss:14.0331 Wing:13.7236 Bone:154.7216
Epoch [52/100] Step [1180/1290] Loss:11.2950 Wing:11.1524 Bone:71.3101
Epoch [52/100] Step [1200/1290] Loss:13.0910 Wing:12.8440 Bone:123.4882
Epoch [52/100] Step [1220/1290] Loss:11.8843 Wing:11.7122 Bone:86.0831
Epoch [52/100] Step [1240/1290] Loss:11.7529 Wing:11.5971 Bone:77.9092
Epoch [52/100] Step [1260/1290] Loss:11.8904 Wing:11.7068 Bone:91.8106
Epoch [52/100] Step [1280/1290] Loss:11.9888 Wing:11.8324 Bone:78.1757
===> Epoch 52 | Loss:12.0725 | Wing:11.8723 | Bone:100.0699 | LR:4.74e-05 | 710.8s/epoch (1290 steps)
    Peak CUDA memory allocated so far: 1372.4 MB
Epoch [53/100] Step [0/1290] Loss:11.6333 Wing:11.4498 Bone:91.7687
Epoch [53/100] Step [20/1290] Loss:12.0948 Wing:11.8835 Bone:105.6678
Epoch [53/100] Step [40/1290] Loss:12.1191 Wing:11.8991 Bone:109.9731
Epoch [53/100] Step [60/1290] Loss:11.9524 Wing:11.7738 Bone:89.3115
Epoch [53/100] Step [80/1290] Loss:12.1410 Wing:11.8761 Bone:132.4049
Epoch [53/100] Step [100/1290] Loss:11.7507 Wing:11.5819 Bone:84.3644
Epoch [53/100] Step [120/1290] Loss:11.7410 Wing:11.5636 Bone:88.7313
Epoch [53/100] Step [140/1290] Loss:14.3574 Wing:13.9675 Bone:194.9597
Epoch [53/100] Step [160/1290] Loss:12.3184 Wing:12.1136 Bone:102.4349
Epoch [53/100] Step [180/1290] Loss:12.4893 Wing:12.2839 Bone:102.7235
Epoch [53/100] Step [200/1290] Loss:12.2209 Wing:12.0426 Bone:89.1851
Epoch [53/100] Step [220/1290] Loss:10.6203 Wing:10.4963 Bone:61.9743
Epoch [53/100] Step [240/1290] Loss:10.4230 Wing:10.3009 Bone:61.0323
Epoch [53/100] Step [260/1290] Loss:11.2666 Wing:11.1488 Bone:58.8956
Epoch [53/100] Step [280/1290] Loss:12.4944 Wing:12.2440 Bone:125.2201
Epoch [53/100] Step [300/1290] Loss:10.5756 Wing:10.4800 Bone:47.7923
Epoch [53/100] Step [320/1290] Loss:11.8913 Wing:11.7666 Bone:62.3539
Epoch [53/100] Step [340/1290] Loss:11.2349 Wing:11.1056 Bone:64.6748
Epoch [53/100] Step [360/1290] Loss:12.2997 Wing:12.1316 Bone:84.0855
Epoch [53/100] Step [380/1290] Loss:13.0641 Wing:12.8359 Bone:114.1056
Epoch [53/100] Step [400/1290] Loss:11.4686 Wing:11.2943 Bone:87.1387
Epoch [53/100] Step [420/1290] Loss:12.1560 Wing:11.9701 Bone:92.9317
Epoch [53/100] Step [440/1290] Loss:12.2570 Wing:11.9840 Bone:136.4842
Epoch [53/100] Step [460/1290] Loss:11.2626 Wing:11.1422 Bone:60.2355
Epoch [53/100] Step [480/1290] Loss:11.9863 Wing:11.7838 Bone:101.2598
Epoch [53/100] Step [500/1290] Loss:13.2570 Wing:12.9597 Bone:148.6596
Epoch [53/100] Step [520/1290] Loss:12.1442 Wing:11.8995 Bone:122.3369
Epoch [53/100] Step [540/1290] Loss:11.2699 Wing:11.1458 Bone:62.0429
Epoch [53/100] Step [560/1290] Loss:10.4423 Wing:10.3210 Bone:60.6245
Epoch [53/100] Step [580/1290] Loss:12.9222 Wing:12.6667 Bone:127.7900
Epoch [53/100] Step [600/1290] Loss:11.5159 Wing:11.3293 Bone:93.2795
Epoch [53/100] Step [620/1290] Loss:11.7540 Wing:11.6124 Bone:70.7993
Epoch [53/100] Step [640/1290] Loss:11.9262 Wing:11.7545 Bone:85.8501
Epoch [53/100] Step [660/1290] Loss:11.0712 Wing:10.9459 Bone:62.6595
Epoch [53/100] Step [680/1290] Loss:12.0357 Wing:11.8312 Bone:102.2187
Epoch [53/100] Step [700/1290] Loss:12.8014 Wing:12.6214 Bone:89.9827
Epoch [53/100] Step [720/1290] Loss:11.2368 Wing:11.0941 Bone:71.3569
Epoch [53/100] Step [740/1290] Loss:11.5534 Wing:11.3697 Bone:91.8493
Epoch [53/100] Step [760/1290] Loss:12.3771 Wing:12.1897 Bone:93.7043
Epoch [53/100] Step [780/1290] Loss:11.8080 Wing:11.6066 Bone:100.7063
Epoch [53/100] Step [800/1290] Loss:11.5488 Wing:11.3687 Bone:90.0654
Epoch [53/100] Step [820/1290] Loss:11.4944 Wing:11.3662 Bone:64.0714
Epoch [53/100] Step [840/1290] Loss:14.0161 Wing:13.7028 Bone:156.6914
Epoch [53/100] Step [860/1290] Loss:13.6988 Wing:13.4424 Bone:128.2005
Epoch [53/100] Step [880/1290] Loss:12.1956 Wing:12.0253 Bone:85.1351
Epoch [53/100] Step [900/1290] Loss:13.4979 Wing:13.2530 Bone:122.4664
Epoch [53/100] Step [920/1290] Loss:11.7341 Wing:11.5748 Bone:79.6419
Epoch [53/100] Step [940/1290] Loss:11.0620 Wing:10.9376 Bone:62.2338
Epoch [53/100] Step [960/1290] Loss:11.3235 Wing:11.1133 Bone:105.0892
Epoch [53/100] Step [980/1290] Loss:11.9130 Wing:11.7611 Bone:75.9338
Epoch [53/100] Step [1000/1290] Loss:11.4674 Wing:11.2908 Bone:88.3085
Epoch [53/100] Step [1020/1290] Loss:12.3401 Wing:12.1515 Bone:94.3396
Epoch [53/100] Step [1040/1290] Loss:11.8386 Wing:11.6609 Bone:88.8828
Epoch [53/100] Step [1060/1290] Loss:10.9482 Wing:10.8058 Bone:71.1946
Epoch [53/100] Step [1080/1290] Loss:11.7953 Wing:11.6502 Bone:72.5917
Epoch [53/100] Step [1100/1290] Loss:10.9667 Wing:10.8529 Bone:56.9107
Epoch [53/100] Step [1120/1290] Loss:11.2687 Wing:11.1391 Bone:64.7785
Epoch [53/100] Step [1140/1290] Loss:10.1343 Wing:10.0248 Bone:54.7479
Epoch [53/100] Step [1160/1290] Loss:11.1882 Wing:11.0133 Bone:87.4324
Epoch [53/100] Step [1180/1290] Loss:12.3204 Wing:12.1416 Bone:89.4349
Epoch [53/100] Step [1200/1290] Loss:11.3354 Wing:11.1720 Bone:81.7411
Epoch [53/100] Step [1220/1290] Loss:14.2361 Wing:13.7642 Bone:235.9644
Epoch [53/100] Step [1240/1290] Loss:11.8231 Wing:11.6357 Bone:93.7248
Epoch [53/100] Step [1260/1290] Loss:12.1340 Wing:11.9385 Bone:97.7454
Epoch [53/100] Step [1280/1290] Loss:12.1706 Wing:12.0094 Bone:80.6381
===> Epoch 53 | Loss:12.0234 | Wing:11.8230 | Bone:100.1995 | LR:4.58e-05 | 712.0s/epoch (1290 steps)
    Peak CUDA memory allocated so far: 1372.4 MB
Epoch [54/100] Step [0/1290] Loss:12.3516 Wing:12.1963 Bone:77.6775
Epoch [54/100] Step [20/1290] Loss:13.0917 Wing:12.8854 Bone:103.1725
Epoch [54/100] Step [40/1290] Loss:12.1223 Wing:11.8989 Bone:111.7195
Epoch [54/100] Step [60/1290] Loss:12.1750 Wing:12.0244 Bone:75.2990
Epoch [54/100] Step [80/1290] Loss:11.8342 Wing:11.6591 Bone:87.5351
Epoch [54/100] Step [100/1290] Loss:12.2869 Wing:12.0603 Bone:113.3135
Epoch [54/100] Step [120/1290] Loss:13.5292 Wing:13.2845 Bone:122.3477
Epoch [54/100] Step [140/1290] Loss:10.9595 Wing:10.8185 Bone:70.5299
Epoch [54/100] Step [160/1290] Loss:11.6502 Wing:11.4749 Bone:87.6673
Epoch [54/100] Step [180/1290] Loss:12.2942 Wing:12.1098 Bone:92.1655
Epoch [54/100] Step [200/1290] Loss:11.7346 Wing:11.5602 Bone:87.1743
Epoch [54/100] Step [220/1290] Loss:11.2747 Wing:11.0986 Bone:88.0547
Epoch [54/100] Step [240/1290] Loss:11.8928 Wing:11.7703 Bone:61.2940
Epoch [54/100] Step [260/1290] Loss:11.6208 Wing:11.4545 Bone:83.1569
Epoch [54/100] Step [280/1290] Loss:15.4160 Wing:14.5673 Bone:424.3137
Epoch [54/100] Step [300/1290] Loss:13.3311 Wing:13.1338 Bone:98.6283
Epoch [54/100] Step [320/1290] Loss:11.3660 Wing:11.1799 Bone:93.0754
Epoch [54/100] Step [340/1290] Loss:13.4931 Wing:13.2509 Bone:121.1464
Epoch [54/100] Step [360/1290] Loss:12.5257 Wing:12.3497 Bone:88.0339
Epoch [54/100] Step [380/1290] Loss:11.9199 Wing:11.7517 Bone:84.0846
Epoch [54/100] Step [400/1290] Loss:11.5053 Wing:11.3771 Bone:64.0927
Epoch [54/100] Step [420/1290] Loss:10.8252 Wing:10.6991 Bone:63.0055
Epoch [54/100] Step [440/1290] Loss:12.1712 Wing:12.0130 Bone:79.0877
Epoch [54/100] Step [460/1290] Loss:12.1166 Wing:11.8944 Bone:111.1065
Epoch [54/100] Step [480/1290] Loss:11.6798 Wing:11.5114 Bone:84.2193
Epoch [54/100] Step [500/1290] Loss:10.9749 Wing:10.8236 Bone:75.6239
Epoch [54/100] Step [520/1290] Loss:11.1299 Wing:11.0114 Bone:59.2592
Epoch [54/100] Step [540/1290] Loss:12.2639 Wing:12.0427 Bone:110.6422
Epoch [54/100] Step [560/1290] Loss:10.8256 Wing:10.6680 Bone:78.8005
Epoch [54/100] Step [580/1290] Loss:10.5296 Wing:10.3836 Bone:73.0119
Epoch [54/100] Step [600/1290] Loss:11.7418 Wing:11.5318 Bone:105.0026
Epoch [54/100] Step [620/1290] Loss:12.7162 Wing:12.4417 Bone:137.2858
Epoch [54/100] Step [640/1290] Loss:11.6062 Wing:11.4733 Bone:66.4199
Epoch [54/100] Step [660/1290] Loss:12.0676 Wing:11.9201 Bone:73.7090
Epoch [54/100] Step [680/1290] Loss:12.4089 Wing:12.2129 Bone:98.0138
Epoch [54/100] Step [700/1290] Loss:11.3031 Wing:11.1245 Bone:89.2740
Epoch [54/100] Step [720/1290] Loss:12.4389 Wing:12.2267 Bone:106.0707
Epoch [54/100] Step [740/1290] Loss:12.5462 Wing:12.3689 Bone:88.6374
Epoch [54/100] Step [760/1290] Loss:12.4845 Wing:12.2598 Bone:112.3458
Epoch [54/100] Step [780/1290] Loss:11.8279 Wing:11.6450 Bone:91.4230
Epoch [54/100] Step [800/1290] Loss:13.0697 Wing:12.8002 Bone:134.7376
Epoch [54/100] Step [820/1290] Loss:10.5045 Wing:10.3988 Bone:52.8558
Epoch [54/100] Step [840/1290] Loss:12.4948 Wing:12.2720 Bone:111.4263
Epoch [54/100] Step [860/1290] Loss:13.5499 Wing:13.2142 Bone:167.8596
Epoch [54/100] Step [880/1290] Loss:11.7228 Wing:11.5804 Bone:71.1998
Epoch [54/100] Step [900/1290] Loss:11.3314 Wing:11.1782 Bone:76.6130
Epoch [54/100] Step [920/1290] Loss:11.3890 Wing:11.0831 Bone:152.9632
Epoch [54/100] Step [940/1290] Loss:11.3609 Wing:11.1653 Bone:97.8344
Epoch [54/100] Step [960/1290] Loss:10.8636 Wing:10.7198 Bone:71.8658
Epoch [54/100] Step [980/1290] Loss:11.9706 Wing:11.8212 Bone:74.7493
Epoch [54/100] Step [1000/1290] Loss:11.3254 Wing:11.2051 Bone:60.1240
Epoch [54/100] Step [1020/1290] Loss:12.4230 Wing:12.1887 Bone:117.1523
Epoch [54/100] Step [1040/1290] Loss:11.2682 Wing:11.1409 Bone:63.6776
Epoch [54/100] Step [1060/1290] Loss:13.7717 Wing:13.5264 Bone:122.6311
Epoch [54/100] Step [1080/1290] Loss:10.7694 Wing:10.6667 Bone:51.3477
Epoch [54/100] Step [1100/1290] Loss:11.2112 Wing:11.0341 Bone:88.5175
Epoch [54/100] Step [1120/1290] Loss:11.1932 Wing:11.0754 Bone:58.8927
Epoch [54/100] Step [1140/1290] Loss:12.7126 Wing:12.4701 Bone:121.2467
Epoch [54/100] Step [1160/1290] Loss:11.1387 Wing:10.9848 Bone:76.9537
Epoch [54/100] Step [1180/1290] Loss:11.5660 Wing:11.4205 Bone:72.7061
Epoch [54/100] Step [1200/1290] Loss:11.7724 Wing:11.6085 Bone:81.9691
Epoch [54/100] Step [1220/1290] Loss:12.2790 Wing:12.1060 Bone:86.5267
Epoch [54/100] Step [1240/1290] Loss:11.0090 Wing:10.9060 Bone:51.5025
Epoch [54/100] Step [1260/1290] Loss:10.7230 Wing:10.5213 Bone:100.8350
Epoch [54/100] Step [1280/1290] Loss:12.0657 Wing:11.9054 Bone:80.1555
===> Epoch 54 | Loss:11.9821 | Wing:11.7839 | Bone:99.0729 | LR:4.43e-05 | 688.3s/epoch (1290 steps)
    Peak CUDA memory allocated so far: 1372.4 MB
Epoch [55/100] Step [0/1290] Loss:13.6621 Wing:13.3622 Bone:149.9571
Epoch [55/100] Step [20/1290] Loss:12.8412 Wing:12.5662 Bone:137.4720
Epoch [55/100] Step [40/1290] Loss:12.1694 Wing:11.9325 Bone:118.4055
Epoch [55/100] Step [60/1290] Loss:11.1554 Wing:10.9979 Bone:78.7770
Epoch [55/100] Step [80/1290] Loss:10.7817 Wing:10.6576 Bone:62.0258
Epoch [55/100] Step [100/1290] Loss:11.0704 Wing:10.9419 Bone:64.2543
Epoch [55/100] Step [120/1290] Loss:11.3069 Wing:11.1674 Bone:69.7702
Epoch [55/100] Step [140/1290] Loss:11.9960 Wing:11.8123 Bone:91.8537
Epoch [55/100] Step [160/1290] Loss:10.1787 Wing:10.0666 Bone:56.0399
Epoch [55/100] Step [180/1290] Loss:11.9836 Wing:11.8380 Bone:72.8061
Epoch [55/100] Step [200/1290] Loss:10.7052 Wing:10.5662 Bone:69.4904
Epoch [55/100] Step [220/1290] Loss:13.4677 Wing:13.2554 Bone:106.1546
Epoch [55/100] Step [240/1290] Loss:11.5985 Wing:11.4447 Bone:76.8851
Epoch [55/100] Step [260/1290] Loss:12.0826 Wing:11.8609 Bone:110.8222
Epoch [55/100] Step [280/1290] Loss:11.8648 Wing:11.6450 Bone:109.9129
Epoch [55/100] Step [300/1290] Loss:10.8798 Wing:10.7616 Bone:59.1059
Epoch [55/100] Step [320/1290] Loss:10.9575 Wing:10.8138 Bone:71.8812
Epoch [55/100] Step [340/1290] Loss:10.9076 Wing:10.7792 Bone:64.1648
Epoch [55/100] Step [360/1290] Loss:12.5830 Wing:12.4175 Bone:82.7644
Epoch [55/100] Step [380/1290] Loss:10.1663 Wing:10.0627 Bone:51.8152
Epoch [55/100] Step [400/1290] Loss:11.8551 Wing:11.6480 Bone:103.5560
Epoch [55/100] Step [420/1290] Loss:11.0986 Wing:10.9661 Bone:66.2721
Epoch [55/100] Step [440/1290] Loss:12.3316 Wing:12.1569 Bone:87.3102
Epoch [55/100] Step [460/1290] Loss:12.1523 Wing:11.9472 Bone:102.5375
Epoch [55/100] Step [480/1290] Loss:10.6785 Wing:10.5884 Bone:45.0368
Epoch [55/100] Step [500/1290] Loss:12.6555 Wing:12.4334 Bone:111.0458
Epoch [55/100] Step [520/1290] Loss:12.8095 Wing:12.4756 Bone:166.9907
Epoch [55/100] Step [540/1290] Loss:10.5627 Wing:10.3951 Bone:83.7832
Epoch [55/100] Step [560/1290] Loss:12.2800 Wing:12.0816 Bone:99.2400
Epoch [55/100] Step [580/1290] Loss:12.4601 Wing:12.2081 Bone:126.0229
Epoch [55/100] Step [600/1290] Loss:11.3002 Wing:11.1482 Bone:76.0326
Epoch [55/100] Step [620/1290] Loss:10.8625 Wing:10.6601 Bone:101.2156
Epoch [55/100] Step [640/1290] Loss:12.3928 Wing:12.2047 Bone:94.0297
Epoch [55/100] Step [660/1290] Loss:14.5553 Wing:14.2153 Bone:169.9967
Epoch [55/100] Step [680/1290] Loss:12.1337 Wing:11.8930 Bone:120.3592
Epoch [55/100] Step [700/1290] Loss:13.5084 Wing:13.2363 Bone:136.0670
Epoch [55/100] Step [720/1290] Loss:12.5711 Wing:12.3672 Bone:101.9605
Epoch [55/100] Step [740/1290] Loss:14.7025 Wing:13.9008 Bone:400.8182
Epoch [55/100] Step [760/1290] Loss:11.8307 Wing:11.6708 Bone:79.9105
Epoch [55/100] Step [780/1290] Loss:12.9411 Wing:12.5876 Bone:176.7748
Epoch [55/100] Step [800/1290] Loss:12.8116 Wing:12.4122 Bone:199.7206
Epoch [55/100] Step [820/1290] Loss:13.1318 Wing:12.8674 Bone:132.1664
Epoch [55/100] Step [840/1290] Loss:11.8030 Wing:11.6280 Bone:87.4832
Epoch [55/100] Step [860/1290] Loss:11.3678 Wing:11.1691 Bone:99.3483
Epoch [55/100] Step [880/1290] Loss:12.9697 Wing:12.7021 Bone:133.8296
Epoch [55/100] Step [900/1290] Loss:11.4337 Wing:11.2708 Bone:81.4694
Epoch [55/100] Step [920/1290] Loss:12.6631 Wing:12.4945 Bone:84.2859
Epoch [55/100] Step [940/1290] Loss:10.9649 Wing:10.8397 Bone:62.5726
Epoch [55/100] Step [960/1290] Loss:11.7590 Wing:11.5785 Bone:90.2460
Epoch [55/100] Step [980/1290] Loss:14.0501 Wing:13.7862 Bone:131.9538
Epoch [55/100] Step [1000/1290] Loss:11.4859 Wing:11.3445 Bone:70.6788
Epoch [55/100] Step [1020/1290] Loss:11.8334 Wing:11.6111 Bone:111.1472
Epoch [55/100] Step [1040/1290] Loss:11.9447 Wing:11.7730 Bone:85.8531
Epoch [55/100] Step [1060/1290] Loss:10.6157 Wing:10.5041 Bone:55.7902
Epoch [55/100] Step [1080/1290] Loss:12.1128 Wing:11.9121 Bone:100.3382
Epoch [55/100] Step [1100/1290] Loss:10.6265 Wing:10.4762 Bone:75.1487
Epoch [55/100] Step [1120/1290] Loss:11.4785 Wing:11.3343 Bone:72.1019
Epoch [55/100] Step [1140/1290] Loss:11.2981 Wing:11.1141 Bone:92.0294
Epoch [55/100] Step [1160/1290] Loss:12.2752 Wing:12.1334 Bone:70.9141
Epoch [55/100] Step [1180/1290] Loss:12.5718 Wing:12.2453 Bone:163.2524
Epoch [55/100] Step [1200/1290] Loss:11.4952 Wing:11.3501 Bone:72.5631
Epoch [55/100] Step [1220/1290] Loss:13.8825 Wing:13.4947 Bone:193.9141
Epoch [55/100] Step [1240/1290] Loss:11.5749 Wing:11.4258 Bone:74.5590
Epoch [55/100] Step [1260/1290] Loss:13.4100 Wing:13.1791 Bone:115.4289
Epoch [55/100] Step [1280/1290] Loss:12.5043 Wing:12.2093 Bone:147.4803
===> Epoch 55 | Loss:11.9280 | Wing:11.7311 | Bone:98.4533 | LR:4.28e-05 | 693.7s/epoch (1290 steps)
    Peak CUDA memory allocated so far: 1372.4 MB
    >>> MONITOR (V2-style, rhd_test.json subset) (n=200, 6.5s) PCK@0.2: 0.9550 | AUC: 0.8818 | MPJPE: 15.23px
    >>> No improvement (1/5)
Epoch [56/100] Step [0/1290] Loss:12.8056 Wing:12.5271 Bone:139.2284
Epoch [56/100] Step [20/1290] Loss:12.2961 Wing:12.0936 Bone:101.2696
Epoch [56/100] Step [40/1290] Loss:12.0700 Wing:11.8766 Bone:96.7031
Epoch [56/100] Step [60/1290] Loss:13.4228 Wing:13.0710 Bone:175.8679
Epoch [56/100] Step [80/1290] Loss:12.3940 Wing:12.1894 Bone:102.3179
Epoch [56/100] Step [100/1290] Loss:11.1223 Wing:10.9680 Bone:77.1576
Epoch [56/100] Step [120/1290] Loss:11.1408 Wing:10.9643 Bone:88.2859
Epoch [56/100] Step [140/1290] Loss:12.2950 Wing:12.0845 Bone:105.2944
Epoch [56/100] Step [160/1290] Loss:12.2177 Wing:12.0078 Bone:104.9449
Epoch [56/100] Step [180/1290] Loss:12.2688 Wing:12.0053 Bone:131.7280
Epoch [56/100] Step [200/1290] Loss:13.8817 Wing:13.6330 Bone:124.3077
Epoch [56/100] Step [220/1290] Loss:11.2043 Wing:11.0546 Bone:74.8565
Epoch [56/100] Step [240/1290] Loss:11.5437 Wing:11.3507 Bone:96.4911
Epoch [56/100] Step [260/1290] Loss:11.7360 Wing:11.5659 Bone:85.0269
Epoch [56/100] Step [280/1290] Loss:13.3695 Wing:13.0988 Bone:135.3351
Epoch [56/100] Step [300/1290] Loss:10.8432 Wing:10.7285 Bone:57.3435
Epoch [56/100] Step [320/1290] Loss:11.2404 Wing:11.0730 Bone:83.7111
Epoch [56/100] Step [340/1290] Loss:13.2957 Wing:12.9276 Bone:184.0365
Epoch [56/100] Step [360/1290] Loss:10.9718 Wing:10.8250 Bone:73.4077
Epoch [56/100] Step [380/1290] Loss:11.8888 Wing:11.7086 Bone:90.0923
Epoch [56/100] Step [400/1290] Loss:10.9229 Wing:10.7978 Bone:62.5254
Epoch [56/100] Step [420/1290] Loss:12.0266 Wing:11.8213 Bone:102.6701
Epoch [56/100] Step [440/1290] Loss:10.9971 Wing:10.8685 Bone:64.2928
Epoch [56/100] Step [460/1290] Loss:11.5054 Wing:11.3494 Bone:78.0062
Epoch [56/100] Step [480/1290] Loss:10.9072 Wing:10.7648 Bone:71.1752
Epoch [56/100] Step [500/1290] Loss:11.0548 Wing:10.9207 Bone:67.0547
Epoch [56/100] Step [520/1290] Loss:11.2587 Wing:11.0683 Bone:95.1689
Epoch [56/100] Step [540/1290] Loss:11.5278 Wing:11.3855 Bone:71.1171
Epoch [56/100] Step [560/1290] Loss:14.4722 Wing:14.2242 Bone:124.0050
Epoch [56/100] Step [580/1290] Loss:10.9376 Wing:10.7684 Bone:84.5992
Epoch [56/100] Step [600/1290] Loss:12.0273 Wing:11.8282 Bone:99.5577
Epoch [56/100] Step [620/1290] Loss:12.7831 Wing:12.6232 Bone:79.9648
Epoch [56/100] Step [640/1290] Loss:10.4844 Wing:10.3558 Bone:64.2639
Epoch [56/100] Step [660/1290] Loss:12.7197 Wing:12.4890 Bone:115.3831
Epoch [56/100] Step [680/1290] Loss:12.4893 Wing:12.1588 Bone:165.2490
Epoch [56/100] Step [700/1290] Loss:13.1196 Wing:12.8774 Bone:121.1193
Epoch [56/100] Step [720/1290] Loss:15.8052 Wing:14.1803 Bone:812.4734
Epoch [56/100] Step [740/1290] Loss:11.5966 Wing:11.4044 Bone:96.0961
Epoch [56/100] Step [760/1290] Loss:11.5638 Wing:11.4378 Bone:63.0130
Epoch [56/100] Step [780/1290] Loss:10.7488 Wing:10.6433 Bone:52.7673
Epoch [56/100] Step [800/1290] Loss:10.5575 Wing:10.4496 Bone:53.9714
Epoch [56/100] Step [820/1290] Loss:12.7407 Wing:12.4643 Bone:138.2208
Epoch [56/100] Step [840/1290] Loss:13.5280 Wing:13.0177 Bone:255.1555
Epoch [56/100] Step [860/1290] Loss:12.1558 Wing:11.9387 Bone:108.5517
Epoch [56/100] Step [880/1290] Loss:12.2851 Wing:12.0840 Bone:100.5671
Epoch [56/100] Step [900/1290] Loss:11.1734 Wing:11.0237 Bone:74.8564
Epoch [56/100] Step [920/1290] Loss:11.8591 Wing:11.5993 Bone:129.9003
Epoch [56/100] Step [940/1290] Loss:11.9670 Wing:11.8129 Bone:77.0717
Epoch [56/100] Step [960/1290] Loss:12.7807 Wing:12.4559 Bone:162.4059
Epoch [56/100] Step [980/1290] Loss:11.1314 Wing:11.0125 Bone:59.4968
Epoch [56/100] Step [1000/1290] Loss:10.2741 Wing:10.1233 Bone:75.3990
Epoch [56/100] Step [1020/1290] Loss:12.6740 Wing:12.4345 Bone:119.7260
Epoch [56/100] Step [1040/1290] Loss:11.4234 Wing:11.2701 Bone:76.6065
Epoch [56/100] Step [1060/1290] Loss:11.7868 Wing:11.6094 Bone:88.6688
Epoch [56/100] Step [1080/1290] Loss:11.6640 Wing:11.5213 Bone:71.3299
Epoch [56/100] Step [1100/1290] Loss:12.2771 Wing:12.0757 Bone:100.6960
Epoch [56/100] Step [1120/1290] Loss:11.3086 Wing:11.1860 Bone:61.2983
Epoch [56/100] Step [1140/1290] Loss:11.5100 Wing:11.3617 Bone:74.1629
Epoch [56/100] Step [1160/1290] Loss:14.0394 Wing:13.5961 Bone:221.6506
Epoch [56/100] Step [1180/1290] Loss:12.4917 Wing:12.3110 Bone:90.3575
Epoch [56/100] Step [1200/1290] Loss:12.4659 Wing:12.3269 Bone:69.5292
Epoch [56/100] Step [1220/1290] Loss:12.9524 Wing:12.6684 Bone:141.9902
Epoch [56/100] Step [1240/1290] Loss:15.3161 Wing:14.8029 Bone:256.6001
Epoch [56/100] Step [1260/1290] Loss:12.1925 Wing:12.0138 Bone:89.3536
Epoch [56/100] Step [1280/1290] Loss:12.1700 Wing:11.9742 Bone:97.9307
===> Epoch 56 | Loss:11.9060 | Wing:11.7116 | Bone:97.1627 | LR:4.12e-05 | 693.8s/epoch (1290 steps)
    Peak CUDA memory allocated so far: 1372.4 MB
Epoch [57/100] Step [0/1290] Loss:15.4870 Wing:14.9356 Bone:275.6768
Epoch [57/100] Step [20/1290] Loss:11.6869 Wing:11.4344 Bone:126.2617
Epoch [57/100] Step [40/1290] Loss:14.2504 Wing:13.5826 Bone:333.8900
Epoch [57/100] Step [60/1290] Loss:11.7868 Wing:11.6234 Bone:81.7249
Epoch [57/100] Step [80/1290] Loss:11.8262 Wing:11.6880 Bone:69.0980
Epoch [57/100] Step [100/1290] Loss:12.3405 Wing:12.1403 Bone:100.0828
Epoch [57/100] Step [120/1290] Loss:12.0083 Wing:11.8304 Bone:88.9105
Epoch [57/100] Step [140/1290] Loss:11.8099 Wing:11.6139 Bone:98.0475
Epoch [57/100] Step [160/1290] Loss:11.1970 Wing:11.0550 Bone:71.0111
Epoch [57/100] Step [180/1290] Loss:11.5712 Wing:11.4144 Bone:78.3980
Epoch [57/100] Step [200/1290] Loss:10.9974 Wing:10.8683 Bone:64.5833
Epoch [57/100] Step [220/1290] Loss:11.7858 Wing:11.6189 Bone:83.4689
Epoch [57/100] Step [240/1290] Loss:12.3105 Wing:12.0100 Bone:150.2443
Epoch [57/100] Step [260/1290] Loss:11.7757 Wing:11.6224 Bone:76.6718
Epoch [57/100] Step [280/1290] Loss:11.7926 Wing:11.6152 Bone:88.7244
Epoch [57/100] Step [300/1290] Loss:12.1140 Wing:11.8965 Bone:108.7562
Epoch [57/100] Step [320/1290] Loss:10.9081 Wing:10.7858 Bone:61.1783
Epoch [57/100] Step [340/1290] Loss:12.3845 Wing:12.1608 Bone:111.8172
Epoch [57/100] Step [360/1290] Loss:10.3475 Wing:10.2570 Bone:45.2686
Epoch [57/100] Step [380/1290] Loss:12.5116 Wing:12.2838 Bone:113.8848
Epoch [57/100] Step [400/1290] Loss:10.4356 Wing:10.3180 Bone:58.7796
Epoch [57/100] Step [420/1290] Loss:12.3282 Wing:12.0777 Bone:125.2347
Epoch [57/100] Step [440/1290] Loss:12.0733 Wing:11.8871 Bone:93.1252
Epoch [57/100] Step [460/1290] Loss:11.1862 Wing:11.0310 Bone:77.5741
Epoch [57/100] Step [480/1290] Loss:11.1221 Wing:11.0051 Bone:58.4854
Epoch [57/100] Step [500/1290] Loss:11.3792 Wing:11.1965 Bone:91.3215
Epoch [57/100] Step [520/1290] Loss:10.6828 Wing:10.5498 Bone:66.4918
Epoch [57/100] Step [540/1290] Loss:12.0284 Wing:11.8356 Bone:96.4125
Epoch [57/100] Step [560/1290] Loss:10.9294 Wing:10.7977 Bone:65.8510
Epoch [57/100] Step [580/1290] Loss:12.4852 Wing:12.1700 Bone:157.6095
Epoch [57/100] Step [600/1290] Loss:12.3782 Wing:12.1247 Bone:126.7649
Epoch [57/100] Step [620/1290] Loss:9.9632 Wing:9.8130 Bone:75.0817
Epoch [57/100] Step [640/1290] Loss:12.2945 Wing:12.1153 Bone:89.6244
Epoch [57/100] Step [660/1290] Loss:12.3342 Wing:12.1316 Bone:101.3094
Epoch [57/100] Step [680/1290] Loss:12.5326 Wing:12.2832 Bone:124.6942
Epoch [57/100] Step [700/1290] Loss:11.3947 Wing:11.2485 Bone:73.1060
Epoch [57/100] Step [720/1290] Loss:10.6833 Wing:10.5635 Bone:59.9020
Epoch [57/100] Step [740/1290] Loss:12.1958 Wing:12.0100 Bone:92.9422
Epoch [57/100] Step [760/1290] Loss:10.9829 Wing:10.8780 Bone:52.4650
Epoch [57/100] Step [780/1290] Loss:12.7404 Wing:12.5022 Bone:119.1234
Epoch [57/100] Step [800/1290] Loss:13.0390 Wing:12.8745 Bone:82.2729
Epoch [57/100] Step [820/1290] Loss:11.7607 Wing:11.6015 Bone:79.5556
Epoch [57/100] Step [840/1290] Loss:11.2102 Wing:11.0392 Bone:85.5221
Epoch [57/100] Step [860/1290] Loss:11.5975 Wing:11.4430 Bone:77.2540
Epoch [57/100] Step [880/1290] Loss:11.7770 Wing:11.6195 Bone:78.7546
Epoch [57/100] Step [900/1290] Loss:11.7511 Wing:11.5390 Bone:106.0160
Epoch [57/100] Step [920/1290] Loss:11.5439 Wing:11.3686 Bone:87.6135
Epoch [57/100] Step [940/1290] Loss:11.4330 Wing:11.2556 Bone:88.7005
Epoch [57/100] Step [960/1290] Loss:11.0267 Wing:10.8294 Bone:98.6555
Epoch [57/100] Step [980/1290] Loss:11.9377 Wing:11.7880 Bone:74.8403
Epoch [57/100] Step [1000/1290] Loss:12.4635 Wing:12.2619 Bone:100.8271
Epoch [57/100] Step [1020/1290] Loss:11.8721 Wing:11.6269 Bone:122.5753
Epoch [57/100] Step [1040/1290] Loss:11.7589 Wing:11.5453 Bone:106.7990
Epoch [57/100] Step [1060/1290] Loss:11.6428 Wing:11.4879 Bone:77.4722
Epoch [57/100] Step [1080/1290] Loss:10.6411 Wing:10.5118 Bone:64.6676
Epoch [57/100] Step [1100/1290] Loss:11.4790 Wing:11.3201 Bone:79.4499
Epoch [57/100] Step [1120/1290] Loss:12.3972 Wing:12.1593 Bone:118.9487
Epoch [57/100] Step [1140/1290] Loss:10.2443 Wing:10.1224 Bone:60.9410
Epoch [57/100] Step [1160/1290] Loss:12.6334 Wing:12.3737 Bone:129.8420
Epoch [57/100] Step [1180/1290] Loss:11.5743 Wing:11.3474 Bone:113.4696
Epoch [57/100] Step [1200/1290] Loss:11.0658 Wing:10.9098 Bone:78.0029
Epoch [57/100] Step [1220/1290] Loss:12.8670 Wing:12.6507 Bone:108.1374
Epoch [57/100] Step [1240/1290] Loss:11.0646 Wing:10.9210 Bone:71.7817
Epoch [57/100] Step [1260/1290] Loss:11.6223 Wing:11.4160 Bone:103.1405
Epoch [57/100] Step [1280/1290] Loss:11.2056 Wing:11.0768 Bone:64.4279
===> Epoch 57 | Loss:11.8469 | Wing:11.6540 | Bone:96.4707 | LR:3.97e-05 | 695.7s/epoch (1290 steps)
    Peak CUDA memory allocated so far: 1372.4 MB
Epoch [58/100] Step [0/1290] Loss:11.8913 Wing:11.6980 Bone:96.6558
Epoch [58/100] Step [20/1290] Loss:11.8445 Wing:11.6887 Bone:77.8841
Epoch [58/100] Step [40/1290] Loss:11.0846 Wing:10.8961 Bone:94.2183
Epoch [58/100] Step [60/1290] Loss:12.2689 Wing:11.9913 Bone:138.7641
Epoch [58/100] Step [80/1290] Loss:10.8071 Wing:10.6626 Bone:72.2499
Epoch [58/100] Step [100/1290] Loss:11.8880 Wing:11.7349 Bone:76.5193
Epoch [58/100] Step [120/1290] Loss:12.2126 Wing:12.0448 Bone:83.8855
Epoch [58/100] Step [140/1290] Loss:12.9112 Wing:12.7390 Bone:86.1035
Epoch [58/100] Step [160/1290] Loss:12.1467 Wing:11.9815 Bone:82.5814
Epoch [58/100] Step [180/1290] Loss:13.1902 Wing:12.9191 Bone:135.5541
Epoch [58/100] Step [200/1290] Loss:13.4135 Wing:13.1983 Bone:107.5932
Epoch [58/100] Step [220/1290] Loss:14.0615 Wing:13.8678 Bone:96.8432
Epoch [58/100] Step [240/1290] Loss:12.2757 Wing:12.0296 Bone:123.0326
Epoch [58/100] Step [260/1290] Loss:11.8067 Wing:11.6223 Bone:92.2149
Epoch [58/100] Step [280/1290] Loss:11.3629 Wing:11.2217 Bone:70.5944
Epoch [58/100] Step [300/1290] Loss:12.0136 Wing:11.8265 Bone:93.5741
Epoch [58/100] Step [320/1290] Loss:11.1716 Wing:11.0246 Bone:73.4966
Epoch [58/100] Step [340/1290] Loss:14.8641 Wing:14.4390 Bone:212.5317
Epoch [58/100] Step [360/1290] Loss:11.5456 Wing:11.3893 Bone:78.1486
Epoch [58/100] Step [380/1290] Loss:11.8609 Wing:11.6723 Bone:94.3073
Epoch [58/100] Step [400/1290] Loss:10.9340 Wing:10.8153 Bone:59.3256
Epoch [58/100] Step [420/1290] Loss:12.9496 Wing:12.6006 Bone:174.4978
Epoch [58/100] Step [440/1290] Loss:10.6041 Wing:10.5017 Bone:51.1862
Epoch [58/100] Step [460/1290] Loss:11.3378 Wing:11.1760 Bone:80.9112
Epoch [58/100] Step [480/1290] Loss:11.4884 Wing:11.3686 Bone:59.8665
Epoch [58/100] Step [500/1290] Loss:11.0717 Wing:10.9350 Bone:68.3316
Epoch [58/100] Step [520/1290] Loss:10.9276 Wing:10.8180 Bone:54.7696
Epoch [58/100] Step [540/1290] Loss:11.2100 Wing:11.0539 Bone:78.0268
Epoch [58/100] Step [560/1290] Loss:12.0672 Wing:11.8450 Bone:111.0906
Epoch [58/100] Step [580/1290] Loss:14.4820 Wing:14.0268 Bone:227.6200
Epoch [58/100] Step [600/1290] Loss:11.5095 Wing:11.3560 Bone:76.7209
Epoch [58/100] Step [620/1290] Loss:12.0014 Wing:11.7599 Bone:120.7710
Epoch [58/100] Step [640/1290] Loss:12.6749 Wing:12.4622 Bone:106.3224
Epoch [58/100] Step [660/1290] Loss:11.5549 Wing:11.4255 Bone:64.6785
Epoch [58/100] Step [680/1290] Loss:11.7591 Wing:11.5641 Bone:97.4955
Epoch [58/100] Step [700/1290] Loss:12.2016 Wing:12.0180 Bone:91.7945
Epoch [58/100] Step [720/1290] Loss:12.0354 Wing:11.8229 Bone:106.2838
Epoch [58/100] Step [740/1290] Loss:14.8016 Wing:14.5131 Bone:144.2447
Epoch [58/100] Step [760/1290] Loss:12.8531 Wing:12.2610 Bone:296.0108
Epoch [58/100] Step [780/1290] Loss:10.8104 Wing:10.7060 Bone:52.1587
Epoch [58/100] Step [800/1290] Loss:11.5867 Wing:11.3866 Bone:100.0428
Epoch [58/100] Step [820/1290] Loss:10.8175 Wing:10.6681 Bone:74.7198
Epoch [58/100] Step [840/1290] Loss:13.1425 Wing:12.9139 Bone:114.3344
Epoch [58/100] Step [860/1290] Loss:10.8560 Wing:10.6970 Bone:79.5183
Epoch [58/100] Step [880/1290] Loss:11.5808 Wing:11.4153 Bone:82.7622
Epoch [58/100] Step [900/1290] Loss:12.9623 Wing:12.7264 Bone:117.9157
Epoch [58/100] Step [920/1290] Loss:11.2393 Wing:11.0977 Bone:70.8203
Epoch [58/100] Step [940/1290] Loss:11.8724 Wing:11.6842 Bone:94.0988
Epoch [58/100] Step [960/1290] Loss:10.5375 Wing:10.4001 Bone:68.6988
Epoch [58/100] Step [980/1290] Loss:12.9709 Wing:12.7224 Bone:124.2186
Epoch [58/100] Step [1000/1290] Loss:13.0918 Wing:12.8014 Bone:145.1556
Epoch [58/100] Step [1020/1290] Loss:11.1434 Wing:11.0371 Bone:53.1584
Epoch [58/100] Step [1040/1290] Loss:11.3004 Wing:11.1206 Bone:89.8916
Epoch [58/100] Step [1060/1290] Loss:11.9076 Wing:11.7446 Bone:81.5037
Epoch [58/100] Step [1080/1290] Loss:11.4690 Wing:11.3098 Bone:79.6143
Epoch [58/100] Step [1100/1290] Loss:11.6852 Wing:11.5114 Bone:86.9190
Epoch [58/100] Step [1120/1290] Loss:11.3878 Wing:11.2188 Bone:84.4819
Epoch [58/100] Step [1140/1290] Loss:12.3750 Wing:12.1567 Bone:109.1242
Epoch [58/100] Step [1160/1290] Loss:11.2253 Wing:11.0631 Bone:81.0750
Epoch [58/100] Step [1180/1290] Loss:10.8993 Wing:10.7698 Bone:64.7987
Epoch [58/100] Step [1200/1290] Loss:12.2267 Wing:12.0335 Bone:96.6273
Epoch [58/100] Step [1220/1290] Loss:10.9299 Wing:10.7753 Bone:77.2748
Epoch [58/100] Step [1240/1290] Loss:12.1925 Wing:12.0027 Bone:94.9224
Epoch [58/100] Step [1260/1290] Loss:12.1644 Wing:11.9582 Bone:103.0980
Epoch [58/100] Step [1280/1290] Loss:12.2504 Wing:12.0474 Bone:101.4968
===> Epoch 58 | Loss:11.8015 | Wing:11.6092 | Bone:96.1457 | LR:3.82e-05 | 1093.7s/epoch (1290 steps)
    Peak CUDA memory allocated so far: 1372.4 MB
Epoch [59/100] Step [0/1290] Loss:11.1638 Wing:11.0311 Bone:66.3790
Epoch [59/100] Step [20/1290] Loss:12.0295 Wing:11.8589 Bone:85.3176
Epoch [59/100] Step [40/1290] Loss:10.7548 Wing:10.5915 Bone:81.6691
Epoch [59/100] Step [60/1290] Loss:12.9940 Wing:12.7301 Bone:131.9881
Epoch [59/100] Step [80/1290] Loss:11.4958 Wing:11.3599 Bone:67.9612
Epoch [59/100] Step [100/1290] Loss:10.2786 Wing:10.1556 Bone:61.4925
Epoch [59/100] Step [120/1290] Loss:11.2738 Wing:11.1046 Bone:84.5853
Epoch [59/100] Step [140/1290] Loss:12.2037 Wing:12.0324 Bone:85.6451
Epoch [59/100] Step [160/1290] Loss:13.8993 Wing:13.5956 Bone:151.8570
Epoch [59/100] Step [180/1290] Loss:12.6950 Wing:12.3735 Bone:160.7596
Epoch [59/100] Step [200/1290] Loss:10.4996 Wing:10.3778 Bone:60.8754
Epoch [59/100] Step [220/1290] Loss:10.9220 Wing:10.7512 Bone:85.4291
Epoch [59/100] Step [240/1290] Loss:11.3133 Wing:11.1140 Bone:99.6718
Epoch [59/100] Step [260/1290] Loss:11.2179 Wing:11.0066 Bone:105.6491
Epoch [59/100] Step [280/1290] Loss:11.5700 Wing:11.4423 Bone:63.8594
Epoch [59/100] Step [300/1290] Loss:12.5862 Wing:12.3500 Bone:118.1335
Epoch [59/100] Step [320/1290] Loss:12.8581 Wing:12.6285 Bone:114.8279
Epoch [59/100] Step [340/1290] Loss:13.2001 Wing:13.0101 Bone:95.0387
Epoch [59/100] Step [360/1290] Loss:12.8464 Wing:12.6765 Bone:84.9182
Epoch [59/100] Step [380/1290] Loss:12.0905 Wing:11.8734 Bone:108.5589
Epoch [59/100] Step [400/1290] Loss:10.5790 Wing:10.4627 Bone:58.1640
Epoch [59/100] Step [420/1290] Loss:11.4320 Wing:11.2705 Bone:80.7930
Epoch [59/100] Step [440/1290] Loss:11.8998 Wing:11.6681 Bone:115.8265
Epoch [59/100] Step [460/1290] Loss:11.1880 Wing:11.0969 Bone:45.5424
Epoch [59/100] Step [480/1290] Loss:11.1208 Wing:10.9795 Bone:70.6131
Epoch [59/100] Step [500/1290] Loss:11.8537 Wing:11.6678 Bone:92.9396
Epoch [59/100] Step [520/1290] Loss:11.2913 Wing:11.1444 Bone:73.4507
Epoch [59/100] Step [540/1290] Loss:10.3578 Wing:10.2695 Bone:44.1164
Epoch [59/100] Step [560/1290] Loss:10.7780 Wing:10.6545 Bone:61.7381
Epoch [59/100] Step [580/1290] Loss:10.8881 Wing:10.7824 Bone:52.8228
Epoch [59/100] Step [600/1290] Loss:11.5876 Wing:11.4057 Bone:90.9649
Epoch [59/100] Step [620/1290] Loss:11.2606 Wing:11.0934 Bone:83.6151
Epoch [59/100] Step [640/1290] Loss:11.5456 Wing:11.3731 Bone:86.2820
Epoch [59/100] Step [660/1290] Loss:11.8269 Wing:11.6058 Bone:110.5079
Epoch [59/100] Step [680/1290] Loss:12.1453 Wing:12.0096 Bone:67.8480
Epoch [59/100] Step [700/1290] Loss:11.3466 Wing:11.2129 Bone:66.8513
Epoch [59/100] Step [720/1290] Loss:11.6902 Wing:11.4420 Bone:124.0947
Epoch [59/100] Step [740/1290] Loss:12.4137 Wing:12.2172 Bone:98.2809
Epoch [59/100] Step [760/1290] Loss:12.0772 Wing:11.8237 Bone:126.7495
Epoch [59/100] Step [780/1290] Loss:12.3828 Wing:12.2115 Bone:85.6808
Epoch [59/100] Step [800/1290] Loss:10.9962 Wing:10.8075 Bone:94.3494
Epoch [59/100] Step [820/1290] Loss:12.6855 Wing:12.4141 Bone:135.7012
Epoch [59/100] Step [840/1290] Loss:13.4591 Wing:13.0484 Bone:205.3242
Epoch [59/100] Step [860/1290] Loss:11.9600 Wing:11.7734 Bone:93.3386
Epoch [59/100] Step [880/1290] Loss:12.9426 Wing:12.6919 Bone:125.3334
Epoch [59/100] Step [900/1290] Loss:11.7639 Wing:11.5813 Bone:91.2786
Epoch [59/100] Step [920/1290] Loss:13.6740 Wing:13.3978 Bone:138.0664
Epoch [59/100] Step [940/1290] Loss:12.3626 Wing:12.1231 Bone:119.7556
Epoch [59/100] Step [960/1290] Loss:11.4033 Wing:11.2437 Bone:79.8299
Epoch [59/100] Step [980/1290] Loss:11.6946 Wing:11.5306 Bone:81.9704
Epoch [59/100] Step [1000/1290] Loss:12.1862 Wing:11.8084 Bone:188.8824
Epoch [59/100] Step [1020/1290] Loss:11.5089 Wing:11.2484 Bone:130.2559
Epoch [59/100] Step [1040/1290] Loss:12.4580 Wing:12.2555 Bone:101.2377
Epoch [59/100] Step [1060/1290] Loss:11.4576 Wing:11.2847 Bone:86.4380
Epoch [59/100] Step [1080/1290] Loss:11.4536 Wing:11.2562 Bone:98.7438
Epoch [59/100] Step [1100/1290] Loss:12.6378 Wing:12.4624 Bone:87.6568
Epoch [59/100] Step [1120/1290] Loss:11.3826 Wing:11.2793 Bone:51.6461
Epoch [59/100] Step [1140/1290] Loss:10.9034 Wing:10.7448 Bone:79.2896
Epoch [59/100] Step [1160/1290] Loss:10.6225 Wing:10.4997 Bone:61.4356
Epoch [59/100] Step [1180/1290] Loss:11.3002 Wing:11.1481 Bone:76.0327
Epoch [59/100] Step [1200/1290] Loss:11.2223 Wing:11.0120 Bone:105.1423
Epoch [59/100] Step [1220/1290] Loss:13.1119 Wing:12.8622 Bone:124.8211
Epoch [59/100] Step [1240/1290] Loss:13.9768 Wing:13.5208 Bone:228.0019
Epoch [59/100] Step [1260/1290] Loss:10.9618 Wing:10.8285 Bone:66.6566
Epoch [59/100] Step [1280/1290] Loss:12.1518 Wing:11.9748 Bone:88.5167
===> Epoch 59 | Loss:11.7417 | Wing:11.5561 | Bone:92.7960 | LR:3.67e-05 | 1046.6s/epoch (1290 steps)
    Peak CUDA memory allocated so far: 1372.4 MB
Epoch [60/100] Step [0/1290] Loss:11.3372 Wing:11.1743 Bone:81.4538
Epoch [60/100] Step [20/1290] Loss:12.9987 Wing:12.8131 Bone:92.8343
Epoch [60/100] Step [40/1290] Loss:11.9014 Wing:11.6944 Bone:103.4660
Epoch [60/100] Step [60/1290] Loss:10.5462 Wing:10.4006 Bone:72.8178
Epoch [60/100] Step [80/1290] Loss:12.7679 Wing:12.5408 Bone:113.5689
Epoch [60/100] Step [100/1290] Loss:11.5153 Wing:11.3727 Bone:71.2962
Epoch [60/100] Step [120/1290] Loss:11.6887 Wing:11.5077 Bone:90.5254
Epoch [60/100] Step [140/1290] Loss:10.8598 Wing:10.6869 Bone:86.4596
Epoch [60/100] Step [160/1290] Loss:12.0430 Wing:11.8349 Bone:104.0246
Epoch [60/100] Step [180/1290] Loss:11.6008 Wing:11.3900 Bone:105.4276
Epoch [60/100] Step [200/1290] Loss:11.9595 Wing:11.7950 Bone:82.2874
Epoch [60/100] Step [220/1290] Loss:11.0035 Wing:10.8632 Bone:70.1370
Epoch [60/100] Step [240/1290] Loss:13.9055 Wing:13.5311 Bone:187.1953
Epoch [60/100] Step [260/1290] Loss:12.8032 Wing:12.4974 Bone:152.8723
Epoch [60/100] Step [280/1290] Loss:10.7245 Wing:10.5906 Bone:66.9966
Epoch [60/100] Step [300/1290] Loss:13.4139 Wing:13.0980 Bone:157.9516
Epoch [60/100] Step [320/1290] Loss:12.2230 Wing:12.0224 Bone:100.2747
Epoch [60/100] Step [340/1290] Loss:11.0882 Wing:10.9662 Bone:61.0328
Epoch [60/100] Step [360/1290] Loss:14.2567 Wing:13.9257 Bone:165.4955
Epoch [60/100] Step [380/1290] Loss:10.8159 Wing:10.6841 Bone:65.8823
Epoch [60/100] Step [400/1290] Loss:11.0101 Wing:10.8582 Bone:75.9293
Epoch [60/100] Step [420/1290] Loss:11.0903 Wing:10.9375 Bone:76.4142
Epoch [60/100] Step [440/1290] Loss:13.5365 Wing:13.1523 Bone:192.1344
Epoch [60/100] Step [460/1290] Loss:14.0115 Wing:13.7143 Bone:148.5961
Epoch [60/100] Step [480/1290] Loss:13.3538 Wing:13.0414 Bone:156.1556
Epoch [60/100] Step [500/1290] Loss:10.8440 Wing:10.7049 Bone:69.5543
Epoch [60/100] Step [520/1290] Loss:11.5175 Wing:11.3503 Bone:83.6350
Epoch [60/100] Step [540/1290] Loss:11.2361 Wing:11.1074 Bone:64.3749
Epoch [60/100] Step [560/1290] Loss:11.4133 Wing:11.2889 Bone:62.1855
Epoch [60/100] Step [580/1290] Loss:10.6745 Wing:10.5204 Bone:77.0222
Epoch [60/100] Step [600/1290] Loss:12.3736 Wing:12.1671 Bone:103.2640
Epoch [60/100] Step [620/1290] Loss:11.8570 Wing:11.6862 Bone:85.4040
Epoch [60/100] Step [640/1290] Loss:12.9088 Wing:12.6468 Bone:131.0217
Epoch [60/100] Step [660/1290] Loss:13.2914 Wing:12.9509 Bone:170.2631
Epoch [60/100] Step [680/1290] Loss:10.8387 Wing:10.7216 Bone:58.5946
Epoch [60/100] Step [700/1290] Loss:12.1282 Wing:11.9194 Bone:104.4006
Epoch [60/100] Step [720/1290] Loss:11.1598 Wing:11.0122 Bone:73.7795
Epoch [60/100] Step [740/1290] Loss:11.8805 Wing:11.7547 Bone:62.8968
Epoch [60/100] Step [760/1290] Loss:12.9752 Wing:12.6663 Bone:154.4731
Epoch [60/100] Step [780/1290] Loss:11.9768 Wing:11.8147 Bone:81.0824
Epoch [60/100] Step [800/1290] Loss:10.9831 Wing:10.7915 Bone:95.7597
Epoch [60/100] Step [820/1290] Loss:10.8174 Wing:10.6913 Bone:63.0821
Epoch [60/100] Step [840/1290] Loss:11.0277 Wing:10.8766 Bone:75.5213
Epoch [60/100] Step [860/1290] Loss:11.1688 Wing:11.0139 Bone:77.4672
Epoch [60/100] Step [880/1290] Loss:12.4786 Wing:12.2055 Bone:136.5127
Epoch [60/100] Step [900/1290] Loss:11.1183 Wing:10.9772 Bone:70.5425
Epoch [60/100] Step [920/1290] Loss:11.1020 Wing:10.9586 Bone:71.7206
Epoch [60/100] Step [940/1290] Loss:11.8834 Wing:11.6419 Bone:120.7151
Epoch [60/100] Step [960/1290] Loss:11.3773 Wing:11.1974 Bone:89.9218
Epoch [60/100] Step [980/1290] Loss:12.2416 Wing:12.0030 Bone:119.2727
Epoch [60/100] Step [1000/1290] Loss:11.7688 Wing:11.6318 Bone:68.5183
Epoch [60/100] Step [1020/1290] Loss:11.5311 Wing:11.3799 Bone:75.6052
Epoch [60/100] Step [1040/1290] Loss:11.0458 Wing:10.9255 Bone:60.1474
Epoch [60/100] Step [1060/1290] Loss:14.0995 Wing:13.3963 Bone:351.5979
Epoch [60/100] Step [1080/1290] Loss:10.8173 Wing:10.6971 Bone:60.1310
Epoch [60/100] Step [1100/1290] Loss:13.5550 Wing:13.2177 Bone:168.6225
Epoch [60/100] Step [1120/1290] Loss:10.3732 Wing:10.2403 Bone:66.4772
Epoch [60/100] Step [1140/1290] Loss:12.1614 Wing:11.9492 Bone:106.1201
Epoch [60/100] Step [1160/1290] Loss:13.3353 Wing:12.8983 Bone:218.5069
Epoch [60/100] Step [1180/1290] Loss:12.2790 Wing:12.1214 Bone:78.8030
Epoch [60/100] Step [1200/1290] Loss:11.2894 Wing:11.1421 Bone:73.6399
Epoch [60/100] Step [1220/1290] Loss:12.9088 Wing:12.7052 Bone:101.7925
Epoch [60/100] Step [1240/1290] Loss:13.6075 Wing:13.4074 Bone:100.0662
Epoch [60/100] Step [1260/1290] Loss:11.7972 Wing:11.5941 Bone:101.5876
Epoch [60/100] Step [1280/1290] Loss:11.3402 Wing:11.1838 Bone:78.2095
===> Epoch 60 | Loss:11.7294 | Wing:11.5431 | Bone:93.1411 | LR:3.52e-05 | 954.0s/epoch (1290 steps)
    Peak CUDA memory allocated so far: 1372.4 MB
    Checkpoint saved: C:\Users\Bea Juliana Poquiz\Desktop\mmpose_thesis\R2-05\runs\parity_baseline\checkpoints\parity_epoch_60.pth
    >>> MONITOR (V2-style, rhd_test.json subset) (n=200, 10.5s) PCK@0.2: 0.9602 | AUC: 0.8842 | MPJPE: 14.90px
    >>> NEW BEST MONITOR (V2-style, rhd_test.json subset) PCK@0.2: 0.9602 at epoch 60
Epoch [61/100] Step [0/1290] Loss:10.6990 Wing:10.5782 Bone:60.3813
Epoch [61/100] Step [20/1290] Loss:12.1642 Wing:11.9239 Bone:120.1469
Epoch [61/100] Step [40/1290] Loss:11.9589 Wing:11.7967 Bone:81.1068
Epoch [61/100] Step [60/1290] Loss:13.8867 Wing:13.5752 Bone:155.7982
Epoch [61/100] Step [80/1290] Loss:13.3487 Wing:13.0764 Bone:136.1409
Epoch [61/100] Step [100/1290] Loss:10.7714 Wing:10.6250 Bone:73.1879
Epoch [61/100] Step [120/1290] Loss:11.9058 Wing:11.7117 Bone:97.0510
Epoch [61/100] Step [140/1290] Loss:11.9446 Wing:11.7641 Bone:90.2226
Epoch [61/100] Step [160/1290] Loss:11.7607 Wing:11.5940 Bone:83.3580
Epoch [61/100] Step [180/1290] Loss:11.6465 Wing:11.4296 Bone:108.4590
Epoch [61/100] Step [200/1290] Loss:12.4928 Wing:12.2624 Bone:115.2314
Epoch [61/100] Step [220/1290] Loss:11.7731 Wing:11.5383 Bone:117.4180
Epoch [61/100] Step [240/1290] Loss:11.0237 Wing:10.8991 Bone:62.2857
Epoch [61/100] Step [260/1290] Loss:10.7217 Wing:10.5723 Bone:74.7071
Epoch [61/100] Step [280/1290] Loss:11.9269 Wing:11.6894 Bone:118.7555
Epoch [61/100] Step [300/1290] Loss:13.8291 Wing:13.5717 Bone:128.6978
Epoch [61/100] Step [320/1290] Loss:11.5979 Wing:11.4150 Bone:91.4557
Epoch [61/100] Step [340/1290] Loss:12.7088 Wing:12.4626 Bone:123.1344
Epoch [61/100] Step [360/1290] Loss:10.4591 Wing:10.3334 Bone:62.8354
Epoch [61/100] Step [380/1290] Loss:12.3062 Wing:12.1049 Bone:100.6443
Epoch [61/100] Step [400/1290] Loss:11.5476 Wing:11.3313 Bone:108.1725
Epoch [61/100] Step [420/1290] Loss:10.8848 Wing:10.7137 Bone:85.5747
Epoch [61/100] Step [440/1290] Loss:12.1367 Wing:11.8439 Bone:146.3596
Epoch [61/100] Step [460/1290] Loss:10.2880 Wing:10.1842 Bone:51.8516
Epoch [61/100] Step [480/1290] Loss:11.7947 Wing:11.6109 Bone:91.9382
Epoch [61/100] Step [500/1290] Loss:10.8600 Wing:10.7354 Bone:62.2742
Epoch [61/100] Step [520/1290] Loss:10.7559 Wing:10.6194 Bone:68.2146
Epoch [61/100] Step [540/1290] Loss:13.8786 Wing:13.4974 Bone:190.6021
Epoch [61/100] Step [560/1290] Loss:14.6288 Wing:14.1747 Bone:227.0442
Epoch [61/100] Step [580/1290] Loss:13.5742 Wing:13.3127 Bone:130.7700
Epoch [61/100] Step [600/1290] Loss:11.6488 Wing:11.4206 Bone:114.1034
Epoch [61/100] Step [620/1290] Loss:12.5531 Wing:12.2481 Bone:152.4784
Epoch [61/100] Step [640/1290] Loss:11.2943 Wing:11.1326 Bone:80.8453
Epoch [61/100] Step [660/1290] Loss:11.4295 Wing:11.2282 Bone:100.6757
Epoch [61/100] Step [680/1290] Loss:11.6253 Wing:11.4342 Bone:95.5747
Epoch [61/100] Step [700/1290] Loss:14.8752 Wing:14.4935 Bone:190.8326
Epoch [61/100] Step [720/1290] Loss:10.2638 Wing:10.1444 Bone:59.6770
Epoch [61/100] Step [740/1290] Loss:11.5271 Wing:11.3601 Bone:83.4727
Epoch [61/100] Step [760/1290] Loss:11.1971 Wing:11.0810 Bone:58.0216
Epoch [61/100] Step [780/1290] Loss:10.9063 Wing:10.7718 Bone:67.2746
Epoch [61/100] Step [800/1290] Loss:11.4444 Wing:11.2577 Bone:93.3829
Epoch [61/100] Step [820/1290] Loss:11.7308 Wing:11.4555 Bone:137.6232
Epoch [61/100] Step [840/1290] Loss:12.4519 Wing:12.2635 Bone:94.1816
Epoch [61/100] Step [860/1290] Loss:11.4838 Wing:11.2643 Bone:109.7543
Epoch [61/100] Step [880/1290] Loss:12.2668 Wing:12.0409 Bone:112.9693
Epoch [61/100] Step [900/1290] Loss:12.4789 Wing:12.2385 Bone:120.1876
Epoch [61/100] Step [920/1290] Loss:11.8766 Wing:11.6715 Bone:102.5864
Epoch [61/100] Step [940/1290] Loss:11.5359 Wing:11.3755 Bone:80.1857
Epoch [61/100] Step [960/1290] Loss:12.6617 Wing:12.4682 Bone:96.7970
Epoch [61/100] Step [980/1290] Loss:12.5254 Wing:12.3385 Bone:93.4505
Epoch [61/100] Step [1000/1290] Loss:13.1441 Wing:12.9506 Bone:96.7750
Epoch [61/100] Step [1020/1290] Loss:10.4267 Wing:10.3372 Bone:44.7209
Epoch [61/100] Step [1040/1290] Loss:11.8523 Wing:11.7135 Bone:69.3788
Epoch [61/100] Step [1060/1290] Loss:11.9573 Wing:11.7940 Bone:81.6960
Epoch [61/100] Step [1080/1290] Loss:10.9358 Wing:10.8098 Bone:63.0100
Epoch [61/100] Step [1100/1290] Loss:11.1927 Wing:10.9925 Bone:100.0716
Epoch [61/100] Step [1120/1290] Loss:11.2319 Wing:11.0961 Bone:67.9193
Epoch [61/100] Step [1140/1290] Loss:10.1489 Wing:10.0489 Bone:50.0227
Epoch [61/100] Step [1160/1290] Loss:11.7326 Wing:11.5755 Bone:78.5666
Epoch [61/100] Step [1180/1290] Loss:11.4428 Wing:11.2517 Bone:95.5812
Epoch [61/100] Step [1200/1290] Loss:11.8601 Wing:11.6317 Bone:114.1819
Epoch [61/100] Step [1220/1290] Loss:12.1887 Wing:11.9576 Bone:115.5486
Epoch [61/100] Step [1240/1290] Loss:11.7184 Wing:11.5318 Bone:93.2832
Epoch [61/100] Step [1260/1290] Loss:11.6512 Wing:11.5121 Bone:69.5470
Epoch [61/100] Step [1280/1290] Loss:10.7678 Wing:10.6146 Bone:76.6243
===> Epoch 61 | Loss:11.6763 | Wing:11.4931 | Bone:91.5793 | LR:3.37e-05 | 964.5s/epoch (1290 steps)
    Peak CUDA memory allocated so far: 1372.4 MB
Epoch [62/100] Step [0/1290] Loss:12.4770 Wing:12.2829 Bone:97.0600
Epoch [62/100] Step [20/1290] Loss:10.7461 Wing:10.6341 Bone:55.9586
Epoch [62/100] Step [40/1290] Loss:12.8011 Wing:12.4054 Bone:197.8503
Epoch [62/100] Step [60/1290] Loss:13.0167 Wing:12.6733 Bone:171.6756
Epoch [62/100] Step [80/1290] Loss:12.4243 Wing:12.1358 Bone:144.2173
Epoch [62/100] Step [100/1290] Loss:11.4891 Wing:11.2967 Bone:96.1812
Epoch [62/100] Step [120/1290] Loss:12.0910 Wing:11.8678 Bone:111.5679
Epoch [62/100] Step [140/1290] Loss:11.1986 Wing:11.0762 Bone:61.1793
Epoch [62/100] Step [160/1290] Loss:13.3803 Wing:13.1087 Bone:135.7973
Epoch [62/100] Step [180/1290] Loss:11.2497 Wing:11.1182 Bone:65.7459
Epoch [62/100] Step [200/1290] Loss:10.9428 Wing:10.8255 Bone:58.6405
Epoch [62/100] Step [220/1290] Loss:11.9694 Wing:11.7362 Bone:116.6033
Epoch [62/100] Step [240/1290] Loss:12.1999 Wing:12.0132 Bone:93.3807
Epoch [62/100] Step [260/1290] Loss:11.4333 Wing:11.2691 Bone:82.1007
Epoch [62/100] Step [280/1290] Loss:12.4662 Wing:12.2870 Bone:89.5814
Epoch [62/100] Step [300/1290] Loss:13.2482 Wing:13.0380 Bone:105.1156
Epoch [62/100] Step [320/1290] Loss:12.1166 Wing:11.9111 Bone:102.7233
Epoch [62/100] Step [340/1290] Loss:12.1252 Wing:11.9631 Bone:81.0571
Epoch [62/100] Step [360/1290] Loss:11.7409 Wing:11.5471 Bone:96.9125
Epoch [62/100] Step [380/1290] Loss:12.9135 Wing:12.7084 Bone:102.5427
Epoch [62/100] Step [400/1290] Loss:12.3207 Wing:12.0937 Bone:113.5237
Epoch [62/100] Step [420/1290] Loss:11.7040 Wing:11.5249 Bone:89.5265
Epoch [62/100] Step [440/1290] Loss:13.1381 Wing:12.8333 Bone:152.3896
Epoch [62/100] Step [460/1290] Loss:14.1101 Wing:13.7368 Bone:186.6677
Epoch [62/100] Step [480/1290] Loss:12.4455 Wing:12.2122 Bone:116.6538
Epoch [62/100] Step [500/1290] Loss:11.7261 Wing:11.5194 Bone:103.3700
Epoch [62/100] Step [520/1290] Loss:10.2208 Wing:10.1207 Bone:50.0774
Epoch [62/100] Step [540/1290] Loss:11.3145 Wing:11.1774 Bone:68.5510
Epoch [62/100] Step [560/1290] Loss:10.3079 Wing:10.1890 Bone:59.4390
Epoch [62/100] Step [580/1290] Loss:11.4519 Wing:11.3300 Bone:60.9455
Epoch [62/100] Step [600/1290] Loss:12.0261 Wing:11.8370 Bone:94.5727
Epoch [62/100] Step [620/1290] Loss:10.7169 Wing:10.6081 Bone:54.3791
Epoch [62/100] Step [640/1290] Loss:10.9278 Wing:10.7258 Bone:100.9679
Epoch [62/100] Step [660/1290] Loss:12.4753 Wing:12.3030 Bone:86.1306
Epoch [62/100] Step [680/1290] Loss:13.4568 Wing:13.1376 Bone:159.6220
Epoch [62/100] Step [700/1290] Loss:11.4578 Wing:11.2759 Bone:90.9244
Epoch [62/100] Step [720/1290] Loss:10.6247 Wing:10.5125 Bone:56.1049
Epoch [62/100] Step [740/1290] Loss:11.7111 Wing:11.5182 Bone:96.4112
Epoch [62/100] Step [760/1290] Loss:11.0188 Wing:10.8787 Bone:70.0355
Epoch [62/100] Step [780/1290] Loss:12.7604 Wing:12.4967 Bone:131.8721
Epoch [62/100] Step [800/1290] Loss:11.5192 Wing:11.3613 Bone:78.9321
Epoch [62/100] Step [820/1290] Loss:11.0305 Wing:10.9126 Bone:58.9522
Epoch [62/100] Step [840/1290] Loss:12.8605 Wing:12.6523 Bone:104.0738
Epoch [62/100] Step [860/1290] Loss:10.9642 Wing:10.8495 Bone:57.3318
Epoch [62/100] Step [880/1290] Loss:10.7887 Wing:10.6174 Bone:85.6074
Epoch [62/100] Step [900/1290] Loss:11.7527 Wing:11.6077 Bone:72.5098
Epoch [62/100] Step [920/1290] Loss:11.2797 Wing:11.0762 Bone:101.7354
Epoch [62/100] Step [940/1290] Loss:10.6997 Wing:10.5565 Bone:71.6217
Epoch [62/100] Step [960/1290] Loss:11.2742 Wing:11.1175 Bone:78.3375
Epoch [62/100] Step [980/1290] Loss:12.1037 Wing:11.8574 Bone:123.1484
Epoch [62/100] Step [1000/1290] Loss:11.4500 Wing:11.3087 Bone:70.6520
Epoch [62/100] Step [1020/1290] Loss:11.2353 Wing:11.0439 Bone:95.6911
Epoch [62/100] Step [1040/1290] Loss:12.5513 Wing:12.2469 Bone:152.1993
Epoch [62/100] Step [1060/1290] Loss:13.5939 Wing:13.2159 Bone:189.0163
Epoch [62/100] Step [1080/1290] Loss:11.7371 Wing:11.5758 Bone:80.6447
Epoch [62/100] Step [1100/1290] Loss:12.0691 Wing:11.9096 Bone:79.7615
Epoch [62/100] Step [1120/1290] Loss:12.8070 Wing:12.5341 Bone:136.4873
Epoch [62/100] Step [1140/1290] Loss:10.9753 Wing:10.7758 Bone:99.7747
Epoch [62/100] Step [1160/1290] Loss:11.2949 Wing:11.1681 Bone:63.4229
Epoch [62/100] Step [1180/1290] Loss:10.9980 Wing:10.8696 Bone:64.2316
Epoch [62/100] Step [1200/1290] Loss:12.1689 Wing:12.0302 Bone:69.3716
Epoch [62/100] Step [1220/1290] Loss:11.0493 Wing:10.9099 Bone:69.6938
Epoch [62/100] Step [1240/1290] Loss:10.1086 Wing:9.9388 Bone:84.9217
Epoch [62/100] Step [1260/1290] Loss:11.9577 Wing:11.7679 Bone:94.8890
Epoch [62/100] Step [1280/1290] Loss:12.3050 Wing:12.1046 Bone:100.2148
===> Epoch 62 | Loss:11.6667 | Wing:11.4815 | Bone:92.6001 | LR:3.23e-05 | 1040.8s/epoch (1290 steps)
    Peak CUDA memory allocated so far: 1372.4 MB
Epoch [63/100] Step [0/1290] Loss:11.6860 Wing:11.5575 Bone:64.2442
Epoch [63/100] Step [20/1290] Loss:11.6864 Wing:11.5319 Bone:77.2284
Epoch [63/100] Step [40/1290] Loss:11.3447 Wing:11.1633 Bone:90.7208
Epoch [63/100] Step [60/1290] Loss:11.7790 Wing:11.5638 Bone:107.6166
Epoch [63/100] Step [80/1290] Loss:11.4330 Wing:11.1903 Bone:121.3180
Epoch [63/100] Step [100/1290] Loss:14.7487 Wing:13.8140 Bone:467.3305
Epoch [63/100] Step [120/1290] Loss:11.1527 Wing:11.0137 Bone:69.5048
Epoch [63/100] Step [140/1290] Loss:12.2128 Wing:11.9778 Bone:117.5075
Epoch [63/100] Step [160/1290] Loss:10.8714 Wing:10.7518 Bone:59.7688
Epoch [63/100] Step [180/1290] Loss:10.7016 Wing:10.5948 Bone:53.4008
Epoch [63/100] Step [200/1290] Loss:12.0118 Wing:11.8020 Bone:104.8987
Epoch [63/100] Step [220/1290] Loss:11.3727 Wing:11.2306 Bone:71.0409
Epoch [63/100] Step [240/1290] Loss:10.2386 Wing:10.1360 Bone:51.2633
Epoch [63/100] Step [260/1290] Loss:10.5241 Wing:10.3831 Bone:70.5045
Epoch [63/100] Step [280/1290] Loss:10.4806 Wing:10.3630 Bone:58.8078
Epoch [63/100] Step [300/1290] Loss:11.0140 Wing:10.9001 Bone:56.9500
Epoch [63/100] Step [320/1290] Loss:12.1358 Wing:11.9376 Bone:99.1225
Epoch [63/100] Step [340/1290] Loss:10.7169 Wing:10.5977 Bone:59.5842
Epoch [63/100] Step [360/1290] Loss:11.0687 Wing:10.9417 Bone:63.4828
Epoch [63/100] Step [380/1290] Loss:13.7314 Wing:13.5076 Bone:111.8993
Epoch [63/100] Step [400/1290] Loss:13.6919 Wing:13.3259 Bone:183.0320
Epoch [63/100] Step [420/1290] Loss:11.7619 Wing:11.5767 Bone:92.6069
Epoch [63/100] Step [440/1290] Loss:11.5592 Wing:11.4032 Bone:77.9620
Epoch [63/100] Step [460/1290] Loss:11.6895 Wing:11.4909 Bone:99.3137
Epoch [63/100] Step [480/1290] Loss:12.6540 Wing:12.4595 Bone:97.2588
Epoch [63/100] Step [500/1290] Loss:10.9228 Wing:10.7591 Bone:81.8534
Epoch [63/100] Step [520/1290] Loss:10.6806 Wing:10.5253 Bone:77.6383
Epoch [63/100] Step [540/1290] Loss:13.3389 Wing:13.0327 Bone:153.1084
Epoch [63/100] Step [560/1290] Loss:12.3459 Wing:12.1332 Bone:106.3236
Epoch [63/100] Step [580/1290] Loss:11.3695 Wing:11.1858 Bone:91.8507
Epoch [63/100] Step [600/1290] Loss:12.3581 Wing:12.1859 Bone:86.0936
Epoch [63/100] Step [620/1290] Loss:12.9450 Wing:12.6765 Bone:134.2648
Epoch [63/100] Step [640/1290] Loss:12.7011 Wing:12.4188 Bone:141.1570
Epoch [63/100] Step [660/1290] Loss:11.9428 Wing:11.7331 Bone:104.8352
Epoch [63/100] Step [680/1290] Loss:12.2863 Wing:12.1307 Bone:77.7947
Epoch [63/100] Step [700/1290] Loss:10.7098 Wing:10.5817 Bone:64.0314
Epoch [63/100] Step [720/1290] Loss:14.5303 Wing:14.1252 Bone:202.5665
Epoch [63/100] Step [740/1290] Loss:12.9031 Wing:12.6681 Bone:117.4937
Epoch [63/100] Step [760/1290] Loss:11.6583 Wing:11.4966 Bone:80.8439
Epoch [63/100] Step [780/1290] Loss:11.1250 Wing:10.9488 Bone:88.0846
Epoch [63/100] Step [800/1290] Loss:13.0717 Wing:12.7809 Bone:145.3989
Epoch [63/100] Step [820/1290] Loss:12.0460 Wing:11.8328 Bone:106.6212
Epoch [63/100] Step [840/1290] Loss:11.8686 Wing:11.6035 Bone:132.5285
Epoch [63/100] Step [860/1290] Loss:12.2626 Wing:12.0992 Bone:81.7147
Epoch [63/100] Step [880/1290] Loss:10.5240 Wing:10.4182 Bone:52.8812
Epoch [63/100] Step [900/1290] Loss:11.7407 Wing:11.5452 Bone:97.7612
Epoch [63/100] Step [920/1290] Loss:10.9482 Wing:10.8062 Bone:71.0103
Epoch [63/100] Step [940/1290] Loss:12.0202 Wing:11.8625 Bone:78.8326
Epoch [63/100] Step [960/1290] Loss:10.7540 Wing:10.6119 Bone:71.0203
Epoch [63/100] Step [980/1290] Loss:11.1893 Wing:11.0331 Bone:78.1119
Epoch [63/100] Step [1000/1290] Loss:11.4579 Wing:11.2459 Bone:106.0235
Epoch [63/100] Step [1020/1290] Loss:11.8067 Wing:11.6083 Bone:99.2133
Epoch [63/100] Step [1040/1290] Loss:11.6890 Wing:11.5043 Bone:92.3501
Epoch [63/100] Step [1060/1290] Loss:12.5795 Wing:12.3291 Bone:125.2160
Epoch [63/100] Step [1080/1290] Loss:13.0633 Wing:12.7946 Bone:134.3107
Epoch [63/100] Step [1100/1290] Loss:11.6838 Wing:11.5410 Bone:71.3772
Epoch [63/100] Step [1120/1290] Loss:10.3332 Wing:10.2223 Bone:55.4714
Epoch [63/100] Step [1140/1290] Loss:11.7772 Wing:11.5858 Bone:95.6972
Epoch [63/100] Step [1160/1290] Loss:11.1526 Wing:11.0049 Bone:73.8257
Epoch [63/100] Step [1180/1290] Loss:11.8468 Wing:11.6780 Bone:84.4155
Epoch [63/100] Step [1200/1290] Loss:10.7575 Wing:10.6268 Bone:65.3544
Epoch [63/100] Step [1220/1290] Loss:11.4294 Wing:11.2795 Bone:74.9724
Epoch [63/100] Step [1240/1290] Loss:11.2242 Wing:11.0651 Bone:79.5144
Epoch [63/100] Step [1260/1290] Loss:11.0266 Wing:10.8836 Bone:71.4752
Epoch [63/100] Step [1280/1290] Loss:12.9343 Wing:12.7506 Bone:91.8247
===> Epoch 63 | Loss:11.6440 | Wing:11.4588 | Bone:92.5840 | LR:3.08e-05 | 851.0s/epoch (1290 steps)
    Peak CUDA memory allocated so far: 1372.4 MB
Epoch [64/100] Step [0/1290] Loss:13.2887 Wing:13.0459 Bone:121.3717
Epoch [64/100] Step [20/1290] Loss:11.5681 Wing:11.3758 Bone:96.1752
Epoch [64/100] Step [40/1290] Loss:10.7164 Wing:10.6118 Bone:52.3009
Epoch [64/100] Step [60/1290] Loss:10.8083 Wing:10.6832 Bone:62.5180
Epoch [64/100] Step [80/1290] Loss:10.3490 Wing:10.2406 Bone:54.2188
Epoch [64/100] Step [100/1290] Loss:12.7367 Wing:12.5229 Bone:106.9180
Epoch [64/100] Step [120/1290] Loss:11.4671 Wing:11.3318 Bone:67.6625
Epoch [64/100] Step [140/1290] Loss:11.6777 Wing:11.5175 Bone:80.0898
Epoch [64/100] Step [160/1290] Loss:10.2954 Wing:10.1867 Bone:54.3688
Epoch [64/100] Step [180/1290] Loss:10.5634 Wing:10.4610 Bone:51.1806
Epoch [64/100] Step [200/1290] Loss:12.5125 Wing:12.2511 Bone:130.6779
Epoch [64/100] Step [220/1290] Loss:11.6678 Wing:11.4293 Bone:119.2430
Epoch [64/100] Step [240/1290] Loss:10.9516 Wing:10.8032 Bone:74.1970
Epoch [64/100] Step [260/1290] Loss:11.8127 Wing:11.6182 Bone:97.2480
Epoch [64/100] Step [280/1290] Loss:11.4357 Wing:11.3123 Bone:61.6959
Epoch [64/100] Step [300/1290] Loss:11.3975 Wing:11.2459 Bone:75.7924
Epoch [64/100] Step [320/1290] Loss:11.0445 Wing:10.9171 Bone:63.7000
Epoch [64/100] Step [340/1290] Loss:11.1617 Wing:10.9991 Bone:81.2679
Epoch [64/100] Step [360/1290] Loss:10.5949 Wing:10.4874 Bone:53.7413
Epoch [64/100] Step [380/1290] Loss:10.9247 Wing:10.7841 Bone:70.2926
Epoch [64/100] Step [400/1290] Loss:11.2572 Wing:11.0736 Bone:91.8273
Epoch [64/100] Step [420/1290] Loss:11.3089 Wing:11.1207 Bone:94.1100
Epoch [64/100] Step [440/1290] Loss:11.7994 Wing:11.5603 Bone:119.5767
Epoch [64/100] Step [460/1290] Loss:12.3609 Wing:12.1189 Bone:121.0403
Epoch [64/100] Step [480/1290] Loss:13.3657 Wing:13.1140 Bone:125.8490
Epoch [64/100] Step [500/1290] Loss:11.3797 Wing:11.2532 Bone:63.2270
Epoch [64/100] Step [520/1290] Loss:11.9103 Wing:11.7308 Bone:89.7350
Epoch [64/100] Step [540/1290] Loss:12.5833 Wing:12.3929 Bone:95.1844
Epoch [64/100] Step [560/1290] Loss:13.3123 Wing:13.0439 Bone:134.2355
Epoch [64/100] Step [580/1290] Loss:11.5054 Wing:11.2880 Bone:108.7094
Epoch [64/100] Step [600/1290] Loss:11.4079 Wing:11.2421 Bone:82.9034
Epoch [64/100] Step [620/1290] Loss:11.2505 Wing:11.0913 Bone:79.6020
Epoch [64/100] Step [640/1290] Loss:10.8031 Wing:10.6514 Bone:75.8529
Epoch [64/100] Step [660/1290] Loss:11.7016 Wing:11.4886 Bone:106.4734
Epoch [64/100] Step [680/1290] Loss:11.4559 Wing:11.2450 Bone:105.4614
Epoch [64/100] Step [700/1290] Loss:11.0686 Wing:10.9439 Bone:62.3588
Epoch [64/100] Step [720/1290] Loss:12.8872 Wing:12.6435 Bone:121.8230
Epoch [64/100] Step [740/1290] Loss:11.7714 Wing:11.5929 Bone:89.2226
Epoch [64/100] Step [760/1290] Loss:10.9974 Wing:10.9009 Bone:48.2609
Epoch [64/100] Step [780/1290] Loss:11.1760 Wing:11.0650 Bone:55.5114
Epoch [64/100] Step [800/1290] Loss:11.6912 Wing:11.5329 Bone:79.1708
Epoch [64/100] Step [820/1290] Loss:11.5315 Wing:11.3878 Bone:71.8795
Epoch [64/100] Step [840/1290] Loss:11.3193 Wing:11.1785 Bone:70.3884
Epoch [64/100] Step [860/1290] Loss:15.4756 Wing:14.9986 Bone:238.5106
Epoch [64/100] Step [880/1290] Loss:11.5177 Wing:11.3474 Bone:85.1442
Epoch [64/100] Step [900/1290] Loss:12.3361 Wing:12.1128 Bone:111.6488
Epoch [64/100] Step [920/1290] Loss:11.7301 Wing:11.5905 Bone:69.8337
Epoch [64/100] Step [940/1290] Loss:12.1178 Wing:11.9480 Bone:84.8821
Epoch [64/100] Step [960/1290] Loss:12.0819 Wing:11.9266 Bone:77.6405
Epoch [64/100] Step [980/1290] Loss:12.4446 Wing:12.2463 Bone:99.1048
Epoch [64/100] Step [1000/1290] Loss:14.0599 Wing:13.8454 Bone:107.2330
Epoch [64/100] Step [1020/1290] Loss:9.9220 Wing:9.8113 Bone:55.3868
Epoch [64/100] Step [1040/1290] Loss:10.2072 Wing:10.1120 Bone:47.6262
Epoch [64/100] Step [1060/1290] Loss:11.7956 Wing:11.6079 Bone:93.8530
Epoch [64/100] Step [1080/1290] Loss:12.2666 Wing:12.0191 Bone:123.7467
Epoch [64/100] Step [1100/1290] Loss:11.3445 Wing:11.2047 Bone:69.9264
Epoch [64/100] Step [1120/1290] Loss:13.7080 Wing:13.3911 Bone:158.4719
Epoch [64/100] Step [1140/1290] Loss:11.9946 Wing:11.7499 Bone:122.3674
Epoch [64/100] Step [1160/1290] Loss:11.6341 Wing:11.3343 Bone:149.9137
Epoch [64/100] Step [1180/1290] Loss:10.8292 Wing:10.6621 Bone:83.5300
Epoch [64/100] Step [1200/1290] Loss:12.6140 Wing:12.4085 Bone:102.7599
Epoch [64/100] Step [1220/1290] Loss:11.8118 Wing:11.6014 Bone:105.1893
Epoch [64/100] Step [1240/1290] Loss:13.0931 Wing:12.8015 Bone:145.7679
Epoch [64/100] Step [1260/1290] Loss:11.1668 Wing:11.0517 Bone:57.5591
Epoch [64/100] Step [1280/1290] Loss:12.0622 Wing:11.7950 Bone:133.5907
===> Epoch 64 | Loss:11.6257 | Wing:11.4405 | Bone:92.6029 | LR:2.94e-05 | 712.6s/epoch (1290 steps)
    Peak CUDA memory allocated so far: 1372.4 MB
Epoch [65/100] Step [0/1290] Loss:11.1349 Wing:11.0310 Bone:51.9258
Epoch [65/100] Step [20/1290] Loss:12.2934 Wing:12.1358 Bone:78.7633
Epoch [65/100] Step [40/1290] Loss:10.7725 Wing:10.6478 Bone:62.3251
Epoch [65/100] Step [60/1290] Loss:11.4581 Wing:11.3131 Bone:72.4910
Epoch [65/100] Step [80/1290] Loss:10.2398 Wing:10.1268 Bone:56.5172
Epoch [65/100] Step [100/1290] Loss:13.2964 Wing:13.0283 Bone:134.0761
Epoch [65/100] Step [120/1290] Loss:11.2189 Wing:11.0423 Bone:88.3076
Epoch [65/100] Step [140/1290] Loss:12.1094 Wing:11.9167 Bone:96.3548
Epoch [65/100] Step [160/1290] Loss:11.3531 Wing:11.1599 Bone:96.6109
Epoch [65/100] Step [180/1290] Loss:10.5792 Wing:10.4686 Bone:55.2748
Epoch [65/100] Step [200/1290] Loss:11.0011 Wing:10.8307 Bone:85.1819
Epoch [65/100] Step [220/1290] Loss:11.3083 Wing:11.1497 Bone:79.3210
Epoch [65/100] Step [240/1290] Loss:11.4685 Wing:11.3075 Bone:80.4949
Epoch [65/100] Step [260/1290] Loss:10.5613 Wing:10.4697 Bone:45.8186
Epoch [65/100] Step [280/1290] Loss:12.4769 Wing:12.2621 Bone:107.3773
Epoch [65/100] Step [300/1290] Loss:12.3247 Wing:12.1349 Bone:94.9194
Epoch [65/100] Step [320/1290] Loss:12.7861 Wing:12.4204 Bone:182.8827
Epoch [65/100] Step [340/1290] Loss:12.4304 Wing:12.2285 Bone:100.9612
Epoch [65/100] Step [360/1290] Loss:10.3322 Wing:10.2180 Bone:57.1354
Epoch [65/100] Step [380/1290] Loss:11.3093 Wing:11.1493 Bone:79.9927
Epoch [65/100] Step [400/1290] Loss:10.9132 Wing:10.7765 Bone:68.3726
Epoch [65/100] Step [420/1290] Loss:10.8624 Wing:10.7338 Bone:64.3091
Epoch [65/100] Step [440/1290] Loss:11.8964 Wing:11.7280 Bone:84.1847
Epoch [65/100] Step [460/1290] Loss:13.9683 Wing:13.3196 Bone:324.3156
Epoch [65/100] Step [480/1290] Loss:10.5019 Wing:10.3761 Bone:62.9293
Epoch [65/100] Step [500/1290] Loss:11.6345 Wing:11.4554 Bone:89.5583
Epoch [65/100] Step [520/1290] Loss:11.1018 Wing:10.9698 Bone:66.0009
Epoch [65/100] Step [540/1290] Loss:11.1980 Wing:11.0305 Bone:83.7714
Epoch [65/100] Step [560/1290] Loss:13.6600 Wing:13.4052 Bone:127.4004
Epoch [65/100] Step [580/1290] Loss:12.1002 Wing:11.9179 Bone:91.1633
Epoch [65/100] Step [600/1290] Loss:10.3728 Wing:10.2849 Bone:43.9334
Epoch [65/100] Step [620/1290] Loss:10.8333 Wing:10.7206 Bone:56.3532
Epoch [65/100] Step [640/1290] Loss:11.8985 Wing:11.7093 Bone:94.5885
Epoch [65/100] Step [660/1290] Loss:11.3528 Wing:11.1878 Bone:82.5169
Epoch [65/100] Step [680/1290] Loss:10.7643 Wing:10.6276 Bone:68.3941
Epoch [65/100] Step [700/1290] Loss:11.6024 Wing:11.4408 Bone:80.7944
Epoch [65/100] Step [720/1290] Loss:10.9516 Wing:10.8084 Bone:71.6019
Epoch [65/100] Step [740/1290] Loss:14.1724 Wing:13.1573 Bone:507.5416
Epoch [65/100] Step [760/1290] Loss:12.0132 Wing:11.8227 Bone:95.2716
Epoch [65/100] Step [780/1290] Loss:12.3761 Wing:12.0766 Bone:149.7465
Epoch [65/100] Step [800/1290] Loss:11.1483 Wing:10.9718 Bone:88.2484
Epoch [65/100] Step [820/1290] Loss:10.0256 Wing:9.8917 Bone:66.9402
Epoch [65/100] Step [840/1290] Loss:11.2835 Wing:11.1329 Bone:75.3205
Epoch [65/100] Step [860/1290] Loss:11.7541 Wing:11.5167 Bone:118.6600
Epoch [65/100] Step [880/1290] Loss:12.0228 Wing:11.7442 Bone:139.2956
Epoch [65/100] Step [900/1290] Loss:11.9168 Wing:11.7179 Bone:99.4511
Epoch [65/100] Step [920/1290] Loss:13.1365 Wing:12.8854 Bone:125.5606
Epoch [65/100] Step [940/1290] Loss:12.1278 Wing:11.9753 Bone:76.2544
Epoch [65/100] Step [960/1290] Loss:10.7944 Wing:10.6706 Bone:61.9370
Epoch [65/100] Step [980/1290] Loss:9.9580 Wing:9.8168 Bone:70.5724
Epoch [65/100] Step [1000/1290] Loss:11.2426 Wing:11.1025 Bone:70.0607
Epoch [65/100] Step [1020/1290] Loss:11.0555 Wing:10.9390 Bone:58.2386
Epoch [65/100] Step [1040/1290] Loss:10.9267 Wing:10.8099 Bone:58.3578
Epoch [65/100] Step [1060/1290] Loss:11.6401 Wing:11.4506 Bone:94.7483
Epoch [65/100] Step [1080/1290] Loss:11.7106 Wing:11.4943 Bone:108.1847
Epoch [65/100] Step [1100/1290] Loss:11.5862 Wing:11.4128 Bone:86.7098
Epoch [65/100] Step [1120/1290] Loss:11.2615 Wing:11.1488 Bone:56.3764
Epoch [65/100] Step [1140/1290] Loss:12.4647 Wing:12.1667 Bone:149.0273
Epoch [65/100] Step [1160/1290] Loss:11.2438 Wing:11.0737 Bone:85.0485
Epoch [65/100] Step [1180/1290] Loss:10.8510 Wing:10.6873 Bone:81.8313
Epoch [65/100] Step [1200/1290] Loss:12.2938 Wing:12.1363 Bone:78.7769
Epoch [65/100] Step [1220/1290] Loss:10.5873 Wing:10.4770 Bone:55.1414
Epoch [65/100] Step [1240/1290] Loss:10.4411 Wing:10.3393 Bone:50.9012
Epoch [65/100] Step [1260/1290] Loss:10.9085 Wing:10.7729 Bone:67.7815
Epoch [65/100] Step [1280/1290] Loss:10.8427 Wing:10.7037 Bone:69.5157
===> Epoch 65 | Loss:11.5641 | Wing:11.3804 | Bone:91.8391 | LR:2.80e-05 | 712.4s/epoch (1290 steps)
    Peak CUDA memory allocated so far: 1372.4 MB
    >>> MONITOR (V2-style, rhd_test.json subset) (n=200, 6.5s) PCK@0.2: 0.9536 | AUC: 0.8827 | MPJPE: 15.11px
    >>> No improvement (1/5)
Epoch [66/100] Step [0/1290] Loss:10.8642 Wing:10.7377 Bone:63.2178
Epoch [66/100] Step [20/1290] Loss:11.7766 Wing:11.6294 Bone:73.5638
Epoch [66/100] Step [40/1290] Loss:11.7687 Wing:11.6030 Bone:82.8508
Epoch [66/100] Step [60/1290] Loss:12.1967 Wing:11.9619 Bone:117.3590
Epoch [66/100] Step [80/1290] Loss:10.5649 Wing:10.4331 Bone:65.9276
Epoch [66/100] Step [100/1290] Loss:10.1127 Wing:10.0031 Bone:54.8156
Epoch [66/100] Step [120/1290] Loss:13.5521 Wing:13.2844 Bone:133.8347
Epoch [66/100] Step [140/1290] Loss:12.0137 Wing:11.7450 Bone:134.3594
Epoch [66/100] Step [160/1290] Loss:12.1120 Wing:11.9537 Bone:79.1471
Epoch [66/100] Step [180/1290] Loss:11.1417 Wing:10.9691 Bone:86.3004
Epoch [66/100] Step [200/1290] Loss:10.8327 Wing:10.6829 Bone:74.9200
Epoch [66/100] Step [220/1290] Loss:10.6115 Wing:10.5007 Bone:55.4110
Epoch [66/100] Step [240/1290] Loss:10.3728 Wing:10.2756 Bone:48.5893
Epoch [66/100] Step [260/1290] Loss:12.5401 Wing:12.3090 Bone:115.5746
Epoch [66/100] Step [280/1290] Loss:11.5465 Wing:11.4449 Bone:50.8135
Epoch [66/100] Step [300/1290] Loss:11.3328 Wing:11.1942 Bone:69.2916
Epoch [66/100] Step [320/1290] Loss:12.0129 Wing:11.8619 Bone:75.4931
Epoch [66/100] Step [340/1290] Loss:11.9837 Wing:11.7615 Bone:111.0655
Epoch [66/100] Step [360/1290] Loss:10.5978 Wing:10.4598 Bone:69.0002
Epoch [66/100] Step [380/1290] Loss:11.8923 Wing:11.6690 Bone:111.6234
Epoch [66/100] Step [400/1290] Loss:11.4081 Wing:11.2558 Bone:76.1391
Epoch [66/100] Step [420/1290] Loss:11.7189 Wing:11.5494 Bone:84.7758
Epoch [66/100] Step [440/1290] Loss:11.8416 Wing:11.6621 Bone:89.7631
Epoch [66/100] Step [460/1290] Loss:14.9986 Wing:14.5481 Bone:225.2760
Epoch [66/100] Step [480/1290] Loss:11.4596 Wing:11.2951 Bone:82.2821
Epoch [66/100] Step [500/1290] Loss:11.5224 Wing:11.3625 Bone:79.9841
Epoch [66/100] Step [520/1290] Loss:12.4253 Wing:11.9878 Bone:218.7598
Epoch [66/100] Step [540/1290] Loss:11.0451 Wing:10.8789 Bone:83.1108
Epoch [66/100] Step [560/1290] Loss:11.8677 Wing:11.6783 Bone:94.6781
Epoch [66/100] Step [580/1290] Loss:11.6516 Wing:11.4991 Bone:76.2382
Epoch [66/100] Step [600/1290] Loss:10.9494 Wing:10.7923 Bone:78.5534
Epoch [66/100] Step [620/1290] Loss:12.5714 Wing:12.3211 Bone:125.1483
Epoch [66/100] Step [640/1290] Loss:11.4217 Wing:11.2757 Bone:73.0072
Epoch [66/100] Step [660/1290] Loss:11.4640 Wing:11.3206 Bone:71.6895
Epoch [66/100] Step [680/1290] Loss:12.1391 Wing:11.8434 Bone:147.8541
Epoch [66/100] Step [700/1290] Loss:10.3633 Wing:10.1939 Bone:84.6956
Epoch [66/100] Step [720/1290] Loss:10.2645 Wing:10.1279 Bone:68.3131
Epoch [66/100] Step [740/1290] Loss:11.7483 Wing:11.5609 Bone:93.7202
Epoch [66/100] Step [760/1290] Loss:12.1939 Wing:11.9706 Bone:111.6245
Epoch [66/100] Step [780/1290] Loss:12.6458 Wing:12.4165 Bone:114.6342
Epoch [66/100] Step [800/1290] Loss:11.6122 Wing:11.4493 Bone:81.4922
Epoch [66/100] Step [820/1290] Loss:11.9507 Wing:11.8115 Bone:69.6016
Epoch [66/100] Step [840/1290] Loss:11.2020 Wing:10.9966 Bone:102.6740
Epoch [66/100] Step [860/1290] Loss:11.4065 Wing:11.2141 Bone:96.2230
Epoch [66/100] Step [880/1290] Loss:10.2505 Wing:10.1315 Bone:59.5087
Epoch [66/100] Step [900/1290] Loss:11.3971 Wing:11.2418 Bone:77.6157
Epoch [66/100] Step [920/1290] Loss:11.7760 Wing:11.5698 Bone:103.1282
Epoch [66/100] Step [940/1290] Loss:10.5569 Wing:10.4558 Bone:50.5686
Epoch [66/100] Step [960/1290] Loss:11.6692 Wing:11.4749 Bone:97.1349
Epoch [66/100] Step [980/1290] Loss:12.3260 Wing:11.9695 Bone:178.2350
Epoch [66/100] Step [1000/1290] Loss:12.0101 Wing:11.7359 Bone:137.0575
Epoch [66/100] Step [1020/1290] Loss:11.2531 Wing:11.0510 Bone:101.0747
Epoch [66/100] Step [1040/1290] Loss:11.1638 Wing:11.0328 Bone:65.5336
Epoch [66/100] Step [1060/1290] Loss:11.7555 Wing:11.5625 Bone:96.5380
Epoch [66/100] Step [1080/1290] Loss:14.1736 Wing:13.8517 Bone:160.9629
Epoch [66/100] Step [1100/1290] Loss:10.7910 Wing:10.6703 Bone:60.3492
Epoch [66/100] Step [1120/1290] Loss:11.2095 Wing:11.0506 Bone:79.4505
Epoch [66/100] Step [1140/1290] Loss:11.5857 Wing:11.4017 Bone:92.0286
Epoch [66/100] Step [1160/1290] Loss:11.3782 Wing:11.2439 Bone:67.1588
Epoch [66/100] Step [1180/1290] Loss:11.5451 Wing:11.3879 Bone:78.6354
Epoch [66/100] Step [1200/1290] Loss:10.9587 Wing:10.8121 Bone:73.3172
Epoch [66/100] Step [1220/1290] Loss:12.2580 Wing:12.0515 Bone:103.2941
Epoch [66/100] Step [1240/1290] Loss:10.6131 Wing:10.4574 Bone:77.8406
Epoch [66/100] Step [1260/1290] Loss:12.9276 Wing:12.5327 Bone:197.4495
Epoch [66/100] Step [1280/1290] Loss:11.9531 Wing:11.7711 Bone:90.9954
===> Epoch 66 | Loss:11.5412 | Wing:11.3581 | Bone:91.5329 | LR:2.67e-05 | 721.7s/epoch (1290 steps)
    Peak CUDA memory allocated so far: 1372.4 MB
Epoch [67/100] Step [0/1290] Loss:11.7049 Wing:11.5261 Bone:89.3686
Epoch [67/100] Step [20/1290] Loss:11.0037 Wing:10.8707 Bone:66.4867
Epoch [67/100] Step [40/1290] Loss:11.4942 Wing:11.3112 Bone:91.5200
Epoch [67/100] Step [60/1290] Loss:10.7288 Wing:10.5940 Bone:67.3645
Epoch [67/100] Step [80/1290] Loss:10.5510 Wing:10.4500 Bone:50.4901
Epoch [67/100] Step [100/1290] Loss:12.7717 Wing:12.4858 Bone:142.9782
Epoch [67/100] Step [120/1290] Loss:11.6643 Wing:11.4954 Bone:84.4332
Epoch [67/100] Step [140/1290] Loss:11.2009 Wing:11.0340 Bone:83.4234
Epoch [67/100] Step [160/1290] Loss:12.4929 Wing:12.2616 Bone:115.6404
Epoch [67/100] Step [180/1290] Loss:11.1710 Wing:11.0545 Bone:58.2519
Epoch [67/100] Step [200/1290] Loss:11.0327 Wing:10.8492 Bone:91.7887
Epoch [67/100] Step [220/1290] Loss:10.6345 Wing:10.5072 Bone:63.6482
Epoch [67/100] Step [240/1290] Loss:12.5953 Wing:12.3772 Bone:109.0734
Epoch [67/100] Step [260/1290] Loss:9.9939 Wing:9.8888 Bone:52.5487
Epoch [67/100] Step [280/1290] Loss:10.3038 Wing:10.1717 Bone:66.0710
Epoch [67/100] Step [300/1290] Loss:10.6488 Wing:10.4844 Bone:82.2343
Epoch [67/100] Step [320/1290] Loss:11.7773 Wing:11.5217 Bone:127.7621
Epoch [67/100] Step [340/1290] Loss:10.9047 Wing:10.7460 Bone:79.3761
Epoch [67/100] Step [360/1290] Loss:11.4410 Wing:11.2667 Bone:87.1683
Epoch [67/100] Step [380/1290] Loss:10.4037 Wing:10.2983 Bone:52.6764
Epoch [67/100] Step [400/1290] Loss:12.0697 Wing:11.8516 Bone:109.0666
Epoch [67/100] Step [420/1290] Loss:13.6339 Wing:13.2019 Bone:215.9779
Epoch [67/100] Step [440/1290] Loss:12.2668 Wing:12.0767 Bone:95.0439
Epoch [67/100] Step [460/1290] Loss:14.1411 Wing:13.7831 Bone:179.0199
Epoch [67/100] Step [480/1290] Loss:13.1191 Wing:12.8852 Bone:116.9554
Epoch [67/100] Step [500/1290] Loss:12.0951 Wing:11.8139 Bone:140.6153
Epoch [67/100] Step [520/1290] Loss:11.1422 Wing:10.9834 Bone:79.4251
Epoch [67/100] Step [540/1290] Loss:11.3190 Wing:11.1974 Bone:60.8136
Epoch [67/100] Step [560/1290] Loss:10.3449 Wing:10.2192 Bone:62.8515
Epoch [67/100] Step [580/1290] Loss:10.3739 Wing:10.2507 Bone:61.6282
Epoch [67/100] Step [600/1290] Loss:11.0708 Wing:10.9242 Bone:73.3248
Epoch [67/100] Step [620/1290] Loss:11.5510 Wing:11.3685 Bone:91.2472
Epoch [67/100] Step [640/1290] Loss:10.4905 Wing:10.3785 Bone:55.9994
Epoch [67/100] Step [660/1290] Loss:11.3179 Wing:11.1644 Bone:76.7441
Epoch [67/100] Step [680/1290] Loss:10.1757 Wing:10.0814 Bone:47.1380
Epoch [67/100] Step [700/1290] Loss:10.9987 Wing:10.8609 Bone:68.8716
Epoch [67/100] Step [720/1290] Loss:10.8337 Wing:10.6922 Bone:70.7509
Epoch [67/100] Step [740/1290] Loss:10.5111 Wing:10.3943 Bone:58.4163
Epoch [67/100] Step [760/1290] Loss:11.7772 Wing:11.6254 Bone:75.9082
Epoch [67/100] Step [780/1290] Loss:10.5288 Wing:10.4048 Bone:61.9700
Epoch [67/100] Step [800/1290] Loss:11.0024 Wing:10.8493 Bone:76.5526
Epoch [67/100] Step [820/1290] Loss:12.1544 Wing:11.9593 Bone:97.5576
Epoch [67/100] Step [840/1290] Loss:10.9524 Wing:10.8380 Bone:57.1924
Epoch [67/100] Step [860/1290] Loss:12.1098 Wing:11.8777 Bone:116.0185
Epoch [67/100] Step [880/1290] Loss:12.0489 Wing:11.7875 Bone:130.7338
Epoch [67/100] Step [900/1290] Loss:10.1400 Wing:10.0076 Bone:66.1995
Epoch [67/100] Step [920/1290] Loss:12.1976 Wing:11.9793 Bone:109.1839
Epoch [67/100] Step [940/1290] Loss:11.2134 Wing:11.0886 Bone:62.3822
Epoch [67/100] Step [960/1290] Loss:11.3638 Wing:11.1682 Bone:97.7839
Epoch [67/100] Step [980/1290] Loss:11.3435 Wing:11.2150 Bone:64.2353
Epoch [67/100] Step [1000/1290] Loss:11.2288 Wing:11.0947 Bone:67.0459
Epoch [67/100] Step [1020/1290] Loss:10.8780 Wing:10.7432 Bone:67.3984
Epoch [67/100] Step [1040/1290] Loss:10.5706 Wing:10.4523 Bone:59.1818
Epoch [67/100] Step [1060/1290] Loss:10.9863 Wing:10.8245 Bone:80.9230
Epoch [67/100] Step [1080/1290] Loss:11.0241 Wing:10.8531 Bone:85.5133
Epoch [67/100] Step [1100/1290] Loss:13.1287 Wing:12.9373 Bone:95.7014
Epoch [67/100] Step [1120/1290] Loss:11.4353 Wing:11.1744 Bone:130.4464
Epoch [67/100] Step [1140/1290] Loss:10.1463 Wing:10.0297 Bone:58.2999
Epoch [67/100] Step [1160/1290] Loss:11.5882 Wing:11.4406 Bone:73.7610
Epoch [67/100] Step [1180/1290] Loss:9.9631 Wing:9.8423 Bone:60.3895
Epoch [67/100] Step [1200/1290] Loss:11.8337 Wing:11.6207 Bone:106.4963
Epoch [67/100] Step [1220/1290] Loss:12.3745 Wing:12.0533 Bone:160.6023
Epoch [67/100] Step [1240/1290] Loss:10.9270 Wing:10.8081 Bone:59.4794
Epoch [67/100] Step [1260/1290] Loss:13.4211 Wing:13.1236 Bone:148.7363
Epoch [67/100] Step [1280/1290] Loss:10.7810 Wing:10.6434 Bone:68.7715
===> Epoch 67 | Loss:11.4929 | Wing:11.3125 | Bone:90.2139 | LR:2.53e-05 | 779.3s/epoch (1290 steps)
    Peak CUDA memory allocated so far: 1372.4 MB
Epoch [68/100] Step [0/1290] Loss:11.2398 Wing:11.0879 Bone:75.9574
Epoch [68/100] Step [20/1290] Loss:11.1696 Wing:10.9956 Bone:87.0129
Epoch [68/100] Step [40/1290] Loss:10.8239 Wing:10.7099 Bone:56.9981
Epoch [68/100] Step [60/1290] Loss:10.6487 Wing:10.5146 Bone:67.0906
Epoch [68/100] Step [80/1290] Loss:10.6119 Wing:10.4591 Bone:76.4004
Epoch [68/100] Step [100/1290] Loss:11.2107 Wing:11.0717 Bone:69.4917
Epoch [68/100] Step [120/1290] Loss:11.1824 Wing:11.0140 Bone:84.1984
Epoch [68/100] Step [140/1290] Loss:10.0084 Wing:9.9241 Bone:42.1440
Epoch [68/100] Step [160/1290] Loss:11.6288 Wing:11.4728 Bone:77.9621
Epoch [68/100] Step [180/1290] Loss:10.8867 Wing:10.7637 Bone:61.5110
Epoch [68/100] Step [200/1290] Loss:10.2816 Wing:10.1478 Bone:66.9239
Epoch [68/100] Step [220/1290] Loss:11.9071 Wing:11.6679 Bone:119.5970
Epoch [68/100] Step [240/1290] Loss:10.3925 Wing:10.2951 Bone:48.6699
Epoch [68/100] Step [260/1290] Loss:10.9782 Wing:10.8041 Bone:87.0690
Epoch [68/100] Step [280/1290] Loss:10.8027 Wing:10.7173 Bone:42.6719
Epoch [68/100] Step [300/1290] Loss:11.2153 Wing:11.0916 Bone:61.8479
Epoch [68/100] Step [320/1290] Loss:13.7075 Wing:13.4819 Bone:112.7653
Epoch [68/100] Step [340/1290] Loss:11.2912 Wing:11.1686 Bone:61.3019
Epoch [68/100] Step [360/1290] Loss:12.9754 Wing:12.6669 Bone:154.2467
Epoch [68/100] Step [380/1290] Loss:11.2905 Wing:11.1121 Bone:89.2195
Epoch [68/100] Step [400/1290] Loss:12.5955 Wing:12.3915 Bone:101.9665
Epoch [68/100] Step [420/1290] Loss:11.9730 Wing:11.8137 Bone:79.6743
Epoch [68/100] Step [440/1290] Loss:11.3345 Wing:11.1895 Bone:72.4748
Epoch [68/100] Step [460/1290] Loss:13.4835 Wing:13.2360 Bone:123.7526
Epoch [68/100] Step [480/1290] Loss:11.0693 Wing:10.9250 Bone:72.1568
Epoch [68/100] Step [500/1290] Loss:11.8755 Wing:11.6677 Bone:103.8700
Epoch [68/100] Step [520/1290] Loss:9.9809 Wing:9.8423 Bone:69.2937
Epoch [68/100] Step [540/1290] Loss:11.9554 Wing:11.7542 Bone:100.5922
Epoch [68/100] Step [560/1290] Loss:12.4383 Wing:12.1909 Bone:123.7032
Epoch [68/100] Step [580/1290] Loss:11.9063 Wing:11.6746 Bone:115.8386
Epoch [68/100] Step [600/1290] Loss:11.5338 Wing:11.3647 Bone:84.5799
Epoch [68/100] Step [620/1290] Loss:12.2907 Wing:12.0584 Bone:116.1580
Epoch [68/100] Step [640/1290] Loss:11.7544 Wing:11.5693 Bone:92.5499
Epoch [68/100] Step [660/1290] Loss:11.8016 Wing:11.6316 Bone:85.0010
Epoch [68/100] Step [680/1290] Loss:12.5399 Wing:12.2344 Bone:152.7238
Epoch [68/100] Step [700/1290] Loss:12.8124 Wing:12.5577 Bone:127.3156
Epoch [68/100] Step [720/1290] Loss:12.5213 Wing:12.2278 Bone:146.7698
Epoch [68/100] Step [740/1290] Loss:11.3044 Wing:11.1484 Bone:77.9950
Epoch [68/100] Step [760/1290] Loss:10.8856 Wing:10.7673 Bone:59.1730
Epoch [68/100] Step [780/1290] Loss:11.7435 Wing:11.5903 Bone:76.5657
Epoch [68/100] Step [800/1290] Loss:10.4197 Wing:10.2924 Bone:63.6472
Epoch [68/100] Step [820/1290] Loss:10.9752 Wing:10.7841 Bone:95.5363
Epoch [68/100] Step [840/1290] Loss:10.8056 Wing:10.6952 Bone:55.2158
Epoch [68/100] Step [860/1290] Loss:12.1329 Wing:12.0013 Bone:65.8018
Epoch [68/100] Step [880/1290] Loss:11.0130 Wing:10.8260 Bone:93.4712
Epoch [68/100] Step [900/1290] Loss:11.1021 Wing:10.9445 Bone:78.7898
Epoch [68/100] Step [920/1290] Loss:10.2968 Wing:10.1977 Bone:49.5595
Epoch [68/100] Step [940/1290] Loss:11.5802 Wing:11.4134 Bone:83.4108
Epoch [68/100] Step [960/1290] Loss:10.4925 Wing:10.3457 Bone:73.3744
Epoch [68/100] Step [980/1290] Loss:11.3677 Wing:11.2093 Bone:79.1913
Epoch [68/100] Step [1000/1290] Loss:13.7785 Wing:13.2825 Bone:248.0247
Epoch [68/100] Step [1020/1290] Loss:10.9315 Wing:10.7792 Bone:76.1481
Epoch [68/100] Step [1040/1290] Loss:12.4807 Wing:12.2892 Bone:95.7121
Epoch [68/100] Step [1060/1290] Loss:11.2886 Wing:11.1214 Bone:83.5946
Epoch [68/100] Step [1080/1290] Loss:10.7832 Wing:10.6601 Bone:61.5718
Epoch [68/100] Step [1100/1290] Loss:11.1411 Wing:10.9559 Bone:92.5706
Epoch [68/100] Step [1120/1290] Loss:12.6602 Wing:12.4501 Bone:105.0633
Epoch [68/100] Step [1140/1290] Loss:10.3437 Wing:10.2034 Bone:70.1557
Epoch [68/100] Step [1160/1290] Loss:11.6121 Wing:11.3963 Bone:107.8609
Epoch [68/100] Step [1180/1290] Loss:11.3989 Wing:11.2449 Bone:77.0230
Epoch [68/100] Step [1200/1290] Loss:9.8479 Wing:9.7387 Bone:54.5916
Epoch [68/100] Step [1220/1290] Loss:11.5529 Wing:11.3879 Bone:82.4850
Epoch [68/100] Step [1240/1290] Loss:11.4758 Wing:11.2633 Bone:106.2606
Epoch [68/100] Step [1260/1290] Loss:12.6845 Wing:12.3181 Bone:183.2053
Epoch [68/100] Step [1280/1290] Loss:11.0134 Wing:10.8316 Bone:90.9097
===> Epoch 68 | Loss:11.4698 | Wing:11.2891 | Bone:90.3568 | LR:2.40e-05 | 784.7s/epoch (1290 steps)
    Peak CUDA memory allocated so far: 1372.4 MB
Epoch [69/100] Step [0/1290] Loss:11.2339 Wing:11.0600 Bone:86.9577
Epoch [69/100] Step [20/1290] Loss:12.5347 Wing:12.2702 Bone:132.2946
Epoch [69/100] Step [40/1290] Loss:11.1806 Wing:11.0660 Bone:57.3095
Epoch [69/100] Step [60/1290] Loss:11.2119 Wing:11.0306 Bone:90.6778
Epoch [69/100] Step [80/1290] Loss:11.7323 Wing:11.5834 Bone:74.4483
Epoch [69/100] Step [100/1290] Loss:11.2091 Wing:11.0416 Bone:83.7266
Epoch [69/100] Step [120/1290] Loss:13.2381 Wing:12.8695 Bone:184.3042
Epoch [69/100] Step [140/1290] Loss:11.1205 Wing:11.0033 Bone:58.5937
Epoch [69/100] Step [160/1290] Loss:12.2936 Wing:12.0717 Bone:110.9772
Epoch [69/100] Step [180/1290] Loss:10.5353 Wing:10.4265 Bone:54.4157
Epoch [69/100] Step [200/1290] Loss:12.8826 Wing:12.6479 Bone:117.3738
Epoch [69/100] Step [220/1290] Loss:12.0325 Wing:11.8101 Bone:111.1817
Epoch [69/100] Step [240/1290] Loss:11.4021 Wing:11.2371 Bone:82.4646
Epoch [69/100] Step [260/1290] Loss:10.1607 Wing:10.0432 Bone:58.7847
Epoch [69/100] Step [280/1290] Loss:11.2736 Wing:11.1483 Bone:62.6615
Epoch [69/100] Step [300/1290] Loss:11.5931 Wing:11.3939 Bone:99.5926
Epoch [69/100] Step [320/1290] Loss:10.8312 Wing:10.7125 Bone:59.3541
Epoch [69/100] Step [340/1290] Loss:12.1129 Wing:11.9245 Bone:94.2039
Epoch [69/100] Step [360/1290] Loss:10.8491 Wing:10.7003 Bone:74.4239
Epoch [69/100] Step [380/1290] Loss:10.7586 Wing:10.6201 Bone:69.2391
Epoch [69/100] Step [400/1290] Loss:12.7985 Wing:12.5816 Bone:108.4124
Epoch [69/100] Step [420/1290] Loss:11.5391 Wing:11.4021 Bone:68.4911
Epoch [69/100] Step [440/1290] Loss:10.8470 Wing:10.6764 Bone:85.2920
Epoch [69/100] Step [460/1290] Loss:11.0271 Wing:10.8633 Bone:81.8839
Epoch [69/100] Step [480/1290] Loss:10.7594 Wing:10.6411 Bone:59.1611
Epoch [69/100] Step [500/1290] Loss:11.6164 Wing:11.4579 Bone:79.2362
Epoch [69/100] Step [520/1290] Loss:11.2168 Wing:11.0680 Bone:74.4098
Epoch [69/100] Step [540/1290] Loss:12.7372 Wing:12.5131 Bone:112.0421
Epoch [69/100] Step [560/1290] Loss:11.2654 Wing:11.0911 Bone:87.1360
Epoch [69/100] Step [580/1290] Loss:10.9101 Wing:10.7906 Bone:59.7824
Epoch [69/100] Step [600/1290] Loss:12.4339 Wing:12.1895 Bone:122.1664
Epoch [69/100] Step [620/1290] Loss:10.2283 Wing:10.1134 Bone:57.4087
Epoch [69/100] Step [640/1290] Loss:11.7130 Wing:11.4589 Bone:127.0861
Epoch [69/100] Step [660/1290] Loss:10.9060 Wing:10.7650 Bone:70.5335
Epoch [69/100] Step [680/1290] Loss:11.8944 Wing:11.7233 Bone:85.5259
Epoch [69/100] Step [700/1290] Loss:10.5993 Wing:10.4847 Bone:57.3288
Epoch [69/100] Step [720/1290] Loss:12.2093 Wing:12.0602 Bone:74.5480
Epoch [69/100] Step [740/1290] Loss:10.9848 Wing:10.8555 Bone:64.6333
Epoch [69/100] Step [760/1290] Loss:11.7213 Wing:11.5868 Bone:67.2110
Epoch [69/100] Step [780/1290] Loss:12.7642 Wing:12.5554 Bone:104.3799
Epoch [69/100] Step [800/1290] Loss:11.1068 Wing:10.9486 Bone:79.0795
Epoch [69/100] Step [820/1290] Loss:10.3770 Wing:10.2524 Bone:62.2882
Epoch [69/100] Step [840/1290] Loss:11.4763 Wing:11.3384 Bone:68.9641
Epoch [69/100] Step [860/1290] Loss:10.2783 Wing:10.1555 Bone:61.3702
Epoch [69/100] Step [880/1290] Loss:11.0927 Wing:10.9253 Bone:83.7431
Epoch [69/100] Step [900/1290] Loss:11.4928 Wing:11.2718 Bone:110.4970
Epoch [69/100] Step [920/1290] Loss:10.7494 Wing:10.6186 Bone:65.4071
Epoch [69/100] Step [940/1290] Loss:11.7410 Wing:11.5918 Bone:74.6199
Epoch [69/100] Step [960/1290] Loss:11.5611 Wing:11.4191 Bone:71.0177
Epoch [69/100] Step [980/1290] Loss:10.2789 Wing:10.1593 Bone:59.8070
Epoch [69/100] Step [1000/1290] Loss:10.6512 Wing:10.4754 Bone:87.8856
Epoch [69/100] Step [1020/1290] Loss:11.6493 Wing:11.4958 Bone:76.7589
Epoch [69/100] Step [1040/1290] Loss:11.1717 Wing:11.0482 Bone:61.7157
Epoch [69/100] Step [1060/1290] Loss:10.6875 Wing:10.5691 Bone:59.2344
Epoch [69/100] Step [1080/1290] Loss:12.3379 Wing:11.9496 Bone:194.1687
Epoch [69/100] Step [1100/1290] Loss:12.2973 Wing:12.0829 Bone:107.1651
Epoch [69/100] Step [1120/1290] Loss:12.2537 Wing:11.9984 Bone:127.6862
Epoch [69/100] Step [1140/1290] Loss:12.6312 Wing:12.3826 Bone:124.3071
Epoch [69/100] Step [1160/1290] Loss:11.3464 Wing:11.1658 Bone:90.3217
Epoch [69/100] Step [1180/1290] Loss:11.6493 Wing:11.5002 Bone:74.5423
Epoch [69/100] Step [1200/1290] Loss:11.2984 Wing:11.1501 Bone:74.1170
Epoch [69/100] Step [1220/1290] Loss:10.4685 Wing:10.3567 Bone:55.9105
Epoch [69/100] Step [1240/1290] Loss:11.2983 Wing:11.1536 Bone:72.3460
Epoch [69/100] Step [1260/1290] Loss:11.1163 Wing:10.9166 Bone:99.8498
Epoch [69/100] Step [1280/1290] Loss:10.9940 Wing:10.8672 Bone:63.3898
===> Epoch 69 | Loss:11.4409 | Wing:11.2603 | Bone:90.3133 | LR:2.27e-05 | 976.6s/epoch (1290 steps)
    Peak CUDA memory allocated so far: 1372.4 MB
Epoch [70/100] Step [0/1290] Loss:10.1797 Wing:10.0777 Bone:50.9897
Epoch [70/100] Step [20/1290] Loss:14.3984 Wing:14.0472 Bone:175.5981
Epoch [70/100] Step [40/1290] Loss:11.3513 Wing:11.1331 Bone:109.0548
Epoch [70/100] Step [60/1290] Loss:11.0018 Wing:10.8234 Bone:89.1645
Epoch [70/100] Step [80/1290] Loss:11.3505 Wing:11.1600 Bone:95.2696
Epoch [70/100] Step [100/1290] Loss:11.1539 Wing:10.9887 Bone:82.6197
Epoch [70/100] Step [120/1290] Loss:11.5293 Wing:11.3703 Bone:79.5293
Epoch [70/100] Step [140/1290] Loss:11.8381 Wing:11.6558 Bone:91.1360
Epoch [70/100] Step [160/1290] Loss:10.9356 Wing:10.7676 Bone:84.0021
Epoch [70/100] Step [180/1290] Loss:11.2861 Wing:11.1449 Bone:70.5833
Epoch [70/100] Step [200/1290] Loss:11.1907 Wing:11.0671 Bone:61.7790
Epoch [70/100] Step [220/1290] Loss:10.5382 Wing:10.3853 Bone:76.4777
Epoch [70/100] Step [240/1290] Loss:11.4636 Wing:11.2959 Bone:83.8125
Epoch [70/100] Step [260/1290] Loss:11.0267 Wing:10.8916 Bone:67.5400
Epoch [70/100] Step [280/1290] Loss:12.0317 Wing:11.7885 Bone:121.5848
Epoch [70/100] Step [300/1290] Loss:10.6299 Wing:10.4694 Bone:80.2554
Epoch [70/100] Step [320/1290] Loss:11.8994 Wing:11.7657 Bone:66.8408
Epoch [70/100] Step [340/1290] Loss:11.1388 Wing:11.0004 Bone:69.1800
Epoch [70/100] Step [360/1290] Loss:11.8788 Wing:11.7093 Bone:84.7305
Epoch [70/100] Step [380/1290] Loss:10.4704 Wing:10.3465 Bone:61.9356
Epoch [70/100] Step [400/1290] Loss:11.3648 Wing:11.2240 Bone:70.4211
Epoch [70/100] Step [420/1290] Loss:11.0363 Wing:10.8894 Bone:73.4808
Epoch [70/100] Step [440/1290] Loss:12.3044 Wing:12.0508 Bone:126.8111
Epoch [70/100] Step [460/1290] Loss:10.5239 Wing:10.3969 Bone:63.5043
Epoch [70/100] Step [480/1290] Loss:10.1075 Wing:10.0090 Bone:49.2834
Epoch [70/100] Step [500/1290] Loss:11.4023 Wing:11.2823 Bone:59.9940
Epoch [70/100] Step [520/1290] Loss:10.6494 Wing:10.4696 Bone:89.8906
Epoch [70/100] Step [540/1290] Loss:10.9125 Wing:10.7889 Bone:61.7700
Epoch [70/100] Step [560/1290] Loss:11.2828 Wing:11.1350 Bone:73.9170
Epoch [70/100] Step [580/1290] Loss:10.9874 Wing:10.8372 Bone:75.0762
Epoch [70/100] Step [600/1290] Loss:10.3181 Wing:10.2057 Bone:56.1808
Epoch [70/100] Step [620/1290] Loss:10.4383 Wing:10.3229 Bone:57.6841
Epoch [70/100] Step [640/1290] Loss:11.6437 Wing:11.4953 Bone:74.1692
Epoch [70/100] Step [660/1290] Loss:11.1999 Wing:11.0574 Bone:71.2659
Epoch [70/100] Step [680/1290] Loss:11.5131 Wing:11.3347 Bone:89.2176
Epoch [70/100] Step [700/1290] Loss:12.3351 Wing:12.1311 Bone:101.9988
Epoch [70/100] Step [720/1290] Loss:10.9328 Wing:10.7878 Bone:72.5052
Epoch [70/100] Step [740/1290] Loss:11.3041 Wing:11.1944 Bone:54.8490
Epoch [70/100] Step [760/1290] Loss:12.6378 Wing:12.3962 Bone:120.8045
Epoch [70/100] Step [780/1290] Loss:12.8345 Wing:12.6314 Bone:101.5330
Epoch [70/100] Step [800/1290] Loss:12.2804 Wing:12.0645 Bone:107.9644
Epoch [70/100] Step [820/1290] Loss:11.0338 Wing:10.9070 Bone:63.4036
Epoch [70/100] Step [840/1290] Loss:10.8655 Wing:10.7511 Bone:57.2002
Epoch [70/100] Step [860/1290] Loss:10.2317 Wing:10.1054 Bone:63.1320
Epoch [70/100] Step [880/1290] Loss:11.7853 Wing:11.5568 Bone:114.2544
Epoch [70/100] Step [900/1290] Loss:10.3083 Wing:10.2188 Bone:44.7615
Epoch [70/100] Step [920/1290] Loss:12.7101 Wing:12.4626 Bone:123.7380
Epoch [70/100] Step [940/1290] Loss:11.1387 Wing:10.9984 Bone:70.1470
Epoch [70/100] Step [960/1290] Loss:12.1501 Wing:11.9754 Bone:87.3646
Epoch [70/100] Step [980/1290] Loss:12.3424 Wing:12.0142 Bone:164.1059
Epoch [70/100] Step [1000/1290] Loss:10.9435 Wing:10.8038 Bone:69.8218
Epoch [70/100] Step [1020/1290] Loss:11.4021 Wing:11.2440 Bone:79.0838
Epoch [70/100] Step [1040/1290] Loss:11.9409 Wing:11.7414 Bone:99.7138
Epoch [70/100] Step [1060/1290] Loss:11.6912 Wing:11.5332 Bone:78.9712
Epoch [70/100] Step [1080/1290] Loss:11.5161 Wing:11.3133 Bone:101.3999
Epoch [70/100] Step [1100/1290] Loss:11.6997 Wing:11.5218 Bone:88.9271
Epoch [70/100] Step [1120/1290] Loss:10.8703 Wing:10.7598 Bone:55.2446
Epoch [70/100] Step [1140/1290] Loss:11.4020 Wing:11.2665 Bone:67.7609
Epoch [70/100] Step [1160/1290] Loss:10.2285 Wing:10.1242 Bone:52.1258
Epoch [70/100] Step [1180/1290] Loss:10.6118 Wing:10.5030 Bone:54.4199
Epoch [70/100] Step [1200/1290] Loss:10.6066 Wing:10.4859 Bone:60.3228
Epoch [70/100] Step [1220/1290] Loss:10.6706 Wing:10.5706 Bone:50.0161
Epoch [70/100] Step [1240/1290] Loss:10.5119 Wing:10.3974 Bone:57.2562
Epoch [70/100] Step [1260/1290] Loss:11.2948 Wing:11.1101 Bone:92.3807
Epoch [70/100] Step [1280/1290] Loss:10.3675 Wing:10.2718 Bone:47.8482
===> Epoch 70 | Loss:11.4167 | Wing:11.2401 | Bone:88.2799 | LR:2.14e-05 | 2529.4s/epoch (1290 steps)
    Peak CUDA memory allocated so far: 1372.4 MB
    Checkpoint saved: C:\Users\Bea Juliana Poquiz\Desktop\mmpose_thesis\R2-05\runs\parity_baseline\checkpoints\parity_epoch_70.pth
    >>> MONITOR (V2-style, rhd_test.json subset) (n=200, 34.5s) PCK@0.2: 0.9531 | AUC: 0.8828 | MPJPE: 14.99px
    >>> No improvement (2/5)
Epoch [71/100] Step [0/1290] Loss:10.7648 Wing:10.5747 Bone:95.0509
Epoch [71/100] Step [20/1290] Loss:12.0197 Wing:11.7685 Bone:125.6021
Epoch [71/100] Step [40/1290] Loss:10.9401 Wing:10.7950 Bone:72.5181
Epoch [71/100] Step [60/1290] Loss:11.2111 Wing:11.0438 Bone:83.6392
Epoch [71/100] Step [80/1290] Loss:10.8646 Wing:10.7029 Bone:80.8642
Epoch [71/100] Step [100/1290] Loss:10.1136 Wing:9.9881 Bone:62.7221
Epoch [71/100] Step [120/1290] Loss:10.9261 Wing:10.8026 Bone:61.7478
Epoch [71/100] Step [140/1290] Loss:11.5465 Wing:11.3500 Bone:98.2398
Epoch [71/100] Step [160/1290] Loss:10.6043 Wing:10.5048 Bone:49.7217
Epoch [71/100] Step [180/1290] Loss:12.6057 Wing:12.3347 Bone:135.4784
Epoch [71/100] Step [200/1290] Loss:11.8013 Wing:11.5117 Bone:144.7903
Epoch [71/100] Step [220/1290] Loss:9.8635 Wing:9.7527 Bone:55.3880
Epoch [71/100] Step [240/1290] Loss:11.3650 Wing:11.1897 Bone:87.6335
Epoch [71/100] Step [260/1290] Loss:10.4924 Wing:10.3658 Bone:63.2931
Epoch [71/100] Step [280/1290] Loss:10.8537 Wing:10.6731 Bone:90.3295
Epoch [71/100] Step [300/1290] Loss:10.1049 Wing:10.0202 Bone:42.3344
Epoch [71/100] Step [320/1290] Loss:10.7030 Wing:10.5689 Bone:67.0579
Epoch [71/100] Step [340/1290] Loss:10.8185 Wing:10.6531 Bone:82.6859
Epoch [71/100] Step [360/1290] Loss:10.0314 Wing:9.9557 Bone:37.8693
Epoch [71/100] Step [380/1290] Loss:10.6447 Wing:10.5079 Bone:68.3873
Epoch [71/100] Step [400/1290] Loss:11.2021 Wing:11.0844 Bone:58.8623
Epoch [71/100] Step [420/1290] Loss:11.1585 Wing:10.9669 Bone:95.7584
Epoch [71/100] Step [440/1290] Loss:13.6260 Wing:13.3153 Bone:155.3287
Epoch [71/100] Step [460/1290] Loss:11.2302 Wing:11.0932 Bone:68.4618
Epoch [71/100] Step [480/1290] Loss:11.3748 Wing:11.2171 Bone:78.8232
Epoch [71/100] Step [500/1290] Loss:11.0498 Wing:10.8650 Bone:92.3970
Epoch [71/100] Step [520/1290] Loss:10.6138 Wing:10.4864 Bone:63.7018
Epoch [71/100] Step [540/1290] Loss:11.8545 Wing:11.5752 Bone:139.6736
Epoch [71/100] Step [560/1290] Loss:12.8281 Wing:12.5551 Bone:136.5141
Epoch [71/100] Step [580/1290] Loss:11.1148 Wing:10.9689 Bone:72.9220
Epoch [71/100] Step [600/1290] Loss:11.2727 Wing:11.1577 Bone:57.5102
Epoch [71/100] Step [620/1290] Loss:12.0696 Wing:11.9123 Bone:78.6168
Epoch [71/100] Step [640/1290] Loss:10.6265 Wing:10.4936 Bone:66.4791
Epoch [71/100] Step [660/1290] Loss:10.9987 Wing:10.8470 Bone:75.8403
Epoch [71/100] Step [680/1290] Loss:12.3133 Wing:12.0635 Bone:124.9151
Epoch [71/100] Step [700/1290] Loss:11.1570 Wing:11.0202 Bone:68.3704
Epoch [71/100] Step [720/1290] Loss:11.1141 Wing:10.9596 Bone:77.2686
Epoch [71/100] Step [740/1290] Loss:11.1269 Wing:11.0185 Bone:54.1776
Epoch [71/100] Step [760/1290] Loss:11.4674 Wing:11.3063 Bone:80.5442
Epoch [71/100] Step [780/1290] Loss:10.2642 Wing:10.1681 Bone:48.0499
Epoch [71/100] Step [800/1290] Loss:11.5210 Wing:11.3873 Bone:66.8607
Epoch [71/100] Step [820/1290] Loss:10.5488 Wing:10.4513 Bone:48.7657
Epoch [71/100] Step [840/1290] Loss:12.2597 Wing:12.0202 Bone:119.7190
Epoch [71/100] Step [860/1290] Loss:10.8013 Wing:10.6929 Bone:54.1918
Epoch [71/100] Step [880/1290] Loss:10.0781 Wing:9.9740 Bone:52.0348
Epoch [71/100] Step [900/1290] Loss:10.7741 Wing:10.6347 Bone:69.7017
Epoch [71/100] Step [920/1290] Loss:10.7717 Wing:10.6735 Bone:49.0933
Epoch [71/100] Step [940/1290] Loss:10.4568 Wing:10.3396 Bone:58.5871
Epoch [71/100] Step [960/1290] Loss:12.2121 Wing:11.9399 Bone:136.0968
Epoch [71/100] Step [980/1290] Loss:10.1467 Wing:10.0401 Bone:53.2724
Epoch [71/100] Step [1000/1290] Loss:11.7807 Wing:11.6008 Bone:89.9340
Epoch [71/100] Step [1020/1290] Loss:10.7870 Wing:10.6386 Bone:74.1823
Epoch [71/100] Step [1040/1290] Loss:10.3861 Wing:10.2684 Bone:58.8447
Epoch [71/100] Step [1060/1290] Loss:11.5608 Wing:11.3897 Bone:85.5531
Epoch [71/100] Step [1080/1290] Loss:10.8470 Wing:10.7069 Bone:70.0879
Epoch [71/100] Step [1100/1290] Loss:12.2431 Wing:12.0437 Bone:99.7224
Epoch [71/100] Step [1120/1290] Loss:10.3199 Wing:10.2046 Bone:57.6843
Epoch [71/100] Step [1140/1290] Loss:12.3677 Wing:12.2044 Bone:81.6615
Epoch [71/100] Step [1160/1290] Loss:10.0346 Wing:9.8633 Bone:85.6568
Epoch [71/100] Step [1180/1290] Loss:11.0496 Wing:10.8881 Bone:80.7509
Epoch [71/100] Step [1200/1290] Loss:11.8154 Wing:11.5866 Bone:114.4028
Epoch [71/100] Step [1220/1290] Loss:11.3539 Wing:11.1486 Bone:102.6520
Epoch [71/100] Step [1240/1290] Loss:11.3682 Wing:11.2366 Bone:65.8085
Epoch [71/100] Step [1260/1290] Loss:11.1611 Wing:10.9452 Bone:107.9802
Epoch [71/100] Step [1280/1290] Loss:11.3266 Wing:11.1518 Bone:87.4097
===> Epoch 71 | Loss:11.3817 | Wing:11.2039 | Bone:88.9000 | LR:2.02e-05 | 2714.8s/epoch (1290 steps)
    Peak CUDA memory allocated so far: 1372.4 MB
Epoch [72/100] Step [0/1290] Loss:10.2412 Wing:10.1060 Bone:67.5856
Epoch [72/100] Step [20/1290] Loss:11.4763 Wing:11.3396 Bone:68.3499
Epoch [72/100] Step [40/1290] Loss:10.2321 Wing:10.0813 Bone:75.4063
Epoch [72/100] Step [60/1290] Loss:9.8150 Wing:9.6984 Bone:58.2670
Epoch [72/100] Step [80/1290] Loss:11.5621 Wing:11.3284 Bone:116.8635
Epoch [72/100] Step [100/1290] Loss:10.8265 Wing:10.6889 Bone:68.8026
Epoch [72/100] Step [120/1290] Loss:11.5707 Wing:11.4304 Bone:70.1772
Epoch [72/100] Step [140/1290] Loss:11.6317 Wing:11.4877 Bone:71.9937
Epoch [72/100] Step [160/1290] Loss:11.0869 Wing:10.9453 Bone:70.7829
Epoch [72/100] Step [180/1290] Loss:10.2889 Wing:10.1675 Bone:60.7049
Epoch [72/100] Step [200/1290] Loss:11.1292 Wing:10.9755 Bone:76.8635
Epoch [72/100] Step [220/1290] Loss:11.7682 Wing:11.6324 Bone:67.8831
Epoch [72/100] Step [240/1290] Loss:11.2257 Wing:11.0581 Bone:83.8346
Epoch [72/100] Step [260/1290] Loss:10.6785 Wing:10.5635 Bone:57.5366
Epoch [72/100] Step [280/1290] Loss:11.1351 Wing:10.9702 Bone:82.4501
Epoch [72/100] Step [300/1290] Loss:10.3792 Wing:10.2298 Bone:74.6756
Epoch [72/100] Step [320/1290] Loss:10.9230 Wing:10.8220 Bone:50.4838
Epoch [72/100] Step [340/1290] Loss:11.3496 Wing:11.2308 Bone:59.4293
Epoch [72/100] Step [360/1290] Loss:12.1671 Wing:12.0060 Bone:80.5700
Epoch [72/100] Step [380/1290] Loss:10.8922 Wing:10.7383 Bone:76.9786
Epoch [72/100] Step [400/1290] Loss:12.1596 Wing:12.0187 Bone:70.4585
Epoch [72/100] Step [420/1290] Loss:10.2392 Wing:10.1340 Bone:52.5950
Epoch [72/100] Step [440/1290] Loss:10.1397 Wing:10.0314 Bone:54.1381
Epoch [72/100] Step [460/1290] Loss:11.0308 Wing:10.8751 Bone:77.8232
Epoch [72/100] Step [480/1290] Loss:12.9055 Wing:12.5888 Bone:158.3854
Epoch [72/100] Step [500/1290] Loss:10.5720 Wing:10.4585 Bone:56.7489
Epoch [72/100] Step [520/1290] Loss:11.4977 Wing:11.3299 Bone:83.9039
Epoch [72/100] Step [540/1290] Loss:10.6428 Wing:10.5199 Bone:61.4523
Epoch [72/100] Step [560/1290] Loss:11.0501 Wing:10.8897 Bone:80.2232
Epoch [72/100] Step [580/1290] Loss:11.9385 Wing:11.7260 Bone:106.2435
Epoch [72/100] Step [600/1290] Loss:11.5477 Wing:11.4537 Bone:46.9938
Epoch [72/100] Step [620/1290] Loss:10.5361 Wing:10.4157 Bone:60.2016
Epoch [72/100] Step [640/1290] Loss:12.6185 Wing:12.4368 Bone:90.8672
Epoch [72/100] Step [660/1290] Loss:10.8333 Wing:10.7082 Bone:62.5240
Epoch [72/100] Step [680/1290] Loss:14.2592 Wing:13.9916 Bone:133.8077
Epoch [72/100] Step [700/1290] Loss:10.7133 Wing:10.5749 Bone:69.1886
Epoch [72/100] Step [720/1290] Loss:10.7587 Wing:10.5759 Bone:91.4128
Epoch [72/100] Step [740/1290] Loss:12.6543 Wing:12.3988 Bone:127.7193
Epoch [72/100] Step [760/1290] Loss:15.1378 Wing:13.9444 Bone:596.6886
Epoch [72/100] Step [780/1290] Loss:10.6841 Wing:10.5348 Bone:74.6426
Epoch [72/100] Step [800/1290] Loss:12.2621 Wing:12.0979 Bone:82.1001
Epoch [72/100] Step [820/1290] Loss:10.8794 Wing:10.7603 Bone:59.5386
Epoch [72/100] Step [840/1290] Loss:11.3017 Wing:11.1590 Bone:71.3500
Epoch [72/100] Step [860/1290] Loss:10.9961 Wing:10.7395 Bone:128.2862
Epoch [72/100] Step [880/1290] Loss:10.4401 Wing:10.3248 Bone:57.6708
Epoch [72/100] Step [900/1290] Loss:11.0839 Wing:10.9295 Bone:77.1973
Epoch [72/100] Step [920/1290] Loss:13.8646 Wing:13.5970 Bone:133.8103
Epoch [72/100] Step [940/1290] Loss:11.4309 Wing:11.2634 Bone:83.7162
Epoch [72/100] Step [960/1290] Loss:12.2698 Wing:12.0973 Bone:86.2404
Epoch [72/100] Step [980/1290] Loss:11.0648 Wing:10.9399 Bone:62.4296
Epoch [72/100] Step [1000/1290] Loss:10.6508 Wing:10.5125 Bone:69.1863
Epoch [72/100] Step [1020/1290] Loss:11.6676 Wing:11.4691 Bone:99.2397
Epoch [72/100] Step [1040/1290] Loss:11.4264 Wing:11.2950 Bone:65.7182
Epoch [72/100] Step [1060/1290] Loss:11.4278 Wing:11.2908 Bone:68.4679
Epoch [72/100] Step [1080/1290] Loss:11.4482 Wing:11.2110 Bone:118.5970
Epoch [72/100] Step [1100/1290] Loss:11.0523 Wing:10.9057 Bone:73.3221
Epoch [72/100] Step [1120/1290] Loss:11.0338 Wing:10.8926 Bone:70.6292
Epoch [72/100] Step [1140/1290] Loss:10.1388 Wing:10.0609 Bone:38.9557
Epoch [72/100] Step [1160/1290] Loss:11.4406 Wing:11.2637 Bone:88.4356
Epoch [72/100] Step [1180/1290] Loss:10.7502 Wing:10.6493 Bone:50.4311
Epoch [72/100] Step [1200/1290] Loss:10.4919 Wing:10.3502 Bone:70.8588
Epoch [72/100] Step [1220/1290] Loss:10.6679 Wing:10.5235 Bone:72.2213
Epoch [72/100] Step [1240/1290] Loss:12.2905 Wing:12.0558 Bone:117.3914
Epoch [72/100] Step [1260/1290] Loss:10.7349 Wing:10.5128 Bone:111.0507
Epoch [72/100] Step [1280/1290] Loss:12.1024 Wing:11.9058 Bone:98.3059
===> Epoch 72 | Loss:11.3514 | Wing:11.1768 | Bone:87.3324 | LR:1.89e-05 | 859.0s/epoch (1290 steps)
    Peak CUDA memory allocated so far: 1372.4 MB
Epoch [73/100] Step [0/1290] Loss:12.2352 Wing:11.7333 Bone:250.9444
Epoch [73/100] Step [20/1290] Loss:11.8584 Wing:11.6392 Bone:109.6115
Epoch [73/100] Step [40/1290] Loss:10.0411 Wing:9.9291 Bone:56.0077
Epoch [73/100] Step [60/1290] Loss:11.7485 Wing:11.5501 Bone:99.1990
Epoch [73/100] Step [80/1290] Loss:10.8600 Wing:10.7286 Bone:65.7267
Epoch [73/100] Step [100/1290] Loss:10.4238 Wing:10.2994 Bone:62.1983
Epoch [73/100] Step [120/1290] Loss:11.0775 Wing:10.9204 Bone:78.5494
Epoch [73/100] Step [140/1290] Loss:11.8079 Wing:11.5568 Bone:125.5839
Epoch [73/100] Step [160/1290] Loss:12.2950 Wing:12.0667 Bone:114.1586
Epoch [73/100] Step [180/1290] Loss:11.1118 Wing:10.9767 Bone:67.5140
Epoch [73/100] Step [200/1290] Loss:11.2338 Wing:11.0916 Bone:71.0905
Epoch [73/100] Step [220/1290] Loss:11.4749 Wing:11.3060 Bone:84.4547
Epoch [73/100] Step [240/1290] Loss:12.0571 Wing:11.8786 Bone:89.2486
Epoch [73/100] Step [260/1290] Loss:11.2185 Wing:11.0425 Bone:88.0249
Epoch [73/100] Step [280/1290] Loss:11.9170 Wing:11.6751 Bone:120.9788
Epoch [73/100] Step [300/1290] Loss:11.4243 Wing:11.2921 Bone:66.0665
Epoch [73/100] Step [320/1290] Loss:11.0411 Wing:10.9157 Bone:62.6831
Epoch [73/100] Step [340/1290] Loss:11.3235 Wing:11.1900 Bone:66.7484
Epoch [73/100] Step [360/1290] Loss:10.7279 Wing:10.5833 Bone:72.3242
Epoch [73/100] Step [380/1290] Loss:10.9777 Wing:10.8421 Bone:67.7807
Epoch [73/100] Step [400/1290] Loss:10.3543 Wing:10.2393 Bone:57.4772
Epoch [73/100] Step [420/1290] Loss:11.4756 Wing:11.2762 Bone:99.6935
Epoch [73/100] Step [440/1290] Loss:9.9801 Wing:9.8765 Bone:51.8256
Epoch [73/100] Step [460/1290] Loss:12.9659 Wing:12.3921 Bone:286.9121
Epoch [73/100] Step [480/1290] Loss:10.4963 Wing:10.3698 Bone:63.2570
Epoch [73/100] Step [500/1290] Loss:13.1476 Wing:12.7818 Bone:182.9195
Epoch [73/100] Step [520/1290] Loss:11.4566 Wing:11.3294 Bone:63.6048
Epoch [73/100] Step [540/1290] Loss:14.3960 Wing:13.8843 Bone:255.8390
Epoch [73/100] Step [560/1290] Loss:10.6777 Wing:10.5308 Bone:73.4497
Epoch [73/100] Step [580/1290] Loss:11.6584 Wing:11.5023 Bone:78.0540
Epoch [73/100] Step [600/1290] Loss:11.8024 Wing:11.6396 Bone:81.4180
Epoch [73/100] Step [620/1290] Loss:12.3313 Wing:12.0612 Bone:135.0645
Epoch [73/100] Step [640/1290] Loss:10.8250 Wing:10.6862 Bone:69.3632
Epoch [73/100] Step [660/1290] Loss:11.3578 Wing:11.1527 Bone:102.5162
Epoch [73/100] Step [680/1290] Loss:10.4815 Wing:10.3321 Bone:74.6869
Epoch [73/100] Step [700/1290] Loss:10.7249 Wing:10.5861 Bone:69.3945
Epoch [73/100] Step [720/1290] Loss:11.9154 Wing:11.7216 Bone:96.8974
Epoch [73/100] Step [740/1290] Loss:11.0259 Wing:10.8442 Bone:90.8215
Epoch [73/100] Step [760/1290] Loss:11.9028 Wing:11.5966 Bone:153.1063
Epoch [73/100] Step [780/1290] Loss:10.5926 Wing:10.4703 Bone:61.1434
Epoch [73/100] Step [800/1290] Loss:11.7538 Wing:11.5451 Bone:104.3366
Epoch [73/100] Step [820/1290] Loss:10.7500 Wing:10.6268 Bone:61.5887
Epoch [73/100] Step [840/1290] Loss:11.0242 Wing:10.8636 Bone:80.3086
Epoch [73/100] Step [860/1290] Loss:11.7825 Wing:11.6091 Bone:86.6898
Epoch [73/100] Step [880/1290] Loss:10.3968 Wing:10.2816 Bone:57.5766
Epoch [73/100] Step [900/1290] Loss:11.4232 Wing:11.2398 Bone:91.6824
Epoch [73/100] Step [920/1290] Loss:12.0752 Wing:11.8997 Bone:87.7175
Epoch [73/100] Step [940/1290] Loss:13.3845 Wing:13.1819 Bone:101.3371
Epoch [73/100] Step [960/1290] Loss:10.8476 Wing:10.7261 Bone:60.7344
Epoch [73/100] Step [980/1290] Loss:9.9138 Wing:9.8252 Bone:44.2924
Epoch [73/100] Step [1000/1290] Loss:10.5645 Wing:10.4579 Bone:53.2742
Epoch [73/100] Step [1020/1290] Loss:10.7511 Wing:10.6313 Bone:59.9135
Epoch [73/100] Step [1040/1290] Loss:11.2947 Wing:11.1260 Bone:84.3659
Epoch [73/100] Step [1060/1290] Loss:11.8247 Wing:11.6130 Bone:105.8349
Epoch [73/100] Step [1080/1290] Loss:9.6581 Wing:9.5503 Bone:53.9109
Epoch [73/100] Step [1100/1290] Loss:10.6136 Wing:10.4800 Bone:66.7796
Epoch [73/100] Step [1120/1290] Loss:11.2051 Wing:11.0275 Bone:88.8285
Epoch [73/100] Step [1140/1290] Loss:12.9964 Wing:12.7118 Bone:142.2762
Epoch [73/100] Step [1160/1290] Loss:10.5821 Wing:10.4366 Bone:72.7192
Epoch [73/100] Step [1180/1290] Loss:10.7890 Wing:10.6857 Bone:51.6354
Epoch [73/100] Step [1200/1290] Loss:11.3787 Wing:11.2479 Bone:65.3585
Epoch [73/100] Step [1220/1290] Loss:10.8092 Wing:10.7101 Bone:49.5475
Epoch [73/100] Step [1240/1290] Loss:10.2574 Wing:10.1227 Bone:67.3640
Epoch [73/100] Step [1260/1290] Loss:11.4550 Wing:11.3109 Bone:72.0463
Epoch [73/100] Step [1280/1290] Loss:11.4779 Wing:11.3045 Bone:86.6719
===> Epoch 73 | Loss:11.3307 | Wing:11.1580 | Bone:86.3131 | LR:1.78e-05 | 796.7s/epoch (1290 steps)
    Peak CUDA memory allocated so far: 1372.4 MB
Epoch [74/100] Step [0/1290] Loss:11.0628 Wing:10.9218 Bone:70.5229
Epoch [74/100] Step [20/1290] Loss:10.9940 Wing:10.7801 Bone:106.9082
Epoch [74/100] Step [40/1290] Loss:11.2541 Wing:11.0887 Bone:82.6938
Epoch [74/100] Step [60/1290] Loss:10.7475 Wing:10.6262 Bone:60.6481
Epoch [74/100] Step [80/1290] Loss:11.4122 Wing:11.2588 Bone:76.7246
Epoch [74/100] Step [100/1290] Loss:10.5755 Wing:10.4524 Bone:61.5762
Epoch [74/100] Step [120/1290] Loss:10.6095 Wing:10.5027 Bone:53.4156
Epoch [74/100] Step [140/1290] Loss:13.1320 Wing:12.7679 Bone:182.0627
Epoch [74/100] Step [160/1290] Loss:11.7856 Wing:11.5849 Bone:100.3699
Epoch [74/100] Step [180/1290] Loss:9.6049 Wing:9.5044 Bone:50.2681
Epoch [74/100] Step [200/1290] Loss:11.6107 Wing:11.4730 Bone:68.8393
Epoch [74/100] Step [220/1290] Loss:10.1868 Wing:10.0765 Bone:55.1618
Epoch [74/100] Step [240/1290] Loss:13.3829 Wing:12.9808 Bone:201.0470
Epoch [74/100] Step [260/1290] Loss:10.8732 Wing:10.7504 Bone:61.4099
Epoch [74/100] Step [280/1290] Loss:13.3348 Wing:12.9607 Bone:187.0774
Epoch [74/100] Step [300/1290] Loss:11.1534 Wing:10.9622 Bone:95.5817
Epoch [74/100] Step [320/1290] Loss:11.3560 Wing:11.1423 Bone:106.8580
Epoch [74/100] Step [340/1290] Loss:12.3341 Wing:12.1174 Bone:108.3581
Epoch [74/100] Step [360/1290] Loss:10.5843 Wing:10.4480 Bone:68.1538
Epoch [74/100] Step [380/1290] Loss:11.7153 Wing:11.5337 Bone:90.7722
Epoch [74/100] Step [400/1290] Loss:11.6184 Wing:11.4201 Bone:99.1948
Epoch [74/100] Step [420/1290] Loss:11.9225 Wing:11.7602 Bone:81.1732
Epoch [74/100] Step [440/1290] Loss:11.3017 Wing:11.1304 Bone:85.6490
Epoch [74/100] Step [460/1290] Loss:12.2113 Wing:12.0013 Bone:105.0107
Epoch [74/100] Step [480/1290] Loss:10.5411 Wing:10.4392 Bone:50.9570
Epoch [74/100] Step [500/1290] Loss:10.1094 Wing:10.0076 Bone:50.9007
Epoch [74/100] Step [520/1290] Loss:9.8481 Wing:9.7562 Bone:45.9643
Epoch [74/100] Step [540/1290] Loss:12.0443 Wing:11.8623 Bone:91.0160
Epoch [74/100] Step [560/1290] Loss:11.3347 Wing:11.1907 Bone:72.0018
Epoch [74/100] Step [580/1290] Loss:11.8267 Wing:11.6250 Bone:100.8673
Epoch [74/100] Step [600/1290] Loss:11.6618 Wing:11.4778 Bone:91.9841
Epoch [74/100] Step [620/1290] Loss:12.1586 Wing:11.9619 Bone:98.3854
Epoch [74/100] Step [640/1290] Loss:14.2434 Wing:13.8825 Bone:180.4751
Epoch [74/100] Step [660/1290] Loss:11.8299 Wing:11.5262 Bone:151.8405
Epoch [74/100] Step [680/1290] Loss:11.0076 Wing:10.8554 Bone:76.0982
Epoch [74/100] Step [700/1290] Loss:10.9393 Wing:10.7890 Bone:75.1695
Epoch [74/100] Step [720/1290] Loss:11.3044 Wing:11.1476 Bone:78.4034
Epoch [74/100] Step [740/1290] Loss:10.8222 Wing:10.7061 Bone:58.0390
Epoch [74/100] Step [760/1290] Loss:11.8509 Wing:11.6888 Bone:81.0707
Epoch [74/100] Step [780/1290] Loss:10.8629 Wing:10.7011 Bone:80.9243
Epoch [74/100] Step [800/1290] Loss:11.7061 Wing:11.5099 Bone:98.1002
Epoch [74/100] Step [820/1290] Loss:12.4839 Wing:12.3176 Bone:83.1536
Epoch [74/100] Step [840/1290] Loss:11.1850 Wing:11.0300 Bone:77.4983
Epoch [74/100] Step [860/1290] Loss:11.3332 Wing:11.1392 Bone:97.0450
Epoch [74/100] Step [880/1290] Loss:10.8522 Wing:10.6996 Bone:76.2976
Epoch [74/100] Step [900/1290] Loss:12.8837 Wing:12.6647 Bone:109.5121
Epoch [74/100] Step [920/1290] Loss:10.9474 Wing:10.7605 Bone:93.4833
Epoch [74/100] Step [940/1290] Loss:10.7447 Wing:10.6135 Bone:65.5752
Epoch [74/100] Step [960/1290] Loss:11.4039 Wing:11.1460 Bone:128.9440
Epoch [74/100] Step [980/1290] Loss:11.8642 Wing:11.6902 Bone:87.0415
Epoch [74/100] Step [1000/1290] Loss:9.8844 Wing:9.7939 Bone:45.2540
Epoch [74/100] Step [1020/1290] Loss:11.8877 Wing:11.7395 Bone:74.1391
Epoch [74/100] Step [1040/1290] Loss:11.0265 Wing:10.9189 Bone:53.8033
Epoch [74/100] Step [1060/1290] Loss:10.3562 Wing:10.2328 Bone:61.6856
Epoch [74/100] Step [1080/1290] Loss:11.0552 Wing:10.9421 Bone:56.5348
Epoch [74/100] Step [1100/1290] Loss:10.6209 Wing:10.5066 Bone:57.1402
Epoch [74/100] Step [1120/1290] Loss:11.4980 Wing:11.3617 Bone:68.1825
Epoch [74/100] Step [1140/1290] Loss:10.4385 Wing:10.3217 Bone:58.3995
Epoch [74/100] Step [1160/1290] Loss:10.3356 Wing:10.2288 Bone:53.4294
Epoch [74/100] Step [1180/1290] Loss:10.2309 Wing:10.1241 Bone:53.4089
Epoch [74/100] Step [1200/1290] Loss:11.5908 Wing:11.4092 Bone:90.8012
Epoch [74/100] Step [1220/1290] Loss:11.3616 Wing:11.2082 Bone:76.6898
Epoch [74/100] Step [1240/1290] Loss:10.3246 Wing:10.2253 Bone:49.6573
Epoch [74/100] Step [1260/1290] Loss:11.9550 Wing:11.6743 Bone:140.3586
Epoch [74/100] Step [1280/1290] Loss:10.8844 Wing:10.7443 Bone:70.0753
===> Epoch 74 | Loss:11.3499 | Wing:11.1738 | Bone:88.0599 | LR:1.66e-05 | 783.4s/epoch (1290 steps)
    Peak CUDA memory allocated so far: 1372.4 MB
Epoch [75/100] Step [0/1290] Loss:11.3520 Wing:11.1613 Bone:95.3408
Epoch [75/100] Step [20/1290] Loss:10.4859 Wing:10.3661 Bone:59.8752
Epoch [75/100] Step [40/1290] Loss:12.2294 Wing:12.0276 Bone:100.8941
Epoch [75/100] Step [60/1290] Loss:11.3516 Wing:11.1658 Bone:92.9215
Epoch [75/100] Step [80/1290] Loss:9.8800 Wing:9.7742 Bone:52.9213
Epoch [75/100] Step [100/1290] Loss:11.2926 Wing:11.1406 Bone:75.9654
Epoch [75/100] Step [120/1290] Loss:10.4170 Wing:10.3127 Bone:52.1863
Epoch [75/100] Step [140/1290] Loss:10.9668 Wing:10.8569 Bone:54.9167
Epoch [75/100] Step [160/1290] Loss:10.7134 Wing:10.5833 Bone:65.0294
Epoch [75/100] Step [180/1290] Loss:12.9513 Wing:12.6261 Bone:162.6191
Epoch [75/100] Step [200/1290] Loss:10.5957 Wing:10.4529 Bone:71.4079
Epoch [75/100] Step [220/1290] Loss:11.3618 Wing:11.1016 Bone:130.0954
Epoch [75/100] Step [240/1290] Loss:11.2573 Wing:11.1012 Bone:78.0153
Epoch [75/100] Step [260/1290] Loss:10.7655 Wing:10.6226 Bone:71.4601
Epoch [75/100] Step [280/1290] Loss:10.8365 Wing:10.6976 Bone:69.4469
Epoch [75/100] Step [300/1290] Loss:12.1318 Wing:11.9624 Bone:84.7412
Epoch [75/100] Step [320/1290] Loss:11.0299 Wing:10.9102 Bone:59.8768
Epoch [75/100] Step [340/1290] Loss:13.5915 Wing:13.2479 Bone:171.8368
Epoch [75/100] Step [360/1290] Loss:11.7237 Wing:11.4958 Bone:113.9892
Epoch [75/100] Step [380/1290] Loss:10.5028 Wing:10.3864 Bone:58.2045
Epoch [75/100] Step [400/1290] Loss:10.7216 Wing:10.5698 Bone:75.9115
Epoch [75/100] Step [420/1290] Loss:11.9400 Wing:11.7225 Bone:108.7033
Epoch [75/100] Step [440/1290] Loss:11.5121 Wing:11.3272 Bone:92.4238
Epoch [75/100] Step [460/1290] Loss:11.5119 Wing:11.4085 Bone:51.7106
Epoch [75/100] Step [480/1290] Loss:10.7754 Wing:10.6269 Bone:74.2412
Epoch [75/100] Step [500/1290] Loss:10.2786 Wing:10.1724 Bone:53.1098
Epoch [75/100] Step [520/1290] Loss:11.8411 Wing:11.5842 Bone:128.4048
Epoch [75/100] Step [540/1290] Loss:12.5104 Wing:12.3183 Bone:96.0481
Epoch [75/100] Step [560/1290] Loss:10.1396 Wing:10.0192 Bone:60.1933
Epoch [75/100] Step [580/1290] Loss:10.9446 Wing:10.7668 Bone:88.8900
Epoch [75/100] Step [600/1290] Loss:11.4677 Wing:11.2641 Bone:101.7902
Epoch [75/100] Step [620/1290] Loss:11.3784 Wing:11.1841 Bone:97.1479
Epoch [75/100] Step [640/1290] Loss:10.4251 Wing:10.2967 Bone:64.2126
Epoch [75/100] Step [660/1290] Loss:12.9894 Wing:12.7082 Bone:140.5693
Epoch [75/100] Step [680/1290] Loss:11.2795 Wing:11.1001 Bone:89.7084
Epoch [75/100] Step [700/1290] Loss:11.1946 Wing:11.0771 Bone:58.7406
Epoch [75/100] Step [720/1290] Loss:11.0934 Wing:10.8999 Bone:96.7708
Epoch [75/100] Step [740/1290] Loss:11.5841 Wing:11.4326 Bone:75.7929
Epoch [75/100] Step [760/1290] Loss:12.3294 Wing:12.1479 Bone:90.7683
Epoch [75/100] Step [780/1290] Loss:10.9175 Wing:10.7776 Bone:69.9872
Epoch [75/100] Step [800/1290] Loss:10.1711 Wing:10.0575 Bone:56.7938
Epoch [75/100] Step [820/1290] Loss:11.3411 Wing:11.2115 Bone:64.8056
Epoch [75/100] Step [840/1290] Loss:10.6606 Wing:10.5103 Bone:75.1554
Epoch [75/100] Step [860/1290] Loss:11.7850 Wing:11.6143 Bone:85.3840
Epoch [75/100] Step [880/1290] Loss:11.8629 Wing:11.6672 Bone:97.8230
Epoch [75/100] Step [900/1290] Loss:12.1017 Wing:11.9324 Bone:84.6183
Epoch [75/100] Step [920/1290] Loss:11.5000 Wing:11.3189 Bone:90.5599
Epoch [75/100] Step [940/1290] Loss:10.1402 Wing:10.0079 Bone:66.1275
Epoch [75/100] Step [960/1290] Loss:11.2855 Wing:11.0917 Bone:96.8578
Epoch [75/100] Step [980/1290] Loss:12.8628 Wing:12.5949 Bone:133.9359
Epoch [75/100] Step [1000/1290] Loss:11.5093 Wing:11.3790 Bone:65.1641
Epoch [75/100] Step [1020/1290] Loss:11.3965 Wing:11.2235 Bone:86.4997
Epoch [75/100] Step [1040/1290] Loss:10.4657 Wing:10.3384 Bone:63.6867
Epoch [75/100] Step [1060/1290] Loss:10.8973 Wing:10.7624 Bone:67.4187
Epoch [75/100] Step [1080/1290] Loss:11.0499 Wing:10.9290 Bone:60.4081
Epoch [75/100] Step [1100/1290] Loss:11.2027 Wing:11.0747 Bone:64.0126
Epoch [75/100] Step [1120/1290] Loss:10.9435 Wing:10.8133 Bone:65.1014
Epoch [75/100] Step [1140/1290] Loss:10.0731 Wing:9.9764 Bone:48.3674
Epoch [75/100] Step [1160/1290] Loss:12.4235 Wing:12.0729 Bone:175.2960
Epoch [75/100] Step [1180/1290] Loss:12.4165 Wing:12.2169 Bone:99.7750
Epoch [75/100] Step [1200/1290] Loss:11.3539 Wing:11.1835 Bone:85.1956
Epoch [75/100] Step [1220/1290] Loss:10.6310 Wing:10.4868 Bone:72.0734
Epoch [75/100] Step [1240/1290] Loss:9.9470 Wing:9.8515 Bone:47.7461
Epoch [75/100] Step [1260/1290] Loss:11.4499 Wing:11.3037 Bone:73.1121
Epoch [75/100] Step [1280/1290] Loss:10.6031 Wing:10.4669 Bone:68.0992
===> Epoch 75 | Loss:11.2962 | Wing:11.1235 | Bone:86.3242 | LR:1.55e-05 | 846.4s/epoch (1290 steps)
    Peak CUDA memory allocated so far: 1372.4 MB
    >>> MONITOR (V2-style, rhd_test.json subset) (n=200, 9.3s) PCK@0.2: 0.9571 | AUC: 0.8861 | MPJPE: 14.64px
    >>> No improvement (3/5)
Epoch [76/100] Step [0/1290] Loss:12.7963 Wing:12.6390 Bone:78.6264
Epoch [76/100] Step [20/1290] Loss:12.2426 Wing:11.9847 Bone:128.9509
Epoch [76/100] Step [40/1290] Loss:12.3608 Wing:12.2171 Bone:71.8496
Epoch [76/100] Step [60/1290] Loss:11.6276 Wing:11.3932 Bone:117.1992
Epoch [76/100] Step [80/1290] Loss:11.1517 Wing:11.0037 Bone:73.9733
Epoch [76/100] Step [100/1290] Loss:11.9872 Wing:11.7943 Bone:96.4769
Epoch [76/100] Step [120/1290] Loss:10.6340 Wing:10.5084 Bone:62.8238
Epoch [76/100] Step [140/1290] Loss:11.1142 Wing:10.9911 Bone:61.5349
Epoch [76/100] Step [160/1290] Loss:10.8364 Wing:10.7230 Bone:56.6886
Epoch [76/100] Step [180/1290] Loss:11.4991 Wing:11.3694 Bone:64.8705
Epoch [76/100] Step [200/1290] Loss:10.7947 Wing:10.6522 Bone:71.2211
Epoch [76/100] Step [220/1290] Loss:11.1742 Wing:11.0268 Bone:73.7189
Epoch [76/100] Step [240/1290] Loss:12.3786 Wing:12.1343 Bone:122.1445
Epoch [76/100] Step [260/1290] Loss:11.5975 Wing:11.3656 Bone:115.9513
Epoch [76/100] Step [280/1290] Loss:11.9916 Wing:11.7001 Bone:145.7633
Epoch [76/100] Step [300/1290] Loss:11.4606 Wing:11.3126 Bone:73.9838
Epoch [76/100] Step [320/1290] Loss:11.5623 Wing:11.3431 Bone:109.6071
Epoch [76/100] Step [340/1290] Loss:11.1919 Wing:11.0318 Bone:80.0631
Epoch [76/100] Step [360/1290] Loss:10.8079 Wing:10.6597 Bone:74.1314
Epoch [76/100] Step [380/1290] Loss:10.5205 Wing:10.3905 Bone:65.0148
Epoch [76/100] Step [400/1290] Loss:11.1163 Wing:10.9837 Bone:66.2970
Epoch [76/100] Step [420/1290] Loss:11.1658 Wing:10.9623 Bone:101.7704
Epoch [76/100] Step [440/1290] Loss:11.5636 Wing:11.2907 Bone:136.4972
Epoch [76/100] Step [460/1290] Loss:10.0469 Wing:9.9576 Bone:44.6544
Epoch [76/100] Step [480/1290] Loss:11.4417 Wing:11.2706 Bone:85.5267
Epoch [76/100] Step [500/1290] Loss:11.0238 Wing:10.8501 Bone:86.8292
Epoch [76/100] Step [520/1290] Loss:10.7391 Wing:10.6058 Bone:66.6464
Epoch [76/100] Step [540/1290] Loss:10.7842 Wing:10.6638 Bone:60.2123
Epoch [76/100] Step [560/1290] Loss:10.4632 Wing:10.3562 Bone:53.5122
Epoch [76/100] Step [580/1290] Loss:10.7623 Wing:10.5967 Bone:82.8005
Epoch [76/100] Step [600/1290] Loss:10.1930 Wing:10.0938 Bone:49.5701
Epoch [76/100] Step [620/1290] Loss:10.1212 Wing:10.0392 Bone:40.9595
Epoch [76/100] Step [640/1290] Loss:10.8337 Wing:10.6940 Bone:69.8212
Epoch [76/100] Step [660/1290] Loss:10.9003 Wing:10.7132 Bone:93.5516
Epoch [76/100] Step [680/1290] Loss:11.7041 Wing:11.4976 Bone:103.2611
Epoch [76/100] Step [700/1290] Loss:10.2583 Wing:10.1037 Bone:77.2980
Epoch [76/100] Step [720/1290] Loss:11.9551 Wing:11.7162 Bone:119.4820
Epoch [76/100] Step [740/1290] Loss:11.6523 Wing:11.4260 Bone:113.1229
Epoch [76/100] Step [760/1290] Loss:10.5134 Wing:10.4013 Bone:56.0406
Epoch [76/100] Step [780/1290] Loss:12.4553 Wing:12.1732 Bone:141.0340
Epoch [76/100] Step [800/1290] Loss:10.2216 Wing:10.1167 Bone:52.4507
Epoch [76/100] Step [820/1290] Loss:12.2155 Wing:11.9897 Bone:112.9119
Epoch [76/100] Step [840/1290] Loss:11.7143 Wing:11.5011 Bone:106.6242
Epoch [76/100] Step [860/1290] Loss:11.8557 Wing:11.7074 Bone:74.1611
Epoch [76/100] Step [880/1290] Loss:14.8640 Wing:14.4031 Bone:230.4513
Epoch [76/100] Step [900/1290] Loss:10.2346 Wing:10.0973 Bone:68.6928
Epoch [76/100] Step [920/1290] Loss:10.2157 Wing:10.0813 Bone:67.2021
Epoch [76/100] Step [940/1290] Loss:10.8856 Wing:10.7620 Bone:61.7807
Epoch [76/100] Step [960/1290] Loss:10.2906 Wing:10.1704 Bone:60.0961
Epoch [76/100] Step [980/1290] Loss:13.2223 Wing:12.9252 Bone:148.5572
Epoch [76/100] Step [1000/1290] Loss:10.0867 Wing:9.9817 Bone:52.4947
Epoch [76/100] Step [1020/1290] Loss:11.7834 Wing:11.6157 Bone:83.8662
Epoch [76/100] Step [1040/1290] Loss:12.1904 Wing:12.0269 Bone:81.7381
Epoch [76/100] Step [1060/1290] Loss:11.3575 Wing:11.1829 Bone:87.2931
Epoch [76/100] Step [1080/1290] Loss:11.2434 Wing:11.1230 Bone:60.2381
Epoch [76/100] Step [1100/1290] Loss:10.8547 Wing:10.7219 Bone:66.3792
Epoch [76/100] Step [1120/1290] Loss:11.4311 Wing:11.2287 Bone:101.2206
Epoch [76/100] Step [1140/1290] Loss:11.8645 Wing:11.6392 Bone:112.6514
Epoch [76/100] Step [1160/1290] Loss:12.1262 Wing:11.8261 Bone:150.0602
Epoch [76/100] Step [1180/1290] Loss:10.0005 Wing:9.8808 Bone:59.8319
Epoch [76/100] Step [1200/1290] Loss:11.7155 Wing:11.5441 Bone:85.7057
Epoch [76/100] Step [1220/1290] Loss:11.5428 Wing:11.2463 Bone:148.2411
Epoch [76/100] Step [1240/1290] Loss:10.5720 Wing:10.4680 Bone:51.9734
Epoch [76/100] Step [1260/1290] Loss:11.9057 Wing:11.6250 Bone:140.3840
Epoch [76/100] Step [1280/1290] Loss:11.2482 Wing:11.1113 Bone:68.4266
===> Epoch 76 | Loss:11.2434 | Wing:11.0722 | Bone:85.5615 | LR:1.44e-05 | 821.7s/epoch (1290 steps)
    Peak CUDA memory allocated so far: 1372.4 MB
Epoch [77/100] Step [0/1290] Loss:11.3944 Wing:11.2611 Bone:66.6226
Epoch [77/100] Step [20/1290] Loss:11.1938 Wing:11.0517 Bone:71.0324
Epoch [77/100] Step [40/1290] Loss:11.6786 Wing:11.4538 Bone:112.4086
Epoch [77/100] Step [60/1290] Loss:13.0825 Wing:12.7238 Bone:179.3877
Epoch [77/100] Step [80/1290] Loss:11.3641 Wing:11.1980 Bone:83.0476
Epoch [77/100] Step [100/1290] Loss:9.6429 Wing:9.5252 Bone:58.8799
Epoch [77/100] Step [120/1290] Loss:9.9215 Wing:9.8397 Bone:40.8911
Epoch [77/100] Step [140/1290] Loss:9.8249 Wing:9.7042 Bone:60.3488
Epoch [77/100] Step [160/1290] Loss:10.8722 Wing:10.7562 Bone:58.0071
Epoch [77/100] Step [180/1290] Loss:11.0947 Wing:10.9190 Bone:87.8535
Epoch [77/100] Step [200/1290] Loss:11.4562 Wing:11.3163 Bone:69.9490
Epoch [77/100] Step [220/1290] Loss:11.7655 Wing:11.6084 Bone:78.5855
Epoch [77/100] Step [240/1290] Loss:11.0461 Wing:10.9013 Bone:72.4030
Epoch [77/100] Step [260/1290] Loss:13.7464 Wing:13.1632 Bone:291.6108
Epoch [77/100] Step [280/1290] Loss:11.6062 Wing:11.4440 Bone:81.1309
Epoch [77/100] Step [300/1290] Loss:10.5022 Wing:10.3904 Bone:55.8741
Epoch [77/100] Step [320/1290] Loss:10.9055 Wing:10.7665 Bone:69.5074
Epoch [77/100] Step [340/1290] Loss:10.0799 Wing:9.9811 Bone:49.4144
Epoch [77/100] Step [360/1290] Loss:11.3057 Wing:11.1534 Bone:76.1449
Epoch [77/100] Step [380/1290] Loss:11.2109 Wing:11.0650 Bone:72.9180
Epoch [77/100] Step [400/1290] Loss:11.2131 Wing:11.0581 Bone:77.4900
Epoch [77/100] Step [420/1290] Loss:10.7562 Wing:10.6391 Bone:58.5842
Epoch [77/100] Step [440/1290] Loss:10.7626 Wing:10.6024 Bone:80.1179
Epoch [77/100] Step [460/1290] Loss:10.2504 Wing:10.1344 Bone:57.9892
Epoch [77/100] Step [480/1290] Loss:10.9005 Wing:10.7771 Bone:61.6674
Epoch [77/100] Step [500/1290] Loss:10.7835 Wing:10.6505 Bone:66.5358
Epoch [77/100] Step [520/1290] Loss:11.3504 Wing:11.2134 Bone:68.4636
Epoch [77/100] Step [540/1290] Loss:10.3099 Wing:10.1652 Bone:72.3380
Epoch [77/100] Step [560/1290] Loss:10.3887 Wing:10.2933 Bone:47.7056
Epoch [77/100] Step [580/1290] Loss:10.9994 Wing:10.8515 Bone:73.9289
Epoch [77/100] Step [600/1290] Loss:10.6346 Wing:10.5005 Bone:67.0757
Epoch [77/100] Step [620/1290] Loss:10.7877 Wing:10.6561 Bone:65.7866
Epoch [77/100] Step [640/1290] Loss:11.4949 Wing:11.2640 Bone:115.4540
Epoch [77/100] Step [660/1290] Loss:10.4529 Wing:10.3560 Bone:48.4328
Epoch [77/100] Step [680/1290] Loss:11.0833 Wing:10.9862 Bone:48.5282
Epoch [77/100] Step [700/1290] Loss:11.0386 Wing:10.9010 Bone:68.7687
Epoch [77/100] Step [720/1290] Loss:11.6178 Wing:11.3808 Bone:118.4701
Epoch [77/100] Step [740/1290] Loss:11.8639 Wing:11.6446 Bone:109.6528
Epoch [77/100] Step [760/1290] Loss:11.0576 Wing:10.9044 Bone:76.6291
Epoch [77/100] Step [780/1290] Loss:12.4150 Wing:12.2024 Bone:106.3015
Epoch [77/100] Step [800/1290] Loss:11.1105 Wing:10.9278 Bone:91.3486
Epoch [77/100] Step [820/1290] Loss:10.7864 Wing:10.5840 Bone:101.2275
Epoch [77/100] Step [840/1290] Loss:10.3274 Wing:10.2281 Bone:49.6585
Epoch [77/100] Step [860/1290] Loss:11.3009 Wing:11.1466 Bone:77.1533
Epoch [77/100] Step [880/1290] Loss:10.2171 Wing:10.1053 Bone:55.9078
Epoch [77/100] Step [900/1290] Loss:11.9630 Wing:11.7419 Bone:110.5542
Epoch [77/100] Step [920/1290] Loss:10.6346 Wing:10.5181 Bone:58.2369
Epoch [77/100] Step [940/1290] Loss:10.6415 Wing:10.5192 Bone:61.1199
Epoch [77/100] Step [960/1290] Loss:11.6530 Wing:11.4864 Bone:83.2887
Epoch [77/100] Step [980/1290] Loss:11.0610 Wing:10.9090 Bone:76.0108
Epoch [77/100] Step [1000/1290] Loss:10.5466 Wing:10.4612 Bone:42.7023
Epoch [77/100] Step [1020/1290] Loss:11.7507 Wing:11.5801 Bone:85.3260
Epoch [77/100] Step [1040/1290] Loss:10.2250 Wing:10.1012 Bone:61.9028
Epoch [77/100] Step [1060/1290] Loss:10.7265 Wing:10.5944 Bone:66.0858
Epoch [77/100] Step [1080/1290] Loss:10.2824 Wing:10.1945 Bone:43.9675
Epoch [77/100] Step [1100/1290] Loss:11.0988 Wing:10.9038 Bone:97.4695
Epoch [77/100] Step [1120/1290] Loss:11.0608 Wing:10.9096 Bone:75.6082
Epoch [77/100] Step [1140/1290] Loss:12.3130 Wing:12.1293 Bone:91.8584
Epoch [77/100] Step [1160/1290] Loss:10.5768 Wing:10.4575 Bone:59.6398
Epoch [77/100] Step [1180/1290] Loss:10.8735 Wing:10.7137 Bone:79.9131
Epoch [77/100] Step [1200/1290] Loss:11.6996 Wing:11.5216 Bone:89.0132
Epoch [77/100] Step [1220/1290] Loss:10.9960 Wing:10.8522 Bone:71.9018
Epoch [77/100] Step [1240/1290] Loss:11.1579 Wing:10.9842 Bone:86.8211
Epoch [77/100] Step [1260/1290] Loss:11.7786 Wing:11.6439 Bone:67.3793
Epoch [77/100] Step [1280/1290] Loss:10.6346 Wing:10.5037 Bone:65.4238
===> Epoch 77 | Loss:11.2739 | Wing:11.1011 | Bone:86.3966 | LR:1.34e-05 | 996.7s/epoch (1290 steps)
    Peak CUDA memory allocated so far: 1372.4 MB
Epoch [78/100] Step [0/1290] Loss:13.8212 Wing:13.5002 Bone:160.5154
Epoch [78/100] Step [20/1290] Loss:12.1728 Wing:11.9116 Bone:130.5925
Epoch [78/100] Step [40/1290] Loss:10.3039 Wing:10.1861 Bone:58.8980
Epoch [78/100] Step [60/1290] Loss:12.1527 Wing:11.9017 Bone:125.4935
Epoch [78/100] Step [80/1290] Loss:12.3711 Wing:12.1776 Bone:96.7184
Epoch [78/100] Step [100/1290] Loss:12.5766 Wing:12.3673 Bone:104.6449
Epoch [78/100] Step [120/1290] Loss:13.4620 Wing:13.2095 Bone:126.2525
Epoch [78/100] Step [140/1290] Loss:10.4486 Wing:10.3163 Bone:66.1920
Epoch [78/100] Step [160/1290] Loss:11.7600 Wing:11.5737 Bone:93.1375
Epoch [78/100] Step [180/1290] Loss:10.3296 Wing:10.2076 Bone:61.0177
Epoch [78/100] Step [200/1290] Loss:12.0595 Wing:11.8029 Bone:128.3022
Epoch [78/100] Step [220/1290] Loss:10.8705 Wing:10.6968 Bone:86.8738
Epoch [78/100] Step [240/1290] Loss:11.1253 Wing:11.0104 Bone:57.4272
Epoch [78/100] Step [260/1290] Loss:10.3759 Wing:10.2622 Bone:56.8501
Epoch [78/100] Step [280/1290] Loss:11.4440 Wing:11.2927 Bone:75.6009
Epoch [78/100] Step [300/1290] Loss:10.6059 Wing:10.4610 Bone:72.4589
Epoch [78/100] Step [320/1290] Loss:10.6285 Wing:10.4798 Bone:74.3228
Epoch [78/100] Step [340/1290] Loss:12.9957 Wing:12.7591 Bone:118.3127
Epoch [78/100] Step [360/1290] Loss:13.0371 Wing:12.5381 Bone:249.4944
Epoch [78/100] Step [380/1290] Loss:11.2923 Wing:11.1420 Bone:75.1613
Epoch [78/100] Step [400/1290] Loss:10.6350 Wing:10.5128 Bone:61.1000
Epoch [78/100] Step [420/1290] Loss:10.5959 Wing:10.4454 Bone:75.2386
Epoch [78/100] Step [440/1290] Loss:10.5966 Wing:10.4665 Bone:65.0176
Epoch [78/100] Step [460/1290] Loss:13.5141 Wing:13.2286 Bone:142.7667
Epoch [78/100] Step [480/1290] Loss:9.9379 Wing:9.8324 Bone:52.7166
Epoch [78/100] Step [500/1290] Loss:10.5086 Wing:10.3404 Bone:84.1068
Epoch [78/100] Step [520/1290] Loss:11.0045 Wing:10.8415 Bone:81.4990
Epoch [78/100] Step [540/1290] Loss:9.9253 Wing:9.8308 Bone:47.2425
Epoch [78/100] Step [560/1290] Loss:11.4454 Wing:11.2008 Bone:122.2843
Epoch [78/100] Step [580/1290] Loss:10.0277 Wing:9.8834 Bone:72.1611
Epoch [78/100] Step [600/1290] Loss:11.0316 Wing:10.9197 Bone:55.9591
Epoch [78/100] Step [620/1290] Loss:10.8436 Wing:10.6929 Bone:75.3168
Epoch [78/100] Step [640/1290] Loss:10.1082 Wing:10.0164 Bone:45.8988
Epoch [78/100] Step [660/1290] Loss:11.2687 Wing:11.1234 Bone:72.6709
Epoch [78/100] Step [680/1290] Loss:12.4996 Wing:12.2804 Bone:109.6265
Epoch [78/100] Step [700/1290] Loss:12.1055 Wing:11.9164 Bone:94.5663
Epoch [78/100] Step [720/1290] Loss:11.7696 Wing:11.5434 Bone:113.0666
Epoch [78/100] Step [740/1290] Loss:11.8445 Wing:11.6488 Bone:97.8502
Epoch [78/100] Step [760/1290] Loss:12.9390 Wing:12.6977 Bone:120.6689
Epoch [78/100] Step [780/1290] Loss:11.6273 Wing:11.4365 Bone:95.3925
Epoch [78/100] Step [800/1290] Loss:10.4879 Wing:10.3711 Bone:58.3701
Epoch [78/100] Step [820/1290] Loss:11.6360 Wing:11.4797 Bone:78.1408
Epoch [78/100] Step [840/1290] Loss:11.2692 Wing:11.1029 Bone:83.1467
Epoch [78/100] Step [860/1290] Loss:12.2032 Wing:11.9640 Bone:119.6172
Epoch [78/100] Step [880/1290] Loss:10.9410 Wing:10.8079 Bone:66.5696
Epoch [78/100] Step [900/1290] Loss:11.0213 Wing:10.8641 Bone:78.5941
Epoch [78/100] Step [920/1290] Loss:12.4922 Wing:12.2777 Bone:107.2504
Epoch [78/100] Step [940/1290] Loss:17.1512 Wing:15.8995 Bone:625.8441
Epoch [78/100] Step [960/1290] Loss:11.1632 Wing:10.9910 Bone:86.1358
Epoch [78/100] Step [980/1290] Loss:12.3144 Wing:12.1203 Bone:97.0214
Epoch [78/100] Step [1000/1290] Loss:11.1316 Wing:10.9877 Bone:71.9381
Epoch [78/100] Step [1020/1290] Loss:11.2449 Wing:11.1163 Bone:64.2752
Epoch [78/100] Step [1040/1290] Loss:10.8123 Wing:10.5915 Bone:110.3804
Epoch [78/100] Step [1060/1290] Loss:13.1692 Wing:12.9233 Bone:122.9759
Epoch [78/100] Step [1080/1290] Loss:11.1546 Wing:10.9920 Bone:81.2985
Epoch [78/100] Step [1100/1290] Loss:13.6706 Wing:13.3541 Bone:158.2569
Epoch [78/100] Step [1120/1290] Loss:10.9466 Wing:10.8138 Bone:66.3871
Epoch [78/100] Step [1140/1290] Loss:15.0937 Wing:14.6846 Bone:204.5338
Epoch [78/100] Step [1160/1290] Loss:11.7860 Wing:11.5629 Bone:111.5456
Epoch [78/100] Step [1180/1290] Loss:11.2010 Wing:11.0465 Bone:77.2623
Epoch [78/100] Step [1200/1290] Loss:10.9310 Wing:10.7919 Bone:69.5498
Epoch [78/100] Step [1220/1290] Loss:10.5315 Wing:10.4184 Bone:56.5559
Epoch [78/100] Step [1240/1290] Loss:10.9869 Wing:10.8741 Bone:56.3935
Epoch [78/100] Step [1260/1290] Loss:11.8067 Wing:11.5856 Bone:110.5560
Epoch [78/100] Step [1280/1290] Loss:11.3216 Wing:11.1867 Bone:67.4625
===> Epoch 78 | Loss:11.2360 | Wing:11.0647 | Bone:85.6421 | LR:1.24e-05 | 871.6s/epoch (1290 steps)
    Peak CUDA memory allocated so far: 1372.4 MB
Epoch [79/100] Step [0/1290] Loss:10.2886 Wing:10.1639 Bone:62.3481
Epoch [79/100] Step [20/1290] Loss:10.0947 Wing:9.9865 Bone:54.1024
Epoch [79/100] Step [40/1290] Loss:11.9363 Wing:11.6684 Bone:133.9328
Epoch [79/100] Step [60/1290] Loss:9.4765 Wing:9.3790 Bone:48.7311
Epoch [79/100] Step [80/1290] Loss:11.9177 Wing:11.6880 Bone:114.8697
Epoch [79/100] Step [100/1290] Loss:12.3883 Wing:12.1432 Bone:122.5065
Epoch [79/100] Step [120/1290] Loss:11.1488 Wing:11.0003 Bone:74.2596
Epoch [79/100] Step [140/1290] Loss:10.3426 Wing:10.2490 Bone:46.7719
Epoch [79/100] Step [160/1290] Loss:10.6680 Wing:10.5286 Bone:69.7098
Epoch [79/100] Step [180/1290] Loss:11.2391 Wing:11.0660 Bone:86.5242
Epoch [79/100] Step [200/1290] Loss:10.7656 Wing:10.6370 Bone:64.2985
Epoch [79/100] Step [220/1290] Loss:10.2209 Wing:10.1293 Bone:45.7696
Epoch [79/100] Step [240/1290] Loss:12.3682 Wing:12.1180 Bone:125.0961
Epoch [79/100] Step [260/1290] Loss:11.0597 Wing:10.8896 Bone:85.0524
Epoch [79/100] Step [280/1290] Loss:10.8023 Wing:10.6789 Bone:61.6729
Epoch [79/100] Step [300/1290] Loss:9.8325 Wing:9.7480 Bone:42.2907
Epoch [79/100] Step [320/1290] Loss:12.6704 Wing:12.4353 Bone:117.5536
Epoch [79/100] Step [340/1290] Loss:10.7866 Wing:10.6306 Bone:78.0242
Epoch [79/100] Step [360/1290] Loss:10.3963 Wing:10.2766 Bone:59.8494
Epoch [79/100] Step [380/1290] Loss:14.5944 Wing:13.6061 Bone:494.1175
Epoch [79/100] Step [400/1290] Loss:11.6244 Wing:11.4907 Bone:66.8518
Epoch [79/100] Step [420/1290] Loss:9.8428 Wing:9.7165 Bone:63.1423
Epoch [79/100] Step [440/1290] Loss:10.3143 Wing:10.1892 Bone:62.5649
Epoch [79/100] Step [460/1290] Loss:11.2272 Wing:11.0336 Bone:96.8285
Epoch [79/100] Step [480/1290] Loss:11.0689 Wing:10.9286 Bone:70.1300
Epoch [79/100] Step [500/1290] Loss:10.3181 Wing:10.2085 Bone:54.7892
Epoch [79/100] Step [520/1290] Loss:11.5152 Wing:11.3773 Bone:68.9581
Epoch [79/100] Step [540/1290] Loss:12.4388 Wing:12.1935 Bone:122.6568
Epoch [79/100] Step [560/1290] Loss:9.8436 Wing:9.7072 Bone:68.2348
Epoch [79/100] Step [580/1290] Loss:11.2034 Wing:11.0324 Bone:85.5192
Epoch [79/100] Step [600/1290] Loss:11.3353 Wing:11.1915 Bone:71.9035
Epoch [79/100] Step [620/1290] Loss:10.4667 Wing:10.3445 Bone:61.1021
Epoch [79/100] Step [640/1290] Loss:10.2622 Wing:10.1637 Bone:49.2322
Epoch [79/100] Step [660/1290] Loss:11.2538 Wing:11.0733 Bone:90.2098
Epoch [79/100] Step [680/1290] Loss:10.4868 Wing:10.3645 Bone:61.1472
Epoch [79/100] Step [700/1290] Loss:10.4000 Wing:10.2549 Bone:72.5238
Epoch [79/100] Step [720/1290] Loss:11.1889 Wing:11.0018 Bone:93.5855
Epoch [79/100] Step [740/1290] Loss:11.3535 Wing:11.2058 Bone:73.8589
Epoch [79/100] Step [760/1290] Loss:11.0995 Wing:10.8990 Bone:100.2872
Epoch [79/100] Step [780/1290] Loss:10.6674 Wing:10.4926 Bone:87.4095
Epoch [79/100] Step [800/1290] Loss:11.1624 Wing:11.0018 Bone:80.3228
Epoch [79/100] Step [820/1290] Loss:11.7664 Wing:11.5745 Bone:95.9404
Epoch [79/100] Step [840/1290] Loss:11.1867 Wing:11.0666 Bone:60.0085
Epoch [79/100] Step [860/1290] Loss:12.1792 Wing:11.8365 Bone:171.3793
Epoch [79/100] Step [880/1290] Loss:12.2387 Wing:11.9693 Bone:134.7091
Epoch [79/100] Step [900/1290] Loss:11.5934 Wing:11.3743 Bone:109.5280
Epoch [79/100] Step [920/1290] Loss:11.1816 Wing:11.0644 Bone:58.6303
Epoch [79/100] Step [940/1290] Loss:12.1188 Wing:11.8995 Bone:109.6287
Epoch [79/100] Step [960/1290] Loss:12.4922 Wing:12.2932 Bone:99.4959
Epoch [79/100] Step [980/1290] Loss:11.1001 Wing:10.9390 Bone:80.5565
Epoch [79/100] Step [1000/1290] Loss:11.5594 Wing:11.3560 Bone:101.6944
Epoch [79/100] Step [1020/1290] Loss:12.7203 Wing:12.4617 Bone:129.3236
Epoch [79/100] Step [1040/1290] Loss:10.7657 Wing:10.6081 Bone:78.7975
Epoch [79/100] Step [1060/1290] Loss:10.8402 Wing:10.6814 Bone:79.4110
Epoch [79/100] Step [1080/1290] Loss:13.6793 Wing:13.3419 Bone:168.6953
Epoch [79/100] Step [1100/1290] Loss:11.7140 Wing:11.5615 Bone:76.2438
Epoch [79/100] Step [1120/1290] Loss:10.9396 Wing:10.7978 Bone:70.8696
Epoch [79/100] Step [1140/1290] Loss:10.6007 Wing:10.4965 Bone:52.0722
Epoch [79/100] Step [1160/1290] Loss:10.5041 Wing:10.3717 Bone:66.1997
Epoch [79/100] Step [1180/1290] Loss:11.0269 Wing:10.8941 Bone:66.4454
Epoch [79/100] Step [1200/1290] Loss:11.1862 Wing:11.0296 Bone:78.2780
Epoch [79/100] Step [1220/1290] Loss:10.8938 Wing:10.7381 Bone:77.8570
Epoch [79/100] Step [1240/1290] Loss:11.3240 Wing:11.1762 Bone:73.9186
Epoch [79/100] Step [1260/1290] Loss:10.1595 Wing:10.0667 Bone:46.4051
Epoch [79/100] Step [1280/1290] Loss:10.9558 Wing:10.8241 Bone:65.8442
===> Epoch 79 | Loss:11.2336 | Wing:11.0606 | Bone:86.4722 | LR:1.14e-05 | 809.1s/epoch (1290 steps)
    Peak CUDA memory allocated so far: 1372.4 MB
Epoch [80/100] Step [0/1290] Loss:11.4912 Wing:11.3332 Bone:78.9817
Epoch [80/100] Step [20/1290] Loss:11.6439 Wing:11.4543 Bone:94.7851
Epoch [80/100] Step [40/1290] Loss:11.4289 Wing:11.2680 Bone:80.4507
Epoch [80/100] Step [60/1290] Loss:10.8250 Wing:10.6922 Bone:66.4195
Epoch [80/100] Step [80/1290] Loss:10.5309 Wing:10.3910 Bone:69.9096
Epoch [80/100] Step [100/1290] Loss:11.5197 Wing:11.3731 Bone:73.2998
Epoch [80/100] Step [120/1290] Loss:11.5486 Wing:11.3845 Bone:82.0351
Epoch [80/100] Step [140/1290] Loss:12.2310 Wing:12.0350 Bone:98.0342
Epoch [80/100] Step [160/1290] Loss:10.4515 Wing:10.2794 Bone:86.0399
Epoch [80/100] Step [180/1290] Loss:12.5651 Wing:12.3218 Bone:121.6621
Epoch [80/100] Step [200/1290] Loss:10.9161 Wing:10.7829 Bone:66.5991
Epoch [80/100] Step [220/1290] Loss:11.1346 Wing:11.0045 Bone:65.0700
Epoch [80/100] Step [240/1290] Loss:10.6861 Wing:10.5678 Bone:59.1589
Epoch [80/100] Step [260/1290] Loss:11.3562 Wing:11.2260 Bone:65.1312
Epoch [80/100] Step [280/1290] Loss:10.9457 Wing:10.8058 Bone:69.9484
Epoch [80/100] Step [300/1290] Loss:11.0054 Wing:10.8855 Bone:59.9559
Epoch [80/100] Step [320/1290] Loss:11.2339 Wing:11.0526 Bone:90.6748
Epoch [80/100] Step [340/1290] Loss:10.7893 Wing:10.6127 Bone:88.3091
Epoch [80/100] Step [360/1290] Loss:9.9721 Wing:9.8451 Bone:63.5199
Epoch [80/100] Step [380/1290] Loss:11.0590 Wing:10.9469 Bone:56.0172
Epoch [80/100] Step [400/1290] Loss:12.1301 Wing:11.9822 Bone:73.9263
Epoch [80/100] Step [420/1290] Loss:10.7319 Wing:10.5696 Bone:81.1323
Epoch [80/100] Step [440/1290] Loss:11.0564 Wing:10.9380 Bone:59.1990
Epoch [80/100] Step [460/1290] Loss:10.9747 Wing:10.8345 Bone:70.0794
Epoch [80/100] Step [480/1290] Loss:9.9779 Wing:9.8813 Bone:48.3269
Epoch [80/100] Step [500/1290] Loss:10.4717 Wing:10.3323 Bone:69.6975
Epoch [80/100] Step [520/1290] Loss:9.7679 Wing:9.6713 Bone:48.3234
Epoch [80/100] Step [540/1290] Loss:10.0077 Wing:9.8989 Bone:54.3992
Epoch [80/100] Step [560/1290] Loss:10.9688 Wing:10.8439 Bone:62.4776
Epoch [80/100] Step [580/1290] Loss:11.9300 Wing:11.6983 Bone:115.8620
Epoch [80/100] Step [600/1290] Loss:11.0387 Wing:10.8878 Bone:75.4350
Epoch [80/100] Step [620/1290] Loss:10.0774 Wing:9.9737 Bone:51.8553
Epoch [80/100] Step [640/1290] Loss:11.6201 Wing:11.4687 Bone:75.7005
Epoch [80/100] Step [660/1290] Loss:11.3800 Wing:11.2474 Bone:66.3025
Epoch [80/100] Step [680/1290] Loss:10.7204 Wing:10.5156 Bone:102.3927
Epoch [80/100] Step [700/1290] Loss:12.0667 Wing:11.8663 Bone:100.1822
Epoch [80/100] Step [720/1290] Loss:10.1982 Wing:10.0661 Bone:66.0721
Epoch [80/100] Step [740/1290] Loss:9.9844 Wing:9.8653 Bone:59.5482
Epoch [80/100] Step [760/1290] Loss:11.3057 Wing:11.1157 Bone:95.0114
Epoch [80/100] Step [780/1290] Loss:11.1563 Wing:10.9931 Bone:81.6040
Epoch [80/100] Step [800/1290] Loss:11.8313 Wing:11.6311 Bone:100.0952
Epoch [80/100] Step [820/1290] Loss:12.0654 Wing:11.8398 Bone:112.7998
Epoch [80/100] Step [840/1290] Loss:9.4239 Wing:9.3346 Bone:44.6615
Epoch [80/100] Step [860/1290] Loss:11.2239 Wing:11.0515 Bone:86.1687
Epoch [80/100] Step [880/1290] Loss:10.5452 Wing:10.3714 Bone:86.9297
Epoch [80/100] Step [900/1290] Loss:12.0300 Wing:11.7652 Bone:132.4003
Epoch [80/100] Step [920/1290] Loss:11.2525 Wing:11.0965 Bone:78.0114
Epoch [80/100] Step [940/1290] Loss:12.1060 Wing:11.8835 Bone:111.2125
Epoch [80/100] Step [960/1290] Loss:11.8260 Wing:11.6514 Bone:87.2812
Epoch [80/100] Step [980/1290] Loss:11.6845 Wing:11.4031 Bone:140.6980
Epoch [80/100] Step [1000/1290] Loss:10.9279 Wing:10.8212 Bone:53.3164
Epoch [80/100] Step [1020/1290] Loss:10.7731 Wing:10.6293 Bone:71.9196
Epoch [80/100] Step [1040/1290] Loss:12.5710 Wing:12.3753 Bone:97.8700
Epoch [80/100] Step [1060/1290] Loss:11.1254 Wing:10.9673 Bone:79.0094
Epoch [80/100] Step [1080/1290] Loss:10.5319 Wing:10.4077 Bone:62.0787
Epoch [80/100] Step [1100/1290] Loss:9.7799 Wing:9.6858 Bone:47.0609
Epoch [80/100] Step [1120/1290] Loss:9.4336 Wing:9.3556 Bone:38.9924
Epoch [80/100] Step [1140/1290] Loss:9.7229 Wing:9.6139 Bone:54.4701
Epoch [80/100] Step [1160/1290] Loss:11.0557 Wing:10.8961 Bone:79.7845
Epoch [80/100] Step [1180/1290] Loss:11.8681 Wing:11.6033 Bone:132.3802
Epoch [80/100] Step [1200/1290] Loss:11.6321 Wing:11.5085 Bone:61.7861
Epoch [80/100] Step [1220/1290] Loss:12.1911 Wing:11.9296 Bone:130.7251
Epoch [80/100] Step [1240/1290] Loss:10.8635 Wing:10.7055 Bone:78.9608
Epoch [80/100] Step [1260/1290] Loss:11.2581 Wing:11.1017 Bone:78.2198
Epoch [80/100] Step [1280/1290] Loss:11.3311 Wing:11.1100 Bone:110.5634
===> Epoch 80 | Loss:11.2094 | Wing:11.0391 | Bone:85.1703 | LR:1.05e-05 | 878.5s/epoch (1290 steps)
    Peak CUDA memory allocated so far: 1372.4 MB
    Checkpoint saved: C:\Users\Bea Juliana Poquiz\Desktop\mmpose_thesis\R2-05\runs\parity_baseline\checkpoints\parity_epoch_80.pth
    >>> MONITOR (V2-style, rhd_test.json subset) (n=200, 8.3s) PCK@0.2: 0.9583 | AUC: 0.8867 | MPJPE: 14.50px
    >>> No improvement (4/5)
Epoch [81/100] Step [0/1290] Loss:10.3358 Wing:10.2070 Bone:64.4219
Epoch [81/100] Step [20/1290] Loss:11.9649 Wing:11.7741 Bone:95.3596
Epoch [81/100] Step [40/1290] Loss:11.0074 Wing:10.8116 Bone:97.8834
Epoch [81/100] Step [60/1290] Loss:12.4310 Wing:12.2815 Bone:74.7723
Epoch [81/100] Step [80/1290] Loss:12.0469 Wing:11.8755 Bone:85.7370
Epoch [81/100] Step [100/1290] Loss:9.8031 Wing:9.7102 Bone:46.4539
Epoch [81/100] Step [120/1290] Loss:11.6283 Wing:11.4772 Bone:75.5488
Epoch [81/100] Step [140/1290] Loss:11.2949 Wing:11.1220 Bone:86.4405
Epoch [81/100] Step [160/1290] Loss:11.3803 Wing:11.2455 Bone:67.4099
Epoch [81/100] Step [180/1290] Loss:10.0690 Wing:9.9221 Bone:73.4407
Epoch [81/100] Step [200/1290] Loss:11.4435 Wing:11.2899 Bone:76.8083
Epoch [81/100] Step [220/1290] Loss:10.9983 Wing:10.8808 Bone:58.7531
Epoch [81/100] Step [240/1290] Loss:10.6150 Wing:10.4708 Bone:72.1114
Epoch [81/100] Step [260/1290] Loss:10.5252 Wing:10.3699 Bone:77.6433
Epoch [81/100] Step [280/1290] Loss:10.2189 Wing:10.1079 Bone:55.4564
Epoch [81/100] Step [300/1290] Loss:11.5680 Wing:11.3473 Bone:110.3409
Epoch [81/100] Step [320/1290] Loss:10.7569 Wing:10.5752 Bone:90.8242
Epoch [81/100] Step [340/1290] Loss:10.8814 Wing:10.7306 Bone:75.4220
Epoch [81/100] Step [360/1290] Loss:10.7279 Wing:10.5784 Bone:74.7600
Epoch [81/100] Step [380/1290] Loss:10.6006 Wing:10.4592 Bone:70.7175
Epoch [81/100] Step [400/1290] Loss:11.0980 Wing:10.9509 Bone:73.5312
Epoch [81/100] Step [420/1290] Loss:11.2623 Wing:11.1342 Bone:64.0201
Epoch [81/100] Step [440/1290] Loss:11.4971 Wing:11.3222 Bone:87.4189
Epoch [81/100] Step [460/1290] Loss:10.5161 Wing:10.3964 Bone:59.8842
Epoch [81/100] Step [480/1290] Loss:11.3063 Wing:11.1347 Bone:85.7732
Epoch [81/100] Step [500/1290] Loss:10.6849 Wing:10.5444 Bone:70.2694
Epoch [81/100] Step [520/1290] Loss:11.2604 Wing:11.1093 Bone:75.5171
Epoch [81/100] Step [540/1290] Loss:11.1950 Wing:11.0489 Bone:73.0286
Epoch [81/100] Step [560/1290] Loss:12.0941 Wing:11.8818 Bone:106.1445
Epoch [81/100] Step [580/1290] Loss:10.1962 Wing:10.1109 Bone:42.6510
Epoch [81/100] Step [600/1290] Loss:9.7104 Wing:9.5998 Bone:55.3136
Epoch [81/100] Step [620/1290] Loss:11.2077 Wing:11.0500 Bone:78.8479
Epoch [81/100] Step [640/1290] Loss:11.9183 Wing:11.6712 Bone:123.5484
Epoch [81/100] Step [660/1290] Loss:10.0898 Wing:10.0056 Bone:42.1147
Epoch [81/100] Step [680/1290] Loss:10.3055 Wing:10.2046 Bone:50.4659
Epoch [81/100] Step [700/1290] Loss:11.8834 Wing:11.6608 Bone:111.3130
Epoch [81/100] Step [720/1290] Loss:10.3904 Wing:10.2775 Bone:56.4350
Epoch [81/100] Step [740/1290] Loss:11.0068 Wing:10.8484 Bone:79.1817
Epoch [81/100] Step [760/1290] Loss:10.4557 Wing:10.2888 Bone:83.4596
Epoch [81/100] Step [780/1290] Loss:11.0269 Wing:10.8851 Bone:70.9226
Epoch [81/100] Step [800/1290] Loss:10.4046 Wing:10.2802 Bone:62.2208
Epoch [81/100] Step [820/1290] Loss:11.5122 Wing:11.3639 Bone:74.1402
Epoch [81/100] Step [840/1290] Loss:11.0814 Wing:10.8678 Bone:106.7918
Epoch [81/100] Step [860/1290] Loss:10.2957 Wing:10.1959 Bone:49.8982
Epoch [81/100] Step [880/1290] Loss:10.5756 Wing:10.4569 Bone:59.3378
Epoch [81/100] Step [900/1290] Loss:11.9252 Wing:11.7484 Bone:88.4311
Epoch [81/100] Step [920/1290] Loss:9.8499 Wing:9.7291 Bone:60.4158
Epoch [81/100] Step [940/1290] Loss:10.9484 Wing:10.8170 Bone:65.7259
Epoch [81/100] Step [960/1290] Loss:10.7075 Wing:10.5746 Bone:66.4448
Epoch [81/100] Step [980/1290] Loss:10.1020 Wing:10.0367 Bone:32.6678
Epoch [81/100] Step [1000/1290] Loss:10.2320 Wing:10.1292 Bone:51.4052
Epoch [81/100] Step [1020/1290] Loss:10.8648 Wing:10.7041 Bone:80.3241
Epoch [81/100] Step [1040/1290] Loss:10.5350 Wing:10.4085 Bone:63.2126
Epoch [81/100] Step [1060/1290] Loss:11.6033 Wing:11.4299 Bone:86.6584
Epoch [81/100] Step [1080/1290] Loss:11.6236 Wing:11.4080 Bone:107.8074
Epoch [81/100] Step [1100/1290] Loss:10.8681 Wing:10.7253 Bone:71.4275
Epoch [81/100] Step [1120/1290] Loss:11.9517 Wing:11.8011 Bone:75.3046
Epoch [81/100] Step [1140/1290] Loss:11.1954 Wing:11.0067 Bone:94.3579
Epoch [81/100] Step [1160/1290] Loss:11.5943 Wing:11.3759 Bone:109.2059
Epoch [81/100] Step [1180/1290] Loss:10.7525 Wing:10.6118 Bone:70.3296
Epoch [81/100] Step [1200/1290] Loss:9.6745 Wing:9.5772 Bone:48.6316
Epoch [81/100] Step [1220/1290] Loss:10.5657 Wing:10.4518 Bone:56.9310
Epoch [81/100] Step [1240/1290] Loss:11.1493 Wing:10.9821 Bone:83.5859
Epoch [81/100] Step [1260/1290] Loss:10.9710 Wing:10.8374 Bone:66.8092
Epoch [81/100] Step [1280/1290] Loss:12.1128 Wing:11.8983 Bone:107.2521
===> Epoch 81 | Loss:11.1667 | Wing:10.9990 | Bone:83.8564 | LR:9.56e-06 | 924.7s/epoch (1290 steps)
    Peak CUDA memory allocated so far: 1372.4 MB
Epoch [82/100] Step [0/1290] Loss:11.0185 Wing:10.8922 Bone:63.1437
Epoch [82/100] Step [20/1290] Loss:11.2242 Wing:11.0595 Bone:82.3798
Epoch [82/100] Step [40/1290] Loss:12.7581 Wing:12.3207 Bone:218.7318
Epoch [82/100] Step [60/1290] Loss:11.0925 Wing:10.9192 Bone:86.6623
Epoch [82/100] Step [80/1290] Loss:10.6463 Wing:10.5074 Bone:69.4191
Epoch [82/100] Step [100/1290] Loss:11.9240 Wing:11.7233 Bone:100.3691
Epoch [82/100] Step [120/1290] Loss:10.9213 Wing:10.8013 Bone:60.0326
Epoch [82/100] Step [140/1290] Loss:11.0698 Wing:10.8709 Bone:99.4480
Epoch [82/100] Step [160/1290] Loss:10.5203 Wing:10.3681 Bone:76.1049
Epoch [82/100] Step [180/1290] Loss:11.9564 Wing:11.7147 Bone:120.8917
Epoch [82/100] Step [200/1290] Loss:10.3450 Wing:10.1942 Bone:75.3682
Epoch [82/100] Step [220/1290] Loss:11.1978 Wing:11.0336 Bone:82.0806
Epoch [82/100] Step [240/1290] Loss:11.6574 Wing:11.4780 Bone:89.6656
Epoch [82/100] Step [260/1290] Loss:10.8531 Wing:10.6291 Bone:111.9630
Epoch [82/100] Step [280/1290] Loss:10.3679 Wing:10.2587 Bone:54.5745
Epoch [82/100] Step [300/1290] Loss:11.8962 Wing:11.7423 Bone:76.9766
Epoch [82/100] Step [320/1290] Loss:11.2693 Wing:11.1597 Bone:54.8126
Epoch [82/100] Step [340/1290] Loss:11.9443 Wing:11.7492 Bone:97.5344
Epoch [82/100] Step [360/1290] Loss:10.0577 Wing:9.9654 Bone:46.1555
Epoch [82/100] Step [380/1290] Loss:10.7343 Wing:10.5873 Bone:73.4865
Epoch [82/100] Step [400/1290] Loss:10.3387 Wing:10.2256 Bone:56.5194
Epoch [82/100] Step [420/1290] Loss:11.2408 Wing:11.1169 Bone:61.9345
Epoch [82/100] Step [440/1290] Loss:11.8383 Wing:11.6027 Bone:117.8106
Epoch [82/100] Step [460/1290] Loss:12.3875 Wing:12.1491 Bone:119.2301
Epoch [82/100] Step [480/1290] Loss:11.4729 Wing:11.3005 Bone:86.2060
Epoch [82/100] Step [500/1290] Loss:11.9773 Wing:11.7947 Bone:91.2536
Epoch [82/100] Step [520/1290] Loss:10.6820 Wing:10.5726 Bone:54.6844
Epoch [82/100] Step [540/1290] Loss:10.3723 Wing:10.2672 Bone:52.5440
Epoch [82/100] Step [560/1290] Loss:10.8904 Wing:10.7580 Bone:66.1678
Epoch [82/100] Step [580/1290] Loss:11.0408 Wing:10.9138 Bone:63.4790
Epoch [82/100] Step [600/1290] Loss:10.0094 Wing:9.9041 Bone:52.6381
Epoch [82/100] Step [620/1290] Loss:11.4548 Wing:11.3325 Bone:61.1731
Epoch [82/100] Step [640/1290] Loss:11.1685 Wing:11.0147 Bone:76.9012
Epoch [82/100] Step [660/1290] Loss:11.6993 Wing:11.4914 Bone:103.9148
Epoch [82/100] Step [680/1290] Loss:10.5337 Wing:10.3526 Bone:90.5550
Epoch [82/100] Step [700/1290] Loss:11.3209 Wing:11.1571 Bone:81.9237
Epoch [82/100] Step [720/1290] Loss:10.3484 Wing:10.2344 Bone:57.0106
Epoch [82/100] Step [740/1290] Loss:10.9580 Wing:10.8026 Bone:77.6920
Epoch [82/100] Step [760/1290] Loss:12.1171 Wing:11.9240 Bone:96.5753
Epoch [82/100] Step [780/1290] Loss:11.7353 Wing:11.5784 Bone:78.4924
Epoch [82/100] Step [800/1290] Loss:12.1441 Wing:11.9616 Bone:91.2693
Epoch [82/100] Step [820/1290] Loss:10.8119 Wing:10.6562 Bone:77.8716
Epoch [82/100] Step [840/1290] Loss:10.8304 Wing:10.7208 Bone:54.8052
Epoch [82/100] Step [860/1290] Loss:10.9028 Wing:10.7619 Bone:70.4681
Epoch [82/100] Step [880/1290] Loss:11.5389 Wing:11.3506 Bone:94.1122
Epoch [82/100] Step [900/1290] Loss:13.8735 Wing:12.8870 Bone:493.2241
Epoch [82/100] Step [920/1290] Loss:11.5202 Wing:11.3553 Bone:82.4574
Epoch [82/100] Step [940/1290] Loss:13.2012 Wing:12.8827 Bone:159.2579
Epoch [82/100] Step [960/1290] Loss:10.7584 Wing:10.6190 Bone:69.7126
Epoch [82/100] Step [980/1290] Loss:12.2836 Wing:12.0848 Bone:99.3722
Epoch [82/100] Step [1000/1290] Loss:11.0882 Wing:10.9086 Bone:89.8032
Epoch [82/100] Step [1020/1290] Loss:11.1771 Wing:11.0148 Bone:81.1543
Epoch [82/100] Step [1040/1290] Loss:11.1378 Wing:10.9571 Bone:90.3515
Epoch [82/100] Step [1060/1290] Loss:10.0803 Wing:9.9777 Bone:51.2822
Epoch [82/100] Step [1080/1290] Loss:10.5770 Wing:10.4230 Bone:76.9737
Epoch [82/100] Step [1100/1290] Loss:11.0602 Wing:10.9163 Bone:71.9545
Epoch [82/100] Step [1120/1290] Loss:10.7960 Wing:10.6941 Bone:50.9863
Epoch [82/100] Step [1140/1290] Loss:9.4389 Wing:9.3566 Bone:41.1277
Epoch [82/100] Step [1160/1290] Loss:12.3068 Wing:12.0341 Bone:136.3515
Epoch [82/100] Step [1180/1290] Loss:10.3654 Wing:10.2691 Bone:48.1171
Epoch [82/100] Step [1200/1290] Loss:10.4167 Wing:10.2883 Bone:64.1887
Epoch [82/100] Step [1220/1290] Loss:10.5977 Wing:10.4443 Bone:76.7009
Epoch [82/100] Step [1240/1290] Loss:9.9056 Wing:9.7973 Bone:54.1418
Epoch [82/100] Step [1260/1290] Loss:10.7304 Wing:10.6111 Bone:59.6142
Epoch [82/100] Step [1280/1290] Loss:10.3035 Wing:10.1750 Bone:64.2741
===> Epoch 82 | Loss:11.1756 | Wing:11.0069 | Bone:84.3900 | LR:8.71e-06 | 858.0s/epoch (1290 steps)
    Peak CUDA memory allocated so far: 1372.4 MB
Epoch [83/100] Step [0/1290] Loss:11.0253 Wing:10.8909 Bone:67.1932
Epoch [83/100] Step [20/1290] Loss:11.9656 Wing:11.7751 Bone:95.2472
Epoch [83/100] Step [40/1290] Loss:11.9069 Wing:11.6618 Bone:122.5425
Epoch [83/100] Step [60/1290] Loss:11.8739 Wing:11.7190 Bone:77.4769
Epoch [83/100] Step [80/1290] Loss:11.0173 Wing:10.8907 Bone:63.2936
Epoch [83/100] Step [100/1290] Loss:10.2482 Wing:10.1273 Bone:60.4108
Epoch [83/100] Step [120/1290] Loss:10.9927 Wing:10.8412 Bone:75.7906
Epoch [83/100] Step [140/1290] Loss:11.4801 Wing:11.3435 Bone:68.2596
Epoch [83/100] Step [160/1290] Loss:11.8471 Wing:11.6812 Bone:82.9401
Epoch [83/100] Step [180/1290] Loss:10.1387 Wing:10.0016 Bone:68.5369
Epoch [83/100] Step [200/1290] Loss:10.6101 Wing:10.4957 Bone:57.1854
Epoch [83/100] Step [220/1290] Loss:13.6596 Wing:13.3503 Bone:154.6626
Epoch [83/100] Step [240/1290] Loss:13.1563 Wing:12.8315 Bone:162.3872
Epoch [83/100] Step [260/1290] Loss:10.3061 Wing:10.1920 Bone:57.0395
Epoch [83/100] Step [280/1290] Loss:11.5197 Wing:11.2542 Bone:132.7503
Epoch [83/100] Step [300/1290] Loss:11.2896 Wing:11.1572 Bone:66.1675
Epoch [83/100] Step [320/1290] Loss:10.6931 Wing:10.5682 Bone:62.4310
Epoch [83/100] Step [340/1290] Loss:10.9151 Wing:10.7810 Bone:67.0533
Epoch [83/100] Step [360/1290] Loss:11.3382 Wing:11.2005 Bone:68.8547
Epoch [83/100] Step [380/1290] Loss:12.2752 Wing:12.0680 Bone:103.6097
Epoch [83/100] Step [400/1290] Loss:10.3415 Wing:10.2434 Bone:49.0268
Epoch [83/100] Step [420/1290] Loss:10.1528 Wing:10.0201 Bone:66.3374
Epoch [83/100] Step [440/1290] Loss:11.0502 Wing:10.9333 Bone:58.4244
Epoch [83/100] Step [460/1290] Loss:11.2268 Wing:11.1015 Bone:62.6593
Epoch [83/100] Step [480/1290] Loss:12.1661 Wing:12.0097 Bone:78.1960
Epoch [83/100] Step [500/1290] Loss:10.0946 Wing:9.9827 Bone:55.9480
Epoch [83/100] Step [520/1290] Loss:10.8848 Wing:10.7604 Bone:62.2201
Epoch [83/100] Step [540/1290] Loss:11.0571 Wing:10.9077 Bone:74.6820
Epoch [83/100] Step [560/1290] Loss:11.2082 Wing:11.0658 Bone:71.2145
Epoch [83/100] Step [580/1290] Loss:10.9370 Wing:10.7686 Bone:84.1909
Epoch [83/100] Step [600/1290] Loss:9.9301 Wing:9.8437 Bone:43.1820
Epoch [83/100] Step [620/1290] Loss:11.4243 Wing:11.2555 Bone:84.4143
Epoch [83/100] Step [640/1290] Loss:12.0323 Wing:11.7829 Bone:124.7144
Epoch [83/100] Step [660/1290] Loss:10.3371 Wing:10.2195 Bone:58.7637
Epoch [83/100] Step [680/1290] Loss:10.8915 Wing:10.7643 Bone:63.6184
Epoch [83/100] Step [700/1290] Loss:10.2676 Wing:10.1647 Bone:51.4234
Epoch [83/100] Step [720/1290] Loss:13.0653 Wing:12.7782 Bone:143.5497
Epoch [83/100] Step [740/1290] Loss:11.1785 Wing:10.9435 Bone:117.4719
Epoch [83/100] Step [760/1290] Loss:12.3570 Wing:12.1311 Bone:112.9816
Epoch [83/100] Step [780/1290] Loss:9.0047 Wing:8.9154 Bone:44.6540
Epoch [83/100] Step [800/1290] Loss:11.9679 Wing:11.7958 Bone:86.0731
Epoch [83/100] Step [820/1290] Loss:11.7326 Wing:11.5726 Bone:80.0175
Epoch [83/100] Step [840/1290] Loss:10.6300 Wing:10.4815 Bone:74.2152
Epoch [83/100] Step [860/1290] Loss:10.8715 Wing:10.7367 Bone:67.3804
Epoch [83/100] Step [880/1290] Loss:11.2047 Wing:11.0240 Bone:90.3587
Epoch [83/100] Step [900/1290] Loss:11.6778 Wing:11.5211 Bone:78.3469
Epoch [83/100] Step [920/1290] Loss:11.1038 Wing:10.9484 Bone:77.7133
Epoch [83/100] Step [940/1290] Loss:11.6581 Wing:11.4962 Bone:80.9352
Epoch [83/100] Step [960/1290] Loss:10.5211 Wing:10.3976 Bone:61.7543
Epoch [83/100] Step [980/1290] Loss:11.2691 Wing:11.0943 Bone:87.4133
Epoch [83/100] Step [1000/1290] Loss:10.1023 Wing:9.9764 Bone:62.9580
Epoch [83/100] Step [1020/1290] Loss:11.6484 Wing:11.4714 Bone:88.5276
Epoch [83/100] Step [1040/1290] Loss:10.0196 Wing:9.9207 Bone:49.4482
Epoch [83/100] Step [1060/1290] Loss:10.3651 Wing:10.2531 Bone:55.9909
Epoch [83/100] Step [1080/1290] Loss:12.5250 Wing:12.3208 Bone:102.1189
Epoch [83/100] Step [1100/1290] Loss:12.1889 Wing:11.9516 Bone:118.6458
Epoch [83/100] Step [1120/1290] Loss:11.4985 Wing:11.2900 Bone:104.2533
Epoch [83/100] Step [1140/1290] Loss:11.3082 Wing:11.0999 Bone:104.1368
Epoch [83/100] Step [1160/1290] Loss:11.6206 Wing:11.3695 Bone:125.5624
Epoch [83/100] Step [1180/1290] Loss:11.1209 Wing:10.9578 Bone:81.5753
Epoch [83/100] Step [1200/1290] Loss:11.4840 Wing:11.2815 Bone:101.2486
Epoch [83/100] Step [1220/1290] Loss:10.4239 Wing:10.3249 Bone:49.5243
Epoch [83/100] Step [1240/1290] Loss:11.2423 Wing:11.1141 Bone:64.0832
Epoch [83/100] Step [1260/1290] Loss:10.3008 Wing:10.1603 Bone:70.2642
Epoch [83/100] Step [1280/1290] Loss:11.3993 Wing:11.2345 Bone:82.3932
===> Epoch 83 | Loss:11.1670 | Wing:10.9967 | Bone:85.1345 | LR:7.89e-06 | 874.4s/epoch (1290 steps)
    Peak CUDA memory allocated so far: 1372.4 MB
Epoch [84/100] Step [0/1290] Loss:11.7357 Wing:11.5576 Bone:89.0740
Epoch [84/100] Step [20/1290] Loss:13.4176 Wing:13.1125 Bone:152.5558
Epoch [84/100] Step [40/1290] Loss:11.6154 Wing:11.4872 Bone:64.1092
Epoch [84/100] Step [60/1290] Loss:10.4111 Wing:10.3018 Bone:54.6706
Epoch [84/100] Step [80/1290] Loss:10.6033 Wing:10.4540 Bone:74.6383
Epoch [84/100] Step [100/1290] Loss:10.6901 Wing:10.5421 Bone:73.9979
Epoch [84/100] Step [120/1290] Loss:11.9186 Wing:11.6828 Bone:117.8790
Epoch [84/100] Step [140/1290] Loss:11.1145 Wing:10.9531 Bone:80.6947
Epoch [84/100] Step [160/1290] Loss:10.3839 Wing:10.2596 Bone:62.1659
Epoch [84/100] Step [180/1290] Loss:11.7679 Wing:11.5657 Bone:101.0700
Epoch [84/100] Step [200/1290] Loss:12.6477 Wing:12.3888 Bone:129.4368
Epoch [84/100] Step [220/1290] Loss:11.3500 Wing:11.2147 Bone:67.6552
Epoch [84/100] Step [240/1290] Loss:10.9610 Wing:10.8368 Bone:62.1236
Epoch [84/100] Step [260/1290] Loss:10.9825 Wing:10.8256 Bone:78.4616
Epoch [84/100] Step [280/1290] Loss:11.0983 Wing:10.9423 Bone:77.9998
Epoch [84/100] Step [300/1290] Loss:11.9428 Wing:11.6638 Bone:139.4819
Epoch [84/100] Step [320/1290] Loss:13.8657 Wing:13.5528 Bone:156.4939
Epoch [84/100] Step [340/1290] Loss:11.1151 Wing:10.9496 Bone:82.7619
Epoch [84/100] Step [360/1290] Loss:11.3271 Wing:11.1225 Bone:102.3104
Epoch [84/100] Step [380/1290] Loss:10.3116 Wing:10.2156 Bone:48.0129
Epoch [84/100] Step [400/1290] Loss:12.8098 Wing:12.4913 Bone:159.2352
Epoch [84/100] Step [420/1290] Loss:12.7696 Wing:12.4164 Bone:176.6133
Epoch [84/100] Step [440/1290] Loss:13.3587 Wing:12.9239 Bone:217.4229
Epoch [84/100] Step [460/1290] Loss:11.7718 Wing:11.5764 Bone:97.7410
Epoch [84/100] Step [480/1290] Loss:11.7515 Wing:11.6112 Bone:70.1473
Epoch [84/100] Step [500/1290] Loss:10.5304 Wing:10.3139 Bone:108.2596
Epoch [84/100] Step [520/1290] Loss:9.6573 Wing:9.5499 Bone:53.7055
Epoch [84/100] Step [540/1290] Loss:11.0081 Wing:10.8218 Bone:93.1296
Epoch [84/100] Step [560/1290] Loss:13.3180 Wing:13.0448 Bone:136.6125
Epoch [84/100] Step [580/1290] Loss:10.7978 Wing:10.6709 Bone:63.4714
Epoch [84/100] Step [600/1290] Loss:11.1464 Wing:11.0211 Bone:62.6376
Epoch [84/100] Step [620/1290] Loss:10.9710 Wing:10.8113 Bone:79.8499
Epoch [84/100] Step [640/1290] Loss:10.6660 Wing:10.5234 Bone:71.3100
Epoch [84/100] Step [660/1290] Loss:11.2204 Wing:10.9328 Bone:143.7866
Epoch [84/100] Step [680/1290] Loss:12.9028 Wing:12.6645 Bone:119.1619
Epoch [84/100] Step [700/1290] Loss:10.0491 Wing:9.9345 Bone:57.3150
Epoch [84/100] Step [720/1290] Loss:10.3601 Wing:10.2539 Bone:53.0865
Epoch [84/100] Step [740/1290] Loss:10.5565 Wing:10.4248 Bone:65.8250
Epoch [84/100] Step [760/1290] Loss:10.2826 Wing:10.1351 Bone:73.7454
Epoch [84/100] Step [780/1290] Loss:10.9422 Wing:10.8086 Bone:66.8350
Epoch [84/100] Step [800/1290] Loss:10.1835 Wing:10.0584 Bone:62.5469
Epoch [84/100] Step [820/1290] Loss:10.8445 Wing:10.6865 Bone:79.0056
Epoch [84/100] Step [840/1290] Loss:10.5098 Wing:10.3954 Bone:57.1884
Epoch [84/100] Step [860/1290] Loss:10.1374 Wing:10.0321 Bone:52.6445
Epoch [84/100] Step [880/1290] Loss:11.1671 Wing:10.9291 Bone:118.9941
Epoch [84/100] Step [900/1290] Loss:11.5071 Wing:11.3031 Bone:102.0058
Epoch [84/100] Step [920/1290] Loss:11.5410 Wing:11.3883 Bone:76.3666
Epoch [84/100] Step [940/1290] Loss:10.2318 Wing:10.1087 Bone:61.5494
Epoch [84/100] Step [960/1290] Loss:10.8474 Wing:10.7319 Bone:57.7733
Epoch [84/100] Step [980/1290] Loss:11.7268 Wing:11.5400 Bone:93.3841
Epoch [84/100] Step [1000/1290] Loss:9.9561 Wing:9.8710 Bone:42.5724
Epoch [84/100] Step [1020/1290] Loss:11.5243 Wing:11.2996 Bone:112.3428
Epoch [84/100] Step [1040/1290] Loss:13.6374 Wing:13.4317 Bone:102.8852
Epoch [84/100] Step [1060/1290] Loss:11.0707 Wing:10.9398 Bone:65.4217
Epoch [84/100] Step [1080/1290] Loss:10.5050 Wing:10.3615 Bone:71.7486
Epoch [84/100] Step [1100/1290] Loss:10.2413 Wing:10.1356 Bone:52.8596
Epoch [84/100] Step [1120/1290] Loss:10.0505 Wing:9.9543 Bone:48.1004
Epoch [84/100] Step [1140/1290] Loss:10.6837 Wing:10.5581 Bone:62.8087
Epoch [84/100] Step [1160/1290] Loss:10.2589 Wing:10.1489 Bone:55.0173
Epoch [84/100] Step [1180/1290] Loss:10.5949 Wing:10.4445 Bone:75.1950
Epoch [84/100] Step [1200/1290] Loss:11.3440 Wing:11.1233 Bone:110.3477
Epoch [84/100] Step [1220/1290] Loss:10.5662 Wing:10.3590 Bone:103.5745
Epoch [84/100] Step [1240/1290] Loss:11.4936 Wing:11.3118 Bone:90.9035
Epoch [84/100] Step [1260/1290] Loss:11.0156 Wing:10.8739 Bone:70.8427
Epoch [84/100] Step [1280/1290] Loss:11.6235 Wing:11.5038 Bone:59.8550
===> Epoch 84 | Loss:11.1701 | Wing:11.0012 | Bone:84.4512 | LR:7.12e-06 | 863.2s/epoch (1290 steps)
    Peak CUDA memory allocated so far: 1372.4 MB
Epoch [85/100] Step [0/1290] Loss:10.9206 Wing:10.7712 Bone:74.6614
Epoch [85/100] Step [20/1290] Loss:10.3811 Wing:10.2722 Bone:54.4530
Epoch [85/100] Step [40/1290] Loss:10.3007 Wing:10.1532 Bone:73.7110
Epoch [85/100] Step [60/1290] Loss:11.7704 Wing:11.6205 Bone:74.9595
Epoch [85/100] Step [80/1290] Loss:12.1515 Wing:11.9284 Bone:111.5757
Epoch [85/100] Step [100/1290] Loss:11.6181 Wing:11.4149 Bone:101.5785
Epoch [85/100] Step [120/1290] Loss:10.4956 Wing:10.3329 Bone:81.3272
Epoch [85/100] Step [140/1290] Loss:12.6778 Wing:12.4862 Bone:95.7980
Epoch [85/100] Step [160/1290] Loss:11.2005 Wing:10.9864 Bone:107.0776
Epoch [85/100] Step [180/1290] Loss:10.1992 Wing:10.0766 Bone:61.2746
Epoch [85/100] Step [200/1290] Loss:10.8739 Wing:10.7610 Bone:56.4297
Epoch [85/100] Step [220/1290] Loss:10.9736 Wing:10.7783 Bone:97.6540
Epoch [85/100] Step [240/1290] Loss:11.2851 Wing:11.0718 Bone:106.6731
Epoch [85/100] Step [260/1290] Loss:11.3740 Wing:11.1853 Bone:94.3291
Epoch [85/100] Step [280/1290] Loss:10.9773 Wing:10.8299 Bone:73.7214
Epoch [85/100] Step [300/1290] Loss:11.2817 Wing:11.0896 Bone:96.0258
Epoch [85/100] Step [320/1290] Loss:11.6319 Wing:11.4737 Bone:79.0860
Epoch [85/100] Step [340/1290] Loss:10.8835 Wing:10.7057 Bone:88.8908
Epoch [85/100] Step [360/1290] Loss:10.5843 Wing:10.4451 Bone:69.5944
Epoch [85/100] Step [380/1290] Loss:12.1754 Wing:12.0126 Bone:81.4378
Epoch [85/100] Step [400/1290] Loss:10.8765 Wing:10.7555 Bone:60.5001
Epoch [85/100] Step [420/1290] Loss:11.1170 Wing:10.9409 Bone:88.0831
Epoch [85/100] Step [440/1290] Loss:10.3470 Wing:10.2496 Bone:48.7160
Epoch [85/100] Step [460/1290] Loss:11.3106 Wing:11.1875 Bone:61.5831
Epoch [85/100] Step [480/1290] Loss:10.6940 Wing:10.4975 Bone:98.2880
Epoch [85/100] Step [500/1290] Loss:12.0936 Wing:11.8979 Bone:97.8138
Epoch [85/100] Step [520/1290] Loss:10.5224 Wing:10.4040 Bone:59.1704
Epoch [85/100] Step [540/1290] Loss:10.3948 Wing:10.2534 Bone:70.7169
Epoch [85/100] Step [560/1290] Loss:10.7660 Wing:10.6379 Bone:64.0173
Epoch [85/100] Step [580/1290] Loss:10.5109 Wing:10.3993 Bone:55.8389
Epoch [85/100] Step [600/1290] Loss:11.1148 Wing:10.9878 Bone:63.4968
Epoch [85/100] Step [620/1290] Loss:11.7920 Wing:11.6350 Bone:78.4896
Epoch [85/100] Step [640/1290] Loss:9.7162 Wing:9.6092 Bone:53.4873
Epoch [85/100] Step [660/1290] Loss:11.4732 Wing:11.3051 Bone:84.0551
Epoch [85/100] Step [680/1290] Loss:11.3390 Wing:11.1659 Bone:86.5599
Epoch [85/100] Step [700/1290] Loss:11.6562 Wing:11.4441 Bone:106.0143
Epoch [85/100] Step [720/1290] Loss:10.9922 Wing:10.8576 Bone:67.3356
Epoch [85/100] Step [740/1290] Loss:11.6060 Wing:11.3770 Bone:114.4968
Epoch [85/100] Step [760/1290] Loss:10.4207 Wing:10.3010 Bone:59.8438
Epoch [85/100] Step [780/1290] Loss:10.7930 Wing:10.6352 Bone:78.9094
Epoch [85/100] Step [800/1290] Loss:11.3663 Wing:11.2276 Bone:69.3451
Epoch [85/100] Step [820/1290] Loss:11.1029 Wing:10.9000 Bone:101.4263
Epoch [85/100] Step [840/1290] Loss:11.4685 Wing:11.2777 Bone:95.4134
Epoch [85/100] Step [860/1290] Loss:10.0953 Wing:9.9514 Bone:71.9491
Epoch [85/100] Step [880/1290] Loss:11.7253 Wing:11.4879 Bone:118.7112
Epoch [85/100] Step [900/1290] Loss:11.1195 Wing:10.9664 Bone:76.5312
Epoch [85/100] Step [920/1290] Loss:11.3355 Wing:11.1960 Bone:69.7824
Epoch [85/100] Step [940/1290] Loss:9.9885 Wing:9.8793 Bone:54.5776
Epoch [85/100] Step [960/1290] Loss:9.6563 Wing:9.5793 Bone:38.4912
Epoch [85/100] Step [980/1290] Loss:10.9440 Wing:10.8249 Bone:59.5525
Epoch [85/100] Step [1000/1290] Loss:11.0233 Wing:10.9075 Bone:57.8890
Epoch [85/100] Step [1020/1290] Loss:9.6006 Wing:9.4947 Bone:52.9447
Epoch [85/100] Step [1040/1290] Loss:11.3189 Wing:11.1830 Bone:67.9472
Epoch [85/100] Step [1060/1290] Loss:10.8409 Wing:10.7358 Bone:52.5223
Epoch [85/100] Step [1080/1290] Loss:11.1405 Wing:10.9991 Bone:70.6997
Epoch [85/100] Step [1100/1290] Loss:11.2316 Wing:11.1027 Bone:64.4405
Epoch [85/100] Step [1120/1290] Loss:9.8015 Wing:9.7033 Bone:49.1120
Epoch [85/100] Step [1140/1290] Loss:9.7929 Wing:9.6850 Bone:53.9122
Epoch [85/100] Step [1160/1290] Loss:10.4518 Wing:10.3533 Bone:49.2319
Epoch [85/100] Step [1180/1290] Loss:13.3661 Wing:12.8443 Bone:260.9011
Epoch [85/100] Step [1200/1290] Loss:11.1929 Wing:11.0454 Bone:73.7178
Epoch [85/100] Step [1220/1290] Loss:12.3307 Wing:12.1484 Bone:91.1387
Epoch [85/100] Step [1240/1290] Loss:13.3757 Wing:13.0238 Bone:175.9949
Epoch [85/100] Step [1260/1290] Loss:11.7467 Wing:11.5103 Bone:118.1884
Epoch [85/100] Step [1280/1290] Loss:11.8165 Wing:11.6512 Bone:82.6290
===> Epoch 85 | Loss:11.1475 | Wing:10.9790 | Bone:84.2119 | LR:6.40e-06 | 871.5s/epoch (1290 steps)
    Peak CUDA memory allocated so far: 1372.4 MB
    >>> MONITOR (V2-style, rhd_test.json subset) (n=200, 7.5s) PCK@0.2: 0.9593 | AUC: 0.8884 | MPJPE: 14.27px
    >>> No improvement (5/5)
Epoch [86/100] Step [0/1290] Loss:11.2221 Wing:11.1017 Bone:60.2049
Epoch [86/100] Step [20/1290] Loss:10.3931 Wing:10.2331 Bone:79.9935
Epoch [86/100] Step [40/1290] Loss:11.1359 Wing:10.9185 Bone:108.6684
Epoch [86/100] Step [60/1290] Loss:11.8093 Wing:11.5032 Bone:153.0598
Epoch [86/100] Step [80/1290] Loss:10.4292 Wing:10.3130 Bone:58.0820
Epoch [86/100] Step [100/1290] Loss:11.6348 Wing:11.4222 Bone:106.3358
Epoch [86/100] Step [120/1290] Loss:10.0167 Wing:9.8519 Bone:82.4219
Epoch [86/100] Step [140/1290] Loss:11.3767 Wing:11.1965 Bone:90.1054
Epoch [86/100] Step [160/1290] Loss:11.6004 Wing:11.4457 Bone:77.3781
Epoch [86/100] Step [180/1290] Loss:11.9366 Wing:11.7907 Bone:72.9736
Epoch [86/100] Step [200/1290] Loss:11.8917 Wing:11.6678 Bone:111.9408
Epoch [86/100] Step [220/1290] Loss:12.9200 Wing:12.7273 Bone:96.3445
Epoch [86/100] Step [240/1290] Loss:10.3712 Wing:10.2579 Bone:56.6403
Epoch [86/100] Step [260/1290] Loss:11.1572 Wing:10.9608 Bone:98.1988
Epoch [86/100] Step [280/1290] Loss:9.7818 Wing:9.6954 Bone:43.2358
Epoch [86/100] Step [300/1290] Loss:10.8169 Wing:10.6689 Bone:73.9841
Epoch [86/100] Step [320/1290] Loss:10.6430 Wing:10.5191 Bone:61.9843
Epoch [86/100] Step [340/1290] Loss:10.5617 Wing:10.4362 Bone:62.7301
Epoch [86/100] Step [360/1290] Loss:11.5319 Wing:11.3500 Bone:90.9430
Epoch [86/100] Step [380/1290] Loss:9.7763 Wing:9.6954 Bone:40.4722
Epoch [86/100] Step [400/1290] Loss:10.3132 Wing:10.2010 Bone:56.1089
Epoch [86/100] Step [420/1290] Loss:10.2000 Wing:10.1029 Bone:48.5476
Epoch [86/100] Step [440/1290] Loss:9.7062 Wing:9.6091 Bone:48.5369
Epoch [86/100] Step [460/1290] Loss:11.3798 Wing:11.2504 Bone:64.6810
Epoch [86/100] Step [480/1290] Loss:9.9807 Wing:9.8754 Bone:52.6734
Epoch [86/100] Step [500/1290] Loss:10.8591 Wing:10.7485 Bone:55.3184
Epoch [86/100] Step [520/1290] Loss:11.4737 Wing:11.2529 Bone:110.3653
Epoch [86/100] Step [540/1290] Loss:14.3505 Wing:13.9619 Bone:194.3157
Epoch [86/100] Step [560/1290] Loss:10.2107 Wing:10.0799 Bone:65.3716
Epoch [86/100] Step [580/1290] Loss:11.9562 Wing:11.7754 Bone:90.4216
Epoch [86/100] Step [600/1290] Loss:11.6367 Wing:11.4680 Bone:84.3640
Epoch [86/100] Step [620/1290] Loss:10.8727 Wing:10.7272 Bone:72.7348
Epoch [86/100] Step [640/1290] Loss:10.8891 Wing:10.7621 Bone:63.5082
Epoch [86/100] Step [660/1290] Loss:11.2710 Wing:11.1305 Bone:70.2764
Epoch [86/100] Step [680/1290] Loss:11.2423 Wing:11.0825 Bone:79.9193
Epoch [86/100] Step [700/1290] Loss:11.7067 Wing:11.5117 Bone:97.4973
Epoch [86/100] Step [720/1290] Loss:11.4288 Wing:11.2436 Bone:92.5582
Epoch [86/100] Step [740/1290] Loss:10.2952 Wing:10.1783 Bone:58.4378
Epoch [86/100] Step [760/1290] Loss:11.3023 Wing:11.1340 Bone:84.1245
Epoch [86/100] Step [780/1290] Loss:11.0053 Wing:10.8851 Bone:60.1066
Epoch [86/100] Step [800/1290] Loss:11.4075 Wing:11.2791 Bone:64.1908
Epoch [86/100] Step [820/1290] Loss:10.5519 Wing:10.4536 Bone:49.1470
Epoch [86/100] Step [840/1290] Loss:11.1228 Wing:10.9791 Bone:71.8230
Epoch [86/100] Step [860/1290] Loss:10.9908 Wing:10.8209 Bone:84.9523
Epoch [86/100] Step [880/1290] Loss:11.2437 Wing:11.0884 Bone:77.6333
Epoch [86/100] Step [900/1290] Loss:10.4087 Wing:10.2879 Bone:60.4129
Epoch [86/100] Step [920/1290] Loss:10.3254 Wing:10.2251 Bone:50.1034
Epoch [86/100] Step [940/1290] Loss:11.4041 Wing:11.2349 Bone:84.5797
Epoch [86/100] Step [960/1290] Loss:11.2687 Wing:11.0894 Bone:89.6624
Epoch [86/100] Step [980/1290] Loss:10.6048 Wing:10.4627 Bone:71.0578
Epoch [86/100] Step [1000/1290] Loss:11.4863 Wing:11.2430 Bone:121.6787
Epoch [86/100] Step [1020/1290] Loss:10.7527 Wing:10.6144 Bone:69.1437
Epoch [86/100] Step [1040/1290] Loss:10.0828 Wing:9.9652 Bone:58.8183
Epoch [86/100] Step [1060/1290] Loss:10.3702 Wing:10.2548 Bone:57.6851
Epoch [86/100] Step [1080/1290] Loss:11.2820 Wing:11.0615 Bone:110.2378
Epoch [86/100] Step [1100/1290] Loss:10.2839 Wing:10.1566 Bone:63.6426
Epoch [86/100] Step [1120/1290] Loss:10.9138 Wing:10.6907 Bone:111.5398
Epoch [86/100] Step [1140/1290] Loss:12.4430 Wing:12.2853 Bone:78.8757
Epoch [86/100] Step [1160/1290] Loss:10.4068 Wing:10.2778 Bone:64.5115
Epoch [86/100] Step [1180/1290] Loss:10.6029 Wing:10.4993 Bone:51.7689
Epoch [86/100] Step [1200/1290] Loss:10.0449 Wing:9.9450 Bone:49.9489
Epoch [86/100] Step [1220/1290] Loss:11.9150 Wing:11.6743 Bone:120.3545
Epoch [86/100] Step [1240/1290] Loss:10.6833 Wing:10.5183 Bone:82.4916
Epoch [86/100] Step [1260/1290] Loss:11.8975 Wing:11.7287 Bone:84.4209
Epoch [86/100] Step [1280/1290] Loss:9.6742 Wing:9.5983 Bone:37.9536
===> Epoch 86 | Loss:11.1216 | Wing:10.9551 | Bone:83.2629 | LR:5.71e-06 | 796.5s/epoch (1290 steps)
    Peak CUDA memory allocated so far: 1372.4 MB
Epoch [87/100] Step [0/1290] Loss:10.0486 Wing:9.9486 Bone:50.0208
Epoch [87/100] Step [20/1290] Loss:11.1446 Wing:10.9640 Bone:90.3128
Epoch [87/100] Step [40/1290] Loss:11.0299 Wing:10.8489 Bone:90.5315
Epoch [87/100] Step [60/1290] Loss:12.0687 Wing:11.8408 Bone:113.9397
Epoch [87/100] Step [80/1290] Loss:11.9635 Wing:11.7178 Bone:122.8478
Epoch [87/100] Step [100/1290] Loss:11.2705 Wing:10.9974 Bone:136.5168
Epoch [87/100] Step [120/1290] Loss:10.7276 Wing:10.6231 Bone:52.2188
Epoch [87/100] Step [140/1290] Loss:10.4712 Wing:10.3157 Bone:77.7428
Epoch [87/100] Step [160/1290] Loss:11.0501 Wing:10.8999 Bone:75.0941
Epoch [87/100] Step [180/1290] Loss:9.8593 Wing:9.7353 Bone:61.9904
Epoch [87/100] Step [200/1290] Loss:13.6807 Wing:13.2356 Bone:222.5787
Epoch [87/100] Step [220/1290] Loss:12.0311 Wing:11.8579 Bone:86.5648
Epoch [87/100] Step [240/1290] Loss:15.0762 Wing:14.7055 Bone:185.3653
Epoch [87/100] Step [260/1290] Loss:9.8394 Wing:9.7362 Bone:51.6358
Epoch [87/100] Step [280/1290] Loss:10.0609 Wing:9.9639 Bone:48.5119
Epoch [87/100] Step [300/1290] Loss:10.7384 Wing:10.6032 Bone:67.6119
Epoch [87/100] Step [320/1290] Loss:10.6289 Wing:10.4592 Bone:84.8231
Epoch [87/100] Step [340/1290] Loss:10.5750 Wing:10.4616 Bone:56.6933
Epoch [87/100] Step [360/1290] Loss:11.0076 Wing:10.9003 Bone:53.6125
Epoch [87/100] Step [380/1290] Loss:14.0064 Wing:12.9662 Bone:520.0842
Epoch [87/100] Step [400/1290] Loss:9.7142 Wing:9.6344 Bone:39.9038
Epoch [87/100] Step [420/1290] Loss:10.5277 Wing:10.4205 Bone:53.6086
Epoch [87/100] Step [440/1290] Loss:10.9416 Wing:10.7569 Bone:92.3489
Epoch [87/100] Step [460/1290] Loss:10.2547 Wing:10.1354 Bone:59.6197
Epoch [87/100] Step [480/1290] Loss:11.6708 Wing:11.4958 Bone:87.5200
Epoch [87/100] Step [500/1290] Loss:10.3768 Wing:10.2555 Bone:60.6833
Epoch [87/100] Step [520/1290] Loss:11.6109 Wing:11.4415 Bone:84.6621
Epoch [87/100] Step [540/1290] Loss:10.8582 Wing:10.7507 Bone:53.7521
Epoch [87/100] Step [560/1290] Loss:12.9029 Wing:12.5724 Bone:165.2153
Epoch [87/100] Step [580/1290] Loss:11.5352 Wing:11.3286 Bone:103.3042
Epoch [87/100] Step [600/1290] Loss:11.0106 Wing:10.8618 Bone:74.3746
Epoch [87/100] Step [620/1290] Loss:11.8246 Wing:11.6673 Bone:78.6443
Epoch [87/100] Step [640/1290] Loss:11.4773 Wing:11.2954 Bone:90.9590
Epoch [87/100] Step [660/1290] Loss:13.2331 Wing:12.9754 Bone:128.8627
Epoch [87/100] Step [680/1290] Loss:11.0346 Wing:10.8971 Bone:68.7605
Epoch [87/100] Step [700/1290] Loss:10.0069 Wing:9.8964 Bone:55.2538
Epoch [87/100] Step [720/1290] Loss:10.6521 Wing:10.4708 Bone:90.6700
Epoch [87/100] Step [740/1290] Loss:10.4762 Wing:10.3482 Bone:63.9693
Epoch [87/100] Step [760/1290] Loss:10.4144 Wing:10.3064 Bone:54.0216
Epoch [87/100] Step [780/1290] Loss:11.5975 Wing:11.2931 Bone:152.2267
Epoch [87/100] Step [800/1290] Loss:11.3345 Wing:11.1679 Bone:83.3227
Epoch [87/100] Step [820/1290] Loss:10.9580 Wing:10.8129 Bone:72.5474
Epoch [87/100] Step [840/1290] Loss:11.4508 Wing:11.3182 Bone:66.3207
Epoch [87/100] Step [860/1290] Loss:11.1108 Wing:10.9523 Bone:79.2313
Epoch [87/100] Step [880/1290] Loss:11.1799 Wing:11.0005 Bone:89.6996
Epoch [87/100] Step [900/1290] Loss:11.3078 Wing:11.0929 Bone:107.4120
Epoch [87/100] Step [920/1290] Loss:10.3337 Wing:10.2039 Bone:64.8826
Epoch [87/100] Step [940/1290] Loss:11.3504 Wing:11.2381 Bone:56.1364
Epoch [87/100] Step [960/1290] Loss:11.0210 Wing:10.8870 Bone:66.9633
Epoch [87/100] Step [980/1290] Loss:11.7625 Wing:11.5245 Bone:118.9678
Epoch [87/100] Step [1000/1290] Loss:11.6929 Wing:11.5140 Bone:89.4188
Epoch [87/100] Step [1020/1290] Loss:10.6092 Wing:10.4931 Bone:58.0471
Epoch [87/100] Step [1040/1290] Loss:10.9174 Wing:10.7647 Bone:76.3227
Epoch [87/100] Step [1060/1290] Loss:10.6622 Wing:10.4860 Bone:88.0818
Epoch [87/100] Step [1080/1290] Loss:12.5282 Wing:12.3042 Bone:112.0303
Epoch [87/100] Step [1100/1290] Loss:9.7977 Wing:9.6995 Bone:49.0803
Epoch [87/100] Step [1120/1290] Loss:11.9005 Wing:11.6676 Bone:116.4628
Epoch [87/100] Step [1140/1290] Loss:12.8169 Wing:12.5876 Bone:114.6412
Epoch [87/100] Step [1160/1290] Loss:10.9693 Wing:10.8280 Bone:70.6114
Epoch [87/100] Step [1180/1290] Loss:10.9223 Wing:10.7785 Bone:71.9066
Epoch [87/100] Step [1200/1290] Loss:11.1772 Wing:10.9782 Bone:99.5240
Epoch [87/100] Step [1220/1290] Loss:12.3302 Wing:12.0768 Bone:126.6636
Epoch [87/100] Step [1240/1290] Loss:9.6410 Wing:9.5737 Bone:33.6362
Epoch [87/100] Step [1260/1290] Loss:9.8637 Wing:9.7543 Bone:54.7196
Epoch [87/100] Step [1280/1290] Loss:12.5946 Wing:12.3992 Bone:97.7016
===> Epoch 87 | Loss:11.1092 | Wing:10.9430 | Bone:83.1086 | LR:5.07e-06 | 1274.7s/epoch (1290 steps)
    Peak CUDA memory allocated so far: 1372.4 MB
Epoch [88/100] Step [0/1290] Loss:10.6653 Wing:10.4947 Bone:85.3441
Epoch [88/100] Step [20/1290] Loss:10.8249 Wing:10.6678 Bone:78.5517
Epoch [88/100] Step [40/1290] Loss:10.9695 Wing:10.8320 Bone:68.7392
Epoch [88/100] Step [60/1290] Loss:10.7601 Wing:10.5925 Bone:83.7987
Epoch [88/100] Step [80/1290] Loss:11.4645 Wing:11.2375 Bone:113.5258
Epoch [88/100] Step [100/1290] Loss:10.6093 Wing:10.4956 Bone:56.8654
Epoch [88/100] Step [120/1290] Loss:12.2047 Wing:11.9597 Bone:122.5014
Epoch [88/100] Step [140/1290] Loss:11.4328 Wing:11.2809 Bone:75.9645
Epoch [88/100] Step [160/1290] Loss:11.1607 Wing:11.0162 Bone:72.2708
Epoch [88/100] Step [180/1290] Loss:10.1911 Wing:10.1014 Bone:44.8910
Epoch [88/100] Step [200/1290] Loss:11.0705 Wing:10.9451 Bone:62.7158
Epoch [88/100] Step [220/1290] Loss:10.8746 Wing:10.7305 Bone:72.0504
Epoch [88/100] Step [240/1290] Loss:11.3964 Wing:11.2359 Bone:80.2620
Epoch [88/100] Step [260/1290] Loss:10.7102 Wing:10.5809 Bone:64.6767
Epoch [88/100] Step [280/1290] Loss:10.6855 Wing:10.5722 Bone:56.6405
Epoch [88/100] Step [300/1290] Loss:9.7442 Wing:9.6480 Bone:48.1175
Epoch [88/100] Step [320/1290] Loss:11.3624 Wing:11.2511 Bone:55.6770
Epoch [88/100] Step [340/1290] Loss:10.8675 Wing:10.7385 Bone:64.5138
Epoch [88/100] Step [360/1290] Loss:10.2875 Wing:10.1980 Bone:44.7625
Epoch [88/100] Step [380/1290] Loss:10.0422 Wing:9.9375 Bone:52.3504
Epoch [88/100] Step [400/1290] Loss:11.3099 Wing:11.1444 Bone:82.7355
Epoch [88/100] Step [420/1290] Loss:11.0199 Wing:10.8799 Bone:69.9762
Epoch [88/100] Step [440/1290] Loss:10.6819 Wing:10.5882 Bone:46.8460
Epoch [88/100] Step [460/1290] Loss:11.6301 Wing:11.4992 Bone:65.4471
Epoch [88/100] Step [480/1290] Loss:11.0661 Wing:10.9072 Bone:79.4614
Epoch [88/100] Step [500/1290] Loss:13.4325 Wing:12.4806 Bone:475.9259
Epoch [88/100] Step [520/1290] Loss:11.5686 Wing:11.3394 Bone:114.5891
Epoch [88/100] Step [540/1290] Loss:9.8223 Wing:9.7080 Bone:57.1161
Epoch [88/100] Step [560/1290] Loss:11.4253 Wing:11.2297 Bone:97.7817
Epoch [88/100] Step [580/1290] Loss:10.3479 Wing:10.2229 Bone:62.5170
Epoch [88/100] Step [600/1290] Loss:10.8107 Wing:10.6397 Bone:85.5097
Epoch [88/100] Step [620/1290] Loss:10.3822 Wing:10.2471 Bone:67.5151
Epoch [88/100] Step [640/1290] Loss:12.7110 Wing:12.4300 Bone:140.5254
Epoch [88/100] Step [660/1290] Loss:10.0457 Wing:9.9490 Bone:48.3595
Epoch [88/100] Step [680/1290] Loss:11.4760 Wing:11.2992 Bone:88.3819
Epoch [88/100] Step [700/1290] Loss:10.3480 Wing:10.1701 Bone:88.9397
Epoch [88/100] Step [720/1290] Loss:9.4109 Wing:9.3260 Bone:42.4633
Epoch [88/100] Step [740/1290] Loss:10.6261 Wing:10.5149 Bone:55.6112
Epoch [88/100] Step [760/1290] Loss:10.8802 Wing:10.7200 Bone:80.0955
Epoch [88/100] Step [780/1290] Loss:12.0021 Wing:11.7974 Bone:102.3693
Epoch [88/100] Step [800/1290] Loss:11.1995 Wing:11.0209 Bone:89.2628
Epoch [88/100] Step [820/1290] Loss:10.2135 Wing:10.1260 Bone:43.7415
Epoch [88/100] Step [840/1290] Loss:11.6945 Wing:11.5099 Bone:92.2895
Epoch [88/100] Step [860/1290] Loss:11.4632 Wing:11.2684 Bone:97.4158
Epoch [88/100] Step [880/1290] Loss:10.6684 Wing:10.5106 Bone:78.8716
Epoch [88/100] Step [900/1290] Loss:11.0759 Wing:10.9206 Bone:77.6732
Epoch [88/100] Step [920/1290] Loss:9.3593 Wing:9.2817 Bone:38.8121
Epoch [88/100] Step [940/1290] Loss:10.9900 Wing:10.8571 Bone:66.4566
Epoch [88/100] Step [960/1290] Loss:9.8220 Wing:9.7172 Bone:52.4166
Epoch [88/100] Step [980/1290] Loss:11.9096 Wing:11.4434 Bone:233.1016
Epoch [88/100] Step [1000/1290] Loss:11.0084 Wing:10.8559 Bone:76.2906
Epoch [88/100] Step [1020/1290] Loss:11.7933 Wing:11.5631 Bone:115.1312
Epoch [88/100] Step [1040/1290] Loss:10.6867 Wing:10.5399 Bone:73.3954
Epoch [88/100] Step [1060/1290] Loss:10.7278 Wing:10.5984 Bone:64.7224
Epoch [88/100] Step [1080/1290] Loss:11.7391 Wing:11.5963 Bone:71.4202
Epoch [88/100] Step [1100/1290] Loss:10.0810 Wing:9.9673 Bone:56.8455
Epoch [88/100] Step [1120/1290] Loss:12.0859 Wing:11.8566 Bone:114.6778
Epoch [88/100] Step [1140/1290] Loss:11.5943 Wing:11.4772 Bone:58.5401
Epoch [88/100] Step [1160/1290] Loss:10.2711 Wing:10.1712 Bone:49.9709
Epoch [88/100] Step [1180/1290] Loss:10.7118 Wing:10.5698 Bone:70.9896
Epoch [88/100] Step [1200/1290] Loss:10.9043 Wing:10.7544 Bone:74.9312
Epoch [88/100] Step [1220/1290] Loss:11.8349 Wing:11.6865 Bone:74.2000
Epoch [88/100] Step [1240/1290] Loss:9.7509 Wing:9.6292 Bone:60.8618
Epoch [88/100] Step [1260/1290] Loss:10.9827 Wing:10.8460 Bone:68.3299
Epoch [88/100] Step [1280/1290] Loss:11.1775 Wing:11.0399 Bone:68.8204
===> Epoch 88 | Loss:11.0811 | Wing:10.9173 | Bone:81.9342 | LR:4.48e-06 | 1226.9s/epoch (1290 steps)
    Peak CUDA memory allocated so far: 1372.4 MB
Epoch [89/100] Step [0/1290] Loss:11.1545 Wing:10.9591 Bone:97.7295
Epoch [89/100] Step [20/1290] Loss:13.0411 Wing:12.8303 Bone:105.4412
Epoch [89/100] Step [40/1290] Loss:11.5051 Wing:11.3213 Bone:91.9195
Epoch [89/100] Step [60/1290] Loss:11.2942 Wing:11.1532 Bone:70.4933
Epoch [89/100] Step [80/1290] Loss:11.4851 Wing:11.2673 Bone:108.8675
Epoch [89/100] Step [100/1290] Loss:10.7769 Wing:10.6241 Bone:76.4296
Epoch [89/100] Step [120/1290] Loss:10.4154 Wing:10.2869 Bone:64.2307
Epoch [89/100] Step [140/1290] Loss:10.0101 Wing:9.9079 Bone:51.0986
Epoch [89/100] Step [160/1290] Loss:11.9694 Wing:11.7949 Bone:87.2595
Epoch [89/100] Step [180/1290] Loss:10.8633 Wing:10.6867 Bone:88.2653
Epoch [89/100] Step [200/1290] Loss:12.6834 Wing:12.3850 Bone:149.2039
Epoch [89/100] Step [220/1290] Loss:11.5603 Wing:11.3921 Bone:84.0870
Epoch [89/100] Step [240/1290] Loss:11.0767 Wing:10.9167 Bone:80.0107
Epoch [89/100] Step [260/1290] Loss:9.9563 Wing:9.8258 Bone:65.2793
Epoch [89/100] Step [280/1290] Loss:10.6540 Wing:10.5023 Bone:75.8472
Epoch [89/100] Step [300/1290] Loss:11.0422 Wing:10.9075 Bone:67.3699
Epoch [89/100] Step [320/1290] Loss:11.2773 Wing:11.1506 Bone:63.3534
Epoch [89/100] Step [340/1290] Loss:10.7743 Wing:10.6610 Bone:56.6864
Epoch [89/100] Step [360/1290] Loss:10.8733 Wing:10.7067 Bone:83.3232
Epoch [89/100] Step [380/1290] Loss:11.1403 Wing:10.9764 Bone:81.9409
Epoch [89/100] Step [400/1290] Loss:10.3809 Wing:10.2454 Bone:67.7601
Epoch [89/100] Step [420/1290] Loss:11.2931 Wing:11.0264 Bone:133.3806
Epoch [89/100] Step [440/1290] Loss:11.4421 Wing:11.2481 Bone:97.0207
Epoch [89/100] Step [460/1290] Loss:11.1178 Wing:10.9551 Bone:81.3121
Epoch [89/100] Step [480/1290] Loss:12.4258 Wing:12.1956 Bone:115.1351
Epoch [89/100] Step [500/1290] Loss:12.7091 Wing:12.4220 Bone:143.5826
Epoch [89/100] Step [520/1290] Loss:11.5938 Wing:11.3814 Bone:106.2188
Epoch [89/100] Step [540/1290] Loss:10.6496 Wing:10.5294 Bone:60.1220
Epoch [89/100] Step [560/1290] Loss:10.4617 Wing:10.3334 Bone:64.1397
Epoch [89/100] Step [580/1290] Loss:10.4805 Wing:10.3364 Bone:72.0565
Epoch [89/100] Step [600/1290] Loss:10.2656 Wing:10.0827 Bone:91.4893
Epoch [89/100] Step [620/1290] Loss:12.5803 Wing:12.0218 Bone:279.2757
Epoch [89/100] Step [640/1290] Loss:11.6656 Wing:11.5229 Bone:71.3345
Epoch [89/100] Step [660/1290] Loss:11.4452 Wing:11.2642 Bone:90.5091
Epoch [89/100] Step [680/1290] Loss:10.8448 Wing:10.6752 Bone:84.7893
Epoch [89/100] Step [700/1290] Loss:10.6190 Wing:10.4976 Bone:60.7259
Epoch [89/100] Step [720/1290] Loss:10.2610 Wing:10.1447 Bone:58.1378
Epoch [89/100] Step [740/1290] Loss:10.3544 Wing:10.2164 Bone:69.0256
Epoch [89/100] Step [760/1290] Loss:10.1990 Wing:10.1043 Bone:47.3517
Epoch [89/100] Step [780/1290] Loss:14.9626 Wing:14.6381 Bone:162.2110
Epoch [89/100] Step [800/1290] Loss:10.4474 Wing:10.3235 Bone:61.9131
Epoch [89/100] Step [820/1290] Loss:10.8802 Wing:10.6807 Bone:99.7389
Epoch [89/100] Step [840/1290] Loss:12.7172 Wing:12.4795 Bone:118.8769
Epoch [89/100] Step [860/1290] Loss:10.8395 Wing:10.6748 Bone:82.3844
Epoch [89/100] Step [880/1290] Loss:13.8888 Wing:13.5191 Bone:184.8118
Epoch [89/100] Step [900/1290] Loss:10.9376 Wing:10.7691 Bone:84.2464
Epoch [89/100] Step [920/1290] Loss:10.0290 Wing:9.9131 Bone:57.9632
Epoch [89/100] Step [940/1290] Loss:10.3998 Wing:10.2876 Bone:56.1212
Epoch [89/100] Step [960/1290] Loss:11.6569 Wing:11.4774 Bone:89.7396
Epoch [89/100] Step [980/1290] Loss:11.3778 Wing:11.2511 Bone:63.3419
Epoch [89/100] Step [1000/1290] Loss:10.4683 Wing:10.3339 Bone:67.2271
Epoch [89/100] Step [1020/1290] Loss:10.5513 Wing:10.4502 Bone:50.5917
Epoch [89/100] Step [1040/1290] Loss:10.0241 Wing:9.9455 Bone:39.2655
Epoch [89/100] Step [1060/1290] Loss:10.5400 Wing:10.3991 Bone:70.4560
Epoch [89/100] Step [1080/1290] Loss:12.6607 Wing:12.4760 Bone:92.3489
Epoch [89/100] Step [1100/1290] Loss:11.2652 Wing:11.1278 Bone:68.7028
Epoch [89/100] Step [1120/1290] Loss:11.1676 Wing:11.0130 Bone:77.3025
Epoch [89/100] Step [1140/1290] Loss:11.5097 Wing:11.3036 Bone:103.0548
Epoch [89/100] Step [1160/1290] Loss:11.0622 Wing:10.8613 Bone:100.4799
Epoch [89/100] Step [1180/1290] Loss:10.6247 Wing:10.5140 Bone:55.3149
Epoch [89/100] Step [1200/1290] Loss:11.4499 Wing:11.2313 Bone:109.2566
Epoch [89/100] Step [1220/1290] Loss:10.2705 Wing:10.1308 Bone:69.8498
Epoch [89/100] Step [1240/1290] Loss:10.5365 Wing:10.3614 Bone:87.5534
Epoch [89/100] Step [1260/1290] Loss:12.5481 Wing:12.2873 Bone:130.3723
Epoch [89/100] Step [1280/1290] Loss:10.3273 Wing:10.2373 Bone:44.9917
===> Epoch 89 | Loss:11.1012 | Wing:10.9344 | Bone:83.4182 | LR:3.93e-06 | 1210.6s/epoch (1290 steps)
    Peak CUDA memory allocated so far: 1372.4 MB
Epoch [90/100] Step [0/1290] Loss:12.0488 Wing:11.8749 Bone:86.9723
Epoch [90/100] Step [20/1290] Loss:10.4248 Wing:10.3124 Bone:56.2270
Epoch [90/100] Step [40/1290] Loss:13.0637 Wing:12.8352 Bone:114.2411
Epoch [90/100] Step [60/1290] Loss:15.4256 Wing:14.3505 Bone:537.5497
Epoch [90/100] Step [80/1290] Loss:10.9392 Wing:10.7972 Bone:71.0153
Epoch [90/100] Step [100/1290] Loss:10.5702 Wing:10.4361 Bone:67.0576
Epoch [90/100] Step [120/1290] Loss:11.3439 Wing:11.0824 Bone:130.7618
Epoch [90/100] Step [140/1290] Loss:13.3539 Wing:12.9036 Bone:225.1266
Epoch [90/100] Step [160/1290] Loss:11.1737 Wing:11.0417 Bone:65.9851
Epoch [90/100] Step [180/1290] Loss:11.1183 Wing:11.0087 Bone:54.7695
Epoch [90/100] Step [200/1290] Loss:11.2654 Wing:10.9296 Bone:167.9205
Epoch [90/100] Step [220/1290] Loss:11.2018 Wing:11.0310 Bone:85.4099
Epoch [90/100] Step [240/1290] Loss:11.4740 Wing:11.2997 Bone:87.1268
Epoch [90/100] Step [260/1290] Loss:10.1464 Wing:10.0281 Bone:59.1202
Epoch [90/100] Step [280/1290] Loss:11.7639 Wing:11.5735 Bone:95.1966
Epoch [90/100] Step [300/1290] Loss:11.1017 Wing:10.9619 Bone:69.8860
Epoch [90/100] Step [320/1290] Loss:10.0748 Wing:9.9722 Bone:51.3067
Epoch [90/100] Step [340/1290] Loss:10.2312 Wing:10.1113 Bone:59.9369
Epoch [90/100] Step [360/1290] Loss:12.2689 Wing:12.0747 Bone:97.1096
Epoch [90/100] Step [380/1290] Loss:11.9035 Wing:11.7363 Bone:83.6012
Epoch [90/100] Step [400/1290] Loss:10.8832 Wing:10.7611 Bone:61.0261
Epoch [90/100] Step [420/1290] Loss:10.9692 Wing:10.8481 Bone:60.5367
Epoch [90/100] Step [440/1290] Loss:9.8406 Wing:9.7545 Bone:43.0417
Epoch [90/100] Step [460/1290] Loss:10.2603 Wing:10.1561 Bone:52.0712
Epoch [90/100] Step [480/1290] Loss:10.5422 Wing:10.4295 Bone:56.3630
Epoch [90/100] Step [500/1290] Loss:9.8751 Wing:9.7756 Bone:49.7883
Epoch [90/100] Step [520/1290] Loss:10.7222 Wing:10.5825 Bone:69.8632
Epoch [90/100] Step [540/1290] Loss:10.6022 Wing:10.4765 Bone:62.8640
Epoch [90/100] Step [560/1290] Loss:11.6158 Wing:11.4623 Bone:76.7655
Epoch [90/100] Step [580/1290] Loss:11.2533 Wing:11.0434 Bone:104.9627
Epoch [90/100] Step [600/1290] Loss:12.7001 Wing:12.5137 Bone:93.1976
Epoch [90/100] Step [620/1290] Loss:11.3034 Wing:11.1186 Bone:92.4043
Epoch [90/100] Step [640/1290] Loss:12.1753 Wing:12.0006 Bone:87.3588
Epoch [90/100] Step [660/1290] Loss:11.4593 Wing:11.3292 Bone:65.0671
Epoch [90/100] Step [680/1290] Loss:9.9240 Wing:9.8271 Bone:48.4682
Epoch [90/100] Step [700/1290] Loss:12.5344 Wing:12.2486 Bone:142.8943
Epoch [90/100] Step [720/1290] Loss:11.2325 Wing:11.0511 Bone:90.7244
Epoch [90/100] Step [740/1290] Loss:10.6815 Wing:10.5232 Bone:79.1809
Epoch [90/100] Step [760/1290] Loss:10.5537 Wing:10.4187 Bone:67.5410
Epoch [90/100] Step [780/1290] Loss:11.7871 Wing:11.6164 Bone:85.3504
Epoch [90/100] Step [800/1290] Loss:11.0789 Wing:10.8712 Bone:103.8486
Epoch [90/100] Step [820/1290] Loss:11.5887 Wing:11.4716 Bone:58.5521
Epoch [90/100] Step [840/1290] Loss:11.9873 Wing:11.7958 Bone:95.7273
Epoch [90/100] Step [860/1290] Loss:10.4898 Wing:10.3912 Bone:49.2883
Epoch [90/100] Step [880/1290] Loss:10.6975 Wing:10.5588 Bone:69.3404
Epoch [90/100] Step [900/1290] Loss:11.8161 Wing:11.6270 Bone:94.5264
Epoch [90/100] Step [920/1290] Loss:10.6815 Wing:10.5746 Bone:53.4386
Epoch [90/100] Step [940/1290] Loss:11.0732 Wing:10.9575 Bone:57.8885
Epoch [90/100] Step [960/1290] Loss:11.4800 Wing:11.3236 Bone:78.1743
Epoch [90/100] Step [980/1290] Loss:9.0457 Wing:8.9791 Bone:33.3021
Epoch [90/100] Step [1000/1290] Loss:11.1746 Wing:10.9763 Bone:99.1398
Epoch [90/100] Step [1020/1290] Loss:12.1054 Wing:11.8845 Bone:110.4390
Epoch [90/100] Step [1040/1290] Loss:11.3691 Wing:11.2241 Bone:72.4883
Epoch [90/100] Step [1060/1290] Loss:10.5673 Wing:10.4277 Bone:69.7648
Epoch [90/100] Step [1080/1290] Loss:9.8708 Wing:9.7800 Bone:45.3745
Epoch [90/100] Step [1100/1290] Loss:10.3846 Wing:10.2522 Bone:66.1524
Epoch [90/100] Step [1120/1290] Loss:11.5059 Wing:11.3383 Bone:83.8208
Epoch [90/100] Step [1140/1290] Loss:11.7753 Wing:11.6125 Bone:81.4127
Epoch [90/100] Step [1160/1290] Loss:12.5936 Wing:12.3376 Bone:128.0179
Epoch [90/100] Step [1180/1290] Loss:10.5801 Wing:10.4535 Bone:63.3017
Epoch [90/100] Step [1200/1290] Loss:12.0471 Wing:11.9055 Bone:70.8097
Epoch [90/100] Step [1220/1290] Loss:11.4890 Wing:11.2775 Bone:105.7772
Epoch [90/100] Step [1240/1290] Loss:11.1377 Wing:10.9876 Bone:75.0793
Epoch [90/100] Step [1260/1290] Loss:10.5886 Wing:10.4533 Bone:67.6366
Epoch [90/100] Step [1280/1290] Loss:11.6764 Wing:11.3970 Bone:139.6914
===> Epoch 90 | Loss:11.0956 | Wing:10.9281 | Bone:83.7971 | LR:3.42e-06 | 1211.0s/epoch (1290 steps)
    Peak CUDA memory allocated so far: 1372.4 MB
    Checkpoint saved: C:\Users\Bea Juliana Poquiz\Desktop\mmpose_thesis\R2-05\runs\parity_baseline\checkpoints\parity_epoch_90.pth
    >>> MONITOR (V2-style, rhd_test.json subset) (n=200, 12.5s) PCK@0.2: 0.9617 | AUC: 0.8888 | MPJPE: 14.25px
    >>> NEW BEST MONITOR (V2-style, rhd_test.json subset) PCK@0.2: 0.9617 at epoch 90
Epoch [91/100] Step [0/1290] Loss:11.1927 Wing:11.0601 Bone:66.2958
Epoch [91/100] Step [20/1290] Loss:11.5976 Wing:11.4303 Bone:83.6372
Epoch [91/100] Step [40/1290] Loss:10.3202 Wing:10.2022 Bone:59.0352
Epoch [91/100] Step [60/1290] Loss:10.9758 Wing:10.8222 Bone:76.8056
Epoch [91/100] Step [80/1290] Loss:9.8566 Wing:9.7821 Bone:37.2923
Epoch [91/100] Step [100/1290] Loss:11.7958 Wing:11.6163 Bone:89.7832
Epoch [91/100] Step [120/1290] Loss:12.2720 Wing:12.0689 Bone:101.5198
Epoch [91/100] Step [140/1290] Loss:9.9576 Wing:9.8413 Bone:58.1730
Epoch [91/100] Step [160/1290] Loss:10.7091 Wing:10.6072 Bone:50.9056
Epoch [91/100] Step [180/1290] Loss:11.8598 Wing:11.6743 Bone:92.7414
Epoch [91/100] Step [200/1290] Loss:10.8397 Wing:10.7180 Bone:60.8490
Epoch [91/100] Step [220/1290] Loss:12.9502 Wing:12.7395 Bone:105.3495
Epoch [91/100] Step [240/1290] Loss:11.3384 Wing:11.1989 Bone:69.7343
Epoch [91/100] Step [260/1290] Loss:11.4901 Wing:11.3205 Bone:84.8113
Epoch [91/100] Step [280/1290] Loss:10.7573 Wing:10.6132 Bone:72.0945
Epoch [91/100] Step [300/1290] Loss:11.1188 Wing:10.9498 Bone:84.4918
Epoch [91/100] Step [320/1290] Loss:11.1495 Wing:11.0040 Bone:72.7313
Epoch [91/100] Step [340/1290] Loss:11.4423 Wing:11.2659 Bone:88.2057
Epoch [91/100] Step [360/1290] Loss:10.5103 Wing:10.3965 Bone:56.8646
Epoch [91/100] Step [380/1290] Loss:10.7902 Wing:10.6751 Bone:57.5534
Epoch [91/100] Step [400/1290] Loss:11.7179 Wing:11.4998 Bone:109.0293
Epoch [91/100] Step [420/1290] Loss:11.3298 Wing:11.1320 Bone:98.9095
Epoch [91/100] Step [440/1290] Loss:10.6564 Wing:10.5577 Bone:49.3309
Epoch [91/100] Step [460/1290] Loss:10.9426 Wing:10.7985 Bone:72.0239
Epoch [91/100] Step [480/1290] Loss:9.9675 Wing:9.8451 Bone:61.2262
Epoch [91/100] Step [500/1290] Loss:13.4478 Wing:13.1317 Bone:158.0602
Epoch [91/100] Step [520/1290] Loss:10.2790 Wing:10.1499 Bone:64.5160
Epoch [91/100] Step [540/1290] Loss:11.6625 Wing:11.4751 Bone:93.7055
Epoch [91/100] Step [560/1290] Loss:10.5030 Wing:10.3783 Bone:62.3553
Epoch [91/100] Step [580/1290] Loss:10.0563 Wing:9.9553 Bone:50.4975
Epoch [91/100] Step [600/1290] Loss:11.5619 Wing:11.4320 Bone:64.9400
Epoch [91/100] Step [620/1290] Loss:12.2355 Wing:12.0182 Bone:108.6625
Epoch [91/100] Step [640/1290] Loss:11.2024 Wing:11.0053 Bone:98.5554
Epoch [91/100] Step [660/1290] Loss:10.9441 Wing:10.7979 Bone:73.0916
Epoch [91/100] Step [680/1290] Loss:10.5512 Wing:10.4426 Bone:54.2639
Epoch [91/100] Step [700/1290] Loss:10.3396 Wing:10.1915 Bone:74.0626
Epoch [91/100] Step [720/1290] Loss:12.2671 Wing:12.0453 Bone:110.9049
Epoch [91/100] Step [740/1290] Loss:12.5808 Wing:12.3863 Bone:97.2301
Epoch [91/100] Step [760/1290] Loss:10.8958 Wing:10.7654 Bone:65.1865
Epoch [91/100] Step [780/1290] Loss:10.4324 Wing:10.2933 Bone:69.5797
Epoch [91/100] Step [800/1290] Loss:10.4177 Wing:10.2859 Bone:65.9068
Epoch [91/100] Step [820/1290] Loss:10.2209 Wing:10.0924 Bone:64.2712
Epoch [91/100] Step [840/1290] Loss:10.6935 Wing:10.5336 Bone:79.9129
Epoch [91/100] Step [860/1290] Loss:11.1227 Wing:10.9743 Bone:74.1968
Epoch [91/100] Step [880/1290] Loss:11.2261 Wing:11.0851 Bone:70.5327
Epoch [91/100] Step [900/1290] Loss:10.9108 Wing:10.7754 Bone:67.7171
Epoch [91/100] Step [920/1290] Loss:11.1128 Wing:10.9140 Bone:99.4308
Epoch [91/100] Step [940/1290] Loss:10.6751 Wing:10.5573 Bone:58.8917
Epoch [91/100] Step [960/1290] Loss:10.7542 Wing:10.5856 Bone:84.2776
Epoch [91/100] Step [980/1290] Loss:12.8549 Wing:12.5861 Bone:134.4053
Epoch [91/100] Step [1000/1290] Loss:13.5824 Wing:13.2178 Bone:182.2703
Epoch [91/100] Step [1020/1290] Loss:10.6381 Wing:10.5080 Bone:65.0425
Epoch [91/100] Step [1040/1290] Loss:11.1536 Wing:11.0292 Bone:62.1980
Epoch [91/100] Step [1060/1290] Loss:10.3856 Wing:10.2611 Bone:62.2531
Epoch [91/100] Step [1080/1290] Loss:11.1876 Wing:11.0509 Bone:68.3577
Epoch [91/100] Step [1100/1290] Loss:10.3879 Wing:10.2809 Bone:53.5183
Epoch [91/100] Step [1120/1290] Loss:11.0513 Wing:10.8277 Bone:111.8208
Epoch [91/100] Step [1140/1290] Loss:9.6745 Wing:9.5604 Bone:57.0093
Epoch [91/100] Step [1160/1290] Loss:10.9609 Wing:10.8114 Bone:74.7266
Epoch [91/100] Step [1180/1290] Loss:10.8875 Wing:10.7166 Bone:85.4610
Epoch [91/100] Step [1200/1290] Loss:10.2481 Wing:10.1296 Bone:59.2542
Epoch [91/100] Step [1220/1290] Loss:10.7088 Wing:10.5433 Bone:82.7474
Epoch [91/100] Step [1240/1290] Loss:11.0567 Wing:10.8945 Bone:81.1133
Epoch [91/100] Step [1260/1290] Loss:10.8742 Wing:10.7451 Bone:64.5739
Epoch [91/100] Step [1280/1290] Loss:9.8073 Wing:9.7061 Bone:50.6394
===> Epoch 91 | Loss:11.0897 | Wing:10.9226 | Bone:83.5553 | LR:2.97e-06 | 2639.2s/epoch (1290 steps)
    Peak CUDA memory allocated so far: 1372.4 MB
Epoch [92/100] Step [0/1290] Loss:10.8030 Wing:10.6008 Bone:101.1137
Epoch [92/100] Step [20/1290] Loss:10.0859 Wing:9.9996 Bone:43.1503
Epoch [92/100] Step [40/1290] Loss:13.0962 Wing:12.7297 Bone:183.2732
Epoch [92/100] Step [60/1290] Loss:10.9309 Wing:10.7654 Bone:82.7442
Epoch [92/100] Step [80/1290] Loss:10.9550 Wing:10.8190 Bone:68.0257
Epoch [92/100] Step [100/1290] Loss:11.7869 Wing:11.5873 Bone:99.7630
Epoch [92/100] Step [120/1290] Loss:10.6400 Wing:10.4896 Bone:75.1887
Epoch [92/100] Step [140/1290] Loss:11.1779 Wing:11.0422 Bone:67.8645
Epoch [92/100] Step [160/1290] Loss:11.2969 Wing:11.1674 Bone:64.7704
Epoch [92/100] Step [180/1290] Loss:9.8712 Wing:9.7571 Bone:57.0378
Epoch [92/100] Step [200/1290] Loss:14.9342 Wing:14.3601 Bone:287.0335
Epoch [92/100] Step [220/1290] Loss:10.5104 Wing:10.4227 Bone:43.8509
Epoch [92/100] Step [240/1290] Loss:11.9187 Wing:11.7398 Bone:89.4466
Epoch [92/100] Step [260/1290] Loss:11.0643 Wing:10.9177 Bone:73.3425
Epoch [92/100] Step [280/1290] Loss:10.9173 Wing:10.7759 Bone:70.7114
Epoch [92/100] Step [300/1290] Loss:12.7893 Wing:12.5524 Bone:118.4782
Epoch [92/100] Step [320/1290] Loss:10.0501 Wing:9.9674 Bone:41.3232
Epoch [92/100] Step [340/1290] Loss:9.9126 Wing:9.8316 Bone:40.4725
Epoch [92/100] Step [360/1290] Loss:10.1068 Wing:9.9954 Bone:55.7185
Epoch [92/100] Step [380/1290] Loss:10.6918 Wing:10.5538 Bone:68.9748
Epoch [92/100] Step [400/1290] Loss:11.4476 Wing:11.3166 Bone:65.5057
Epoch [92/100] Step [420/1290] Loss:11.2059 Wing:11.0795 Bone:63.2182
Epoch [92/100] Step [440/1290] Loss:11.0361 Wing:10.8684 Bone:83.8391
Epoch [92/100] Step [460/1290] Loss:12.3320 Wing:12.1656 Bone:83.2057
Epoch [92/100] Step [480/1290] Loss:11.0859 Wing:10.9538 Bone:66.0387
Epoch [92/100] Step [500/1290] Loss:11.6296 Wing:11.4111 Bone:109.2734
Epoch [92/100] Step [520/1290] Loss:10.4537 Wing:10.3316 Bone:61.0591
Epoch [92/100] Step [540/1290] Loss:10.2394 Wing:10.1275 Bone:55.9531
Epoch [92/100] Step [560/1290] Loss:11.6242 Wing:11.4593 Bone:82.4279
Epoch [92/100] Step [580/1290] Loss:11.0272 Wing:10.8593 Bone:83.9141
Epoch [92/100] Step [600/1290] Loss:12.2689 Wing:12.0342 Bone:117.3467
Epoch [92/100] Step [620/1290] Loss:11.6253 Wing:11.4406 Bone:92.3111
Epoch [92/100] Step [640/1290] Loss:12.0107 Wing:11.8082 Bone:101.2572
Epoch [92/100] Step [660/1290] Loss:10.5820 Wing:10.4037 Bone:89.1190
Epoch [92/100] Step [680/1290] Loss:11.0566 Wing:10.8876 Bone:84.5239
Epoch [92/100] Step [700/1290] Loss:10.7917 Wing:10.6704 Bone:60.6544
Epoch [92/100] Step [720/1290] Loss:12.6496 Wing:12.3776 Bone:136.0110
Epoch [92/100] Step [740/1290] Loss:11.2340 Wing:11.1261 Bone:53.9654
Epoch [92/100] Step [760/1290] Loss:11.2128 Wing:11.0543 Bone:79.2444
Epoch [92/100] Step [780/1290] Loss:10.4545 Wing:10.3088 Bone:72.8209
Epoch [92/100] Step [800/1290] Loss:11.8431 Wing:11.5879 Bone:127.5720
Epoch [92/100] Step [820/1290] Loss:11.2377 Wing:11.1052 Bone:66.2726
Epoch [92/100] Step [840/1290] Loss:11.6593 Wing:11.4958 Bone:81.7730
Epoch [92/100] Step [860/1290] Loss:10.5592 Wing:10.3923 Bone:83.4170
Epoch [92/100] Step [880/1290] Loss:10.6896 Wing:10.4961 Bone:96.7603
Epoch [92/100] Step [900/1290] Loss:10.4456 Wing:10.2889 Bone:78.3869
Epoch [92/100] Step [920/1290] Loss:11.1348 Wing:11.0028 Bone:66.0065
Epoch [92/100] Step [940/1290] Loss:10.0037 Wing:9.8877 Bone:57.9876
Epoch [92/100] Step [960/1290] Loss:11.8688 Wing:11.6833 Bone:92.7760
Epoch [92/100] Step [980/1290] Loss:10.1884 Wing:10.0435 Bone:72.4496
Epoch [92/100] Step [1000/1290] Loss:12.3586 Wing:12.1822 Bone:88.1977
Epoch [92/100] Step [1020/1290] Loss:10.8330 Wing:10.7097 Bone:61.6509
Epoch [92/100] Step [1040/1290] Loss:10.6457 Wing:10.5298 Bone:57.9407
Epoch [92/100] Step [1060/1290] Loss:10.6181 Wing:10.4711 Bone:73.4978
Epoch [92/100] Step [1080/1290] Loss:10.0078 Wing:9.9087 Bone:49.5730
Epoch [92/100] Step [1100/1290] Loss:12.1286 Wing:11.9179 Bone:105.3511
Epoch [92/100] Step [1120/1290] Loss:11.2885 Wing:11.1543 Bone:67.1141
Epoch [92/100] Step [1140/1290] Loss:10.0672 Wing:9.9524 Bone:57.4127
Epoch [92/100] Step [1160/1290] Loss:11.7508 Wing:11.5617 Bone:94.5772
Epoch [92/100] Step [1180/1290] Loss:11.5044 Wing:11.3240 Bone:90.2077
Epoch [92/100] Step [1200/1290] Loss:10.9660 Wing:10.7956 Bone:85.1590
Epoch [92/100] Step [1220/1290] Loss:10.2172 Wing:10.0679 Bone:74.6741
Epoch [92/100] Step [1240/1290] Loss:12.9176 Wing:12.6106 Bone:153.5421
Epoch [92/100] Step [1260/1290] Loss:13.2037 Wing:12.9545 Bone:124.5803
Epoch [92/100] Step [1280/1290] Loss:10.0793 Wing:9.9974 Bone:40.9567
===> Epoch 92 | Loss:11.0618 | Wing:10.8962 | Bone:82.7727 | LR:2.56e-06 | 883.9s/epoch (1290 steps)
    Peak CUDA memory allocated so far: 1372.4 MB
Epoch [93/100] Step [0/1290] Loss:11.0818 Wing:10.8808 Bone:100.5079
Epoch [93/100] Step [20/1290] Loss:11.5076 Wing:11.2665 Bone:120.5511
Epoch [93/100] Step [40/1290] Loss:10.2962 Wing:10.1578 Bone:69.2283
Epoch [93/100] Step [60/1290] Loss:10.1020 Wing:9.9996 Bone:51.1966
Epoch [93/100] Step [80/1290] Loss:10.5012 Wing:10.3576 Bone:71.7819
Epoch [93/100] Step [100/1290] Loss:11.3380 Wing:11.1405 Bone:98.7570
Epoch [93/100] Step [120/1290] Loss:11.0204 Wing:10.8788 Bone:70.7897
Epoch [93/100] Step [140/1290] Loss:10.3449 Wing:10.2601 Bone:42.4139
Epoch [93/100] Step [160/1290] Loss:10.8867 Wing:10.6970 Bone:94.8602
Epoch [93/100] Step [180/1290] Loss:10.8474 Wing:10.6966 Bone:75.3963
Epoch [93/100] Step [200/1290] Loss:10.8841 Wing:10.6831 Bone:100.4851
Epoch [93/100] Step [220/1290] Loss:11.2280 Wing:11.0799 Bone:74.0536
Epoch [93/100] Step [240/1290] Loss:11.0028 Wing:10.8731 Bone:64.8700
Epoch [93/100] Step [260/1290] Loss:10.6639 Wing:10.5101 Bone:76.9228
Epoch [93/100] Step [280/1290] Loss:10.4923 Wing:10.3554 Bone:68.4839
Epoch [93/100] Step [300/1290] Loss:10.7564 Wing:10.6215 Bone:67.4733
Epoch [93/100] Step [320/1290] Loss:11.3050 Wing:11.1265 Bone:89.2694
Epoch [93/100] Step [340/1290] Loss:10.6097 Wing:10.4857 Bone:62.0369
Epoch [93/100] Step [360/1290] Loss:9.4594 Wing:9.3830 Bone:38.2134
Epoch [93/100] Step [380/1290] Loss:11.1030 Wing:10.9084 Bone:97.2982
Epoch [93/100] Step [400/1290] Loss:9.8395 Wing:9.7191 Bone:60.2082
Epoch [93/100] Step [420/1290] Loss:11.1047 Wing:10.8871 Bone:108.8380
Epoch [93/100] Step [440/1290] Loss:10.4764 Wing:10.3509 Bone:62.7784
Epoch [93/100] Step [460/1290] Loss:10.2882 Wing:10.1577 Bone:65.2568
Epoch [93/100] Step [480/1290] Loss:10.2658 Wing:10.1302 Bone:67.8290
Epoch [93/100] Step [500/1290] Loss:12.0193 Wing:11.8126 Bone:103.3605
Epoch [93/100] Step [520/1290] Loss:11.2462 Wing:11.0768 Bone:84.7041
Epoch [93/100] Step [540/1290] Loss:11.6078 Wing:11.4583 Bone:74.7751
Epoch [93/100] Step [560/1290] Loss:11.1626 Wing:11.0084 Bone:77.0836
Epoch [93/100] Step [580/1290] Loss:10.5700 Wing:10.4281 Bone:70.9635
Epoch [93/100] Step [600/1290] Loss:10.2099 Wing:10.0827 Bone:63.5999
Epoch [93/100] Step [620/1290] Loss:10.7234 Wing:10.5742 Bone:74.6001
Epoch [93/100] Step [640/1290] Loss:11.0122 Wing:10.8515 Bone:80.3406
Epoch [93/100] Step [660/1290] Loss:10.2473 Wing:10.1241 Bone:61.5600
Epoch [93/100] Step [680/1290] Loss:10.9422 Wing:10.8249 Bone:58.6361
Epoch [93/100] Step [700/1290] Loss:9.9874 Wing:9.9024 Bone:42.5373
Epoch [93/100] Step [720/1290] Loss:9.9395 Wing:9.8510 Bone:44.2313
Epoch [93/100] Step [740/1290] Loss:10.7156 Wing:10.5531 Bone:81.2857
Epoch [93/100] Step [760/1290] Loss:9.9696 Wing:9.8837 Bone:42.9627
Epoch [93/100] Step [780/1290] Loss:10.9878 Wing:10.8352 Bone:76.2662
Epoch [93/100] Step [800/1290] Loss:11.4036 Wing:11.1982 Bone:102.7159
Epoch [93/100] Step [820/1290] Loss:11.0834 Wing:10.9329 Bone:75.2422
Epoch [93/100] Step [840/1290] Loss:11.6610 Wing:11.4544 Bone:103.2985
Epoch [93/100] Step [860/1290] Loss:11.2759 Wing:11.1282 Bone:73.8665
Epoch [93/100] Step [880/1290] Loss:11.8842 Wing:11.6344 Bone:124.8929
Epoch [93/100] Step [900/1290] Loss:10.8173 Wing:10.7004 Bone:58.4586
Epoch [93/100] Step [920/1290] Loss:11.1615 Wing:10.9792 Bone:91.1275
Epoch [93/100] Step [940/1290] Loss:9.8045 Wing:9.7147 Bone:44.8968
Epoch [93/100] Step [960/1290] Loss:11.5686 Wing:11.4226 Bone:73.0174
Epoch [93/100] Step [980/1290] Loss:12.1522 Wing:11.8557 Bone:148.2557
Epoch [93/100] Step [1000/1290] Loss:11.2200 Wing:10.9870 Bone:116.4875
Epoch [93/100] Step [1020/1290] Loss:11.5228 Wing:11.3814 Bone:70.7081
Epoch [93/100] Step [1040/1290] Loss:11.0578 Wing:10.9164 Bone:70.7199
Epoch [93/100] Step [1060/1290] Loss:9.2752 Wing:9.1929 Bone:41.1818
Epoch [93/100] Step [1080/1290] Loss:10.6857 Wing:10.5172 Bone:84.2171
Epoch [93/100] Step [1100/1290] Loss:10.2845 Wing:10.1033 Bone:90.5919
Epoch [93/100] Step [1120/1290] Loss:11.8670 Wing:11.5296 Bone:168.7073
Epoch [93/100] Step [1140/1290] Loss:10.5302 Wing:10.4006 Bone:64.7754
Epoch [93/100] Step [1160/1290] Loss:10.9407 Wing:10.7584 Bone:91.1426
Epoch [93/100] Step [1180/1290] Loss:11.2579 Wing:11.0595 Bone:99.1966
Epoch [93/100] Step [1200/1290] Loss:10.9226 Wing:10.7963 Bone:63.1329
Epoch [93/100] Step [1220/1290] Loss:12.5315 Wing:12.3074 Bone:112.0289
Epoch [93/100] Step [1240/1290] Loss:11.3191 Wing:11.1729 Bone:73.0841
Epoch [93/100] Step [1260/1290] Loss:11.1895 Wing:11.0359 Bone:76.7759
Epoch [93/100] Step [1280/1290] Loss:10.0495 Wing:9.9545 Bone:47.5245
===> Epoch 93 | Loss:11.0577 | Wing:10.8928 | Bone:82.4364 | LR:2.19e-06 | 864.9s/epoch (1290 steps)
    Peak CUDA memory allocated so far: 1372.4 MB
Epoch [94/100] Step [0/1290] Loss:12.5032 Wing:12.2434 Bone:129.9041
Epoch [94/100] Step [20/1290] Loss:11.6107 Wing:11.4790 Bone:65.8583
Epoch [94/100] Step [40/1290] Loss:11.0745 Wing:10.8535 Bone:110.4789
Epoch [94/100] Step [60/1290] Loss:11.4000 Wing:11.2329 Bone:83.5575
Epoch [94/100] Step [80/1290] Loss:10.9073 Wing:10.7606 Bone:73.3187
Epoch [94/100] Step [100/1290] Loss:10.5395 Wing:10.4281 Bone:55.7191
Epoch [94/100] Step [120/1290] Loss:10.1991 Wing:10.0675 Bone:65.7841
Epoch [94/100] Step [140/1290] Loss:14.2824 Wing:13.9376 Bone:172.3661
Epoch [94/100] Step [160/1290] Loss:10.1944 Wing:10.0686 Bone:62.8799
Epoch [94/100] Step [180/1290] Loss:11.2905 Wing:11.1755 Bone:57.4865
Epoch [94/100] Step [200/1290] Loss:10.7875 Wing:10.6527 Bone:67.4194
Epoch [94/100] Step [220/1290] Loss:11.2769 Wing:11.1426 Bone:67.1494
Epoch [94/100] Step [240/1290] Loss:11.0349 Wing:10.8237 Bone:105.6049
Epoch [94/100] Step [260/1290] Loss:11.3152 Wing:11.1180 Bone:98.6081
Epoch [94/100] Step [280/1290] Loss:10.6679 Wing:10.4969 Bone:85.5112
Epoch [94/100] Step [300/1290] Loss:10.1517 Wing:10.0231 Bone:64.3167
Epoch [94/100] Step [320/1290] Loss:11.1983 Wing:11.0138 Bone:92.2678
Epoch [94/100] Step [340/1290] Loss:11.9910 Wing:11.8218 Bone:84.6237
Epoch [94/100] Step [360/1290] Loss:9.9788 Wing:9.8570 Bone:60.9013
Epoch [94/100] Step [380/1290] Loss:11.7329 Wing:11.5399 Bone:96.5174
Epoch [94/100] Step [400/1290] Loss:10.9932 Wing:10.8462 Bone:73.4931
Epoch [94/100] Step [420/1290] Loss:11.9328 Wing:11.7257 Bone:103.5392
Epoch [94/100] Step [440/1290] Loss:10.5530 Wing:10.4368 Bone:58.1437
Epoch [94/100] Step [460/1290] Loss:11.1679 Wing:10.9704 Bone:98.7432
Epoch [94/100] Step [480/1290] Loss:11.0007 Wing:10.8351 Bone:82.7986
Epoch [94/100] Step [500/1290] Loss:10.7644 Wing:10.6506 Bone:56.8949
Epoch [94/100] Step [520/1290] Loss:11.0622 Wing:10.8923 Bone:84.9372
Epoch [94/100] Step [540/1290] Loss:9.9053 Wing:9.7758 Bone:64.7689
Epoch [94/100] Step [560/1290] Loss:11.2160 Wing:11.0356 Bone:90.2277
Epoch [94/100] Step [580/1290] Loss:11.2876 Wing:11.0963 Bone:95.6683
Epoch [94/100] Step [600/1290] Loss:13.2832 Wing:13.0162 Bone:133.4662
Epoch [94/100] Step [620/1290] Loss:11.6670 Wing:11.5240 Bone:71.5252
Epoch [94/100] Step [640/1290] Loss:11.5148 Wing:11.1993 Bone:157.7476
Epoch [94/100] Step [660/1290] Loss:10.4164 Wing:10.3086 Bone:53.8985
Epoch [94/100] Step [680/1290] Loss:12.0718 Wing:11.7792 Bone:146.3284
Epoch [94/100] Step [700/1290] Loss:10.0058 Wing:9.9091 Bone:48.3746
Epoch [94/100] Step [720/1290] Loss:10.5941 Wing:10.4811 Bone:56.5157
Epoch [94/100] Step [740/1290] Loss:11.2710 Wing:11.1081 Bone:81.4479
Epoch [94/100] Step [760/1290] Loss:10.6666 Wing:10.4861 Bone:90.2699
Epoch [94/100] Step [780/1290] Loss:13.1309 Wing:12.8311 Bone:149.8929
Epoch [94/100] Step [800/1290] Loss:11.1293 Wing:10.9923 Bone:68.5107
Epoch [94/100] Step [820/1290] Loss:10.5861 Wing:10.4115 Bone:87.3186
Epoch [94/100] Step [840/1290] Loss:11.9924 Wing:11.7127 Bone:139.8717
Epoch [94/100] Step [860/1290] Loss:11.5309 Wing:11.4033 Bone:63.7986
Epoch [94/100] Step [880/1290] Loss:11.8090 Wing:11.5498 Bone:129.5677
Epoch [94/100] Step [900/1290] Loss:9.1981 Wing:9.1291 Bone:34.5275
Epoch [94/100] Step [920/1290] Loss:12.3427 Wing:12.1000 Bone:121.3359
Epoch [94/100] Step [940/1290] Loss:9.9952 Wing:9.8938 Bone:50.7028
Epoch [94/100] Step [960/1290] Loss:10.8262 Wing:10.6860 Bone:70.1158
Epoch [94/100] Step [980/1290] Loss:12.2575 Wing:12.1121 Bone:72.6947
Epoch [94/100] Step [1000/1290] Loss:10.7222 Wing:10.5958 Bone:63.1749
Epoch [94/100] Step [1020/1290] Loss:9.8594 Wing:9.7258 Bone:66.8106
Epoch [94/100] Step [1040/1290] Loss:11.6498 Wing:11.4228 Bone:113.5003
Epoch [94/100] Step [1060/1290] Loss:10.7911 Wing:10.6766 Bone:57.2536
Epoch [94/100] Step [1080/1290] Loss:9.6552 Wing:9.5532 Bone:50.9880
Epoch [94/100] Step [1100/1290] Loss:12.3065 Wing:12.0464 Bone:130.0233
Epoch [94/100] Step [1120/1290] Loss:10.9698 Wing:10.8268 Bone:71.5037
Epoch [94/100] Step [1140/1290] Loss:10.8005 Wing:10.6186 Bone:90.9596
Epoch [94/100] Step [1160/1290] Loss:10.9966 Wing:10.8518 Bone:72.4002
Epoch [94/100] Step [1180/1290] Loss:11.0224 Wing:10.8966 Bone:62.8745
Epoch [94/100] Step [1200/1290] Loss:11.3603 Wing:11.1192 Bone:120.5634
Epoch [94/100] Step [1220/1290] Loss:11.0851 Wing:10.9512 Bone:66.9627
Epoch [94/100] Step [1240/1290] Loss:14.3073 Wing:13.9502 Bone:178.5446
Epoch [94/100] Step [1260/1290] Loss:10.3237 Wing:10.1958 Bone:63.9643
Epoch [94/100] Step [1280/1290] Loss:11.0434 Wing:10.8833 Bone:80.0267
===> Epoch 94 | Loss:11.0762 | Wing:10.9080 | Bone:84.0847 | LR:1.88e-06 | 852.5s/epoch (1290 steps)
    Peak CUDA memory allocated so far: 1372.4 MB
Epoch [95/100] Step [0/1290] Loss:12.8379 Wing:12.5145 Bone:161.6910
Epoch [95/100] Step [20/1290] Loss:10.8963 Wing:10.7385 Bone:78.8720
Epoch [95/100] Step [40/1290] Loss:13.4402 Wing:13.1736 Bone:133.3201
Epoch [95/100] Step [60/1290] Loss:10.1693 Wing:10.0479 Bone:60.7176
Epoch [95/100] Step [80/1290] Loss:12.9155 Wing:12.6362 Bone:139.6422
Epoch [95/100] Step [100/1290] Loss:11.7317 Wing:11.5498 Bone:90.9740
Epoch [95/100] Step [120/1290] Loss:11.1640 Wing:10.9721 Bone:95.9358
Epoch [95/100] Step [140/1290] Loss:11.1754 Wing:11.0442 Bone:65.5992
Epoch [95/100] Step [160/1290] Loss:11.7224 Wing:11.5560 Bone:83.2056
Epoch [95/100] Step [180/1290] Loss:10.9944 Wing:10.8035 Bone:95.4960
Epoch [95/100] Step [200/1290] Loss:10.6731 Wing:10.5393 Bone:66.8975
Epoch [95/100] Step [220/1290] Loss:10.9383 Wing:10.7853 Bone:76.5051
Epoch [95/100] Step [240/1290] Loss:9.1932 Wing:9.1275 Bone:32.8451
Epoch [95/100] Step [260/1290] Loss:10.5746 Wing:10.4435 Bone:65.5794
Epoch [95/100] Step [280/1290] Loss:11.1932 Wing:11.0430 Bone:75.1123
Epoch [95/100] Step [300/1290] Loss:10.1104 Wing:9.9608 Bone:74.8050
Epoch [95/100] Step [320/1290] Loss:10.7160 Wing:10.5955 Bone:60.2346
Epoch [95/100] Step [340/1290] Loss:12.6009 Wing:12.3378 Bone:131.5740
Epoch [95/100] Step [360/1290] Loss:10.4773 Wing:10.4018 Bone:37.7743
Epoch [95/100] Step [380/1290] Loss:10.4797 Wing:10.3552 Bone:62.2475
Epoch [95/100] Step [400/1290] Loss:11.8488 Wing:11.5611 Bone:143.8371
Epoch [95/100] Step [420/1290] Loss:12.2218 Wing:12.0222 Bone:99.7665
Epoch [95/100] Step [440/1290] Loss:10.6084 Wing:10.4571 Bone:75.6814
Epoch [95/100] Step [460/1290] Loss:9.7034 Wing:9.6075 Bone:47.9580
Epoch [95/100] Step [480/1290] Loss:10.7503 Wing:10.6217 Bone:64.2851
Epoch [95/100] Step [500/1290] Loss:12.1846 Wing:12.0090 Bone:87.8067
Epoch [95/100] Step [520/1290] Loss:10.4388 Wing:10.3012 Bone:68.8007
Epoch [95/100] Step [540/1290] Loss:10.0365 Wing:9.9400 Bone:48.2510
Epoch [95/100] Step [560/1290] Loss:10.2660 Wing:10.1695 Bone:48.2413
Epoch [95/100] Step [580/1290] Loss:10.5011 Wing:10.3732 Bone:63.9806
Epoch [95/100] Step [600/1290] Loss:10.8489 Wing:10.7145 Bone:67.2227
Epoch [95/100] Step [620/1290] Loss:11.3651 Wing:11.2113 Bone:76.9409
Epoch [95/100] Step [640/1290] Loss:11.2917 Wing:11.1163 Bone:87.7395
Epoch [95/100] Step [660/1290] Loss:10.5033 Wing:10.3976 Bone:52.8578
Epoch [95/100] Step [680/1290] Loss:10.8422 Wing:10.6705 Bone:85.8397
Epoch [95/100] Step [700/1290] Loss:12.3778 Wing:12.1128 Bone:132.5196
Epoch [95/100] Step [720/1290] Loss:13.6197 Wing:13.2472 Bone:186.2785
Epoch [95/100] Step [740/1290] Loss:11.4233 Wing:11.1146 Bone:154.3372
Epoch [95/100] Step [760/1290] Loss:11.6616 Wing:11.5558 Bone:52.9189
Epoch [95/100] Step [780/1290] Loss:10.3799 Wing:10.2653 Bone:57.2914
Epoch [95/100] Step [800/1290] Loss:10.3194 Wing:10.2060 Bone:56.6731
Epoch [95/100] Step [820/1290] Loss:10.5646 Wing:10.4540 Bone:55.2964
Epoch [95/100] Step [840/1290] Loss:10.1585 Wing:10.0557 Bone:51.4115
Epoch [95/100] Step [860/1290] Loss:10.2519 Wing:10.1378 Bone:57.0687
Epoch [95/100] Step [880/1290] Loss:11.7049 Wing:11.4236 Bone:140.6292
Epoch [95/100] Step [900/1290] Loss:13.7027 Wing:13.4479 Bone:127.3594
Epoch [95/100] Step [920/1290] Loss:15.1313 Wing:14.2440 Bone:443.6303
Epoch [95/100] Step [940/1290] Loss:10.9318 Wing:10.7945 Bone:68.6786
Epoch [95/100] Step [960/1290] Loss:11.3456 Wing:11.1864 Bone:79.5965
Epoch [95/100] Step [980/1290] Loss:10.0154 Wing:9.9141 Bone:50.6799
Epoch [95/100] Step [1000/1290] Loss:10.9910 Wing:10.8190 Bone:86.0138
Epoch [95/100] Step [1020/1290] Loss:11.6328 Wing:11.4070 Bone:112.8828
Epoch [95/100] Step [1040/1290] Loss:10.0337 Wing:9.9269 Bone:53.3709
Epoch [95/100] Step [1060/1290] Loss:11.0697 Wing:10.8367 Bone:116.4694
Epoch [95/100] Step [1080/1290] Loss:10.8678 Wing:10.7224 Bone:72.6864
Epoch [95/100] Step [1100/1290] Loss:11.5765 Wing:11.4067 Bone:84.9119
Epoch [95/100] Step [1120/1290] Loss:12.8943 Wing:12.6614 Bone:116.4293
Epoch [95/100] Step [1140/1290] Loss:11.4084 Wing:11.2183 Bone:95.0644
Epoch [95/100] Step [1160/1290] Loss:11.1797 Wing:11.0791 Bone:50.3014
Epoch [95/100] Step [1180/1290] Loss:10.2567 Wing:10.1673 Bone:44.7139
Epoch [95/100] Step [1200/1290] Loss:11.5892 Wing:11.3823 Bone:103.4359
Epoch [95/100] Step [1220/1290] Loss:10.8139 Wing:10.7039 Bone:55.0063
Epoch [95/100] Step [1240/1290] Loss:11.0444 Wing:10.9169 Bone:63.7578
Epoch [95/100] Step [1260/1290] Loss:11.6588 Wing:11.4341 Bone:112.3518
Epoch [95/100] Step [1280/1290] Loss:11.4831 Wing:11.2363 Bone:123.4043
===> Epoch 95 | Loss:11.0379 | Wing:10.8726 | Bone:82.6444 | LR:1.61e-06 | 4352.0s/epoch (1290 steps)
    Peak CUDA memory allocated so far: 1372.4 MB
    >>> MONITOR (V2-style, rhd_test.json subset) (n=200, 7.1s) PCK@0.2: 0.9574 | AUC: 0.8877 | MPJPE: 14.40px
    >>> No improvement (1/5)
Epoch [96/100] Step [0/1290] Loss:12.2104 Wing:12.0385 Bone:85.9476
Epoch [96/100] Step [20/1290] Loss:10.2566 Wing:10.1653 Bone:45.6441
Epoch [96/100] Step [40/1290] Loss:11.5485 Wing:11.2926 Bone:127.9763
Epoch [96/100] Step [60/1290] Loss:10.4012 Wing:10.2716 Bone:64.8146
Epoch [96/100] Step [80/1290] Loss:13.0283 Wing:12.8416 Bone:93.3349
Epoch [96/100] Step [100/1290] Loss:10.9072 Wing:10.7246 Bone:91.2988
Epoch [96/100] Step [120/1290] Loss:10.8950 Wing:10.7432 Bone:75.9010
Epoch [96/100] Step [140/1290] Loss:9.7636 Wing:9.6726 Bone:45.5431
Epoch [96/100] Step [160/1290] Loss:11.0908 Wing:10.8923 Bone:99.2670
Epoch [96/100] Step [180/1290] Loss:13.0512 Wing:12.6523 Bone:199.4334
Epoch [96/100] Step [200/1290] Loss:10.6858 Wing:10.5103 Bone:87.7751
Epoch [96/100] Step [220/1290] Loss:11.3913 Wing:11.2433 Bone:73.9941
Epoch [96/100] Step [240/1290] Loss:11.9825 Wing:11.7554 Bone:113.5455
Epoch [96/100] Step [260/1290] Loss:13.8106 Wing:13.5143 Bone:148.1864
Epoch [96/100] Step [280/1290] Loss:9.8763 Wing:9.7790 Bone:48.6228
Epoch [96/100] Step [300/1290] Loss:10.5276 Wing:10.4024 Bone:62.5697
Epoch [96/100] Step [320/1290] Loss:10.5280 Wing:10.3957 Bone:66.1436
Epoch [96/100] Step [340/1290] Loss:10.4437 Wing:10.2641 Bone:89.8086
Epoch [96/100] Step [360/1290] Loss:9.9077 Wing:9.8071 Bone:50.3126
Epoch [96/100] Step [380/1290] Loss:11.1494 Wing:11.0227 Bone:63.3496
Epoch [96/100] Step [400/1290] Loss:10.8310 Wing:10.7096 Bone:60.6755
Epoch [96/100] Step [420/1290] Loss:9.5729 Wing:9.4768 Bone:48.0390
Epoch [96/100] Step [440/1290] Loss:9.5923 Wing:9.4988 Bone:46.7901
Epoch [96/100] Step [460/1290] Loss:12.0352 Wing:11.8268 Bone:104.1708
Epoch [96/100] Step [480/1290] Loss:10.4551 Wing:10.3527 Bone:51.1932
Epoch [96/100] Step [500/1290] Loss:11.4727 Wing:11.2124 Bone:130.1398
Epoch [96/100] Step [520/1290] Loss:10.4776 Wing:10.3557 Bone:60.9470
Epoch [96/100] Step [540/1290] Loss:11.9654 Wing:11.7878 Bone:88.8036
Epoch [96/100] Step [560/1290] Loss:11.1466 Wing:10.9574 Bone:94.6145
Epoch [96/100] Step [580/1290] Loss:10.8344 Wing:10.6929 Bone:70.7076
Epoch [96/100] Step [600/1290] Loss:11.5619 Wing:11.3245 Bone:118.7334
Epoch [96/100] Step [620/1290] Loss:10.1105 Wing:10.0147 Bone:47.8768
Epoch [96/100] Step [640/1290] Loss:10.3379 Wing:10.2320 Bone:52.9128
Epoch [96/100] Step [660/1290] Loss:10.6181 Wing:10.5160 Bone:51.0896
Epoch [96/100] Step [680/1290] Loss:12.7463 Wing:12.4774 Bone:134.4635
Epoch [96/100] Step [700/1290] Loss:11.1588 Wing:10.9632 Bone:97.7978
Epoch [96/100] Step [720/1290] Loss:11.0113 Wing:10.8435 Bone:83.9018
Epoch [96/100] Step [740/1290] Loss:11.2967 Wing:11.1690 Bone:63.8712
Epoch [96/100] Step [760/1290] Loss:9.5992 Wing:9.5257 Bone:36.7476
Epoch [96/100] Step [780/1290] Loss:10.8093 Wing:10.6592 Bone:75.0556
Epoch [96/100] Step [800/1290] Loss:11.1633 Wing:11.0092 Bone:77.0434
Epoch [96/100] Step [820/1290] Loss:11.7944 Wing:11.6099 Bone:92.2288
Epoch [96/100] Step [840/1290] Loss:11.0672 Wing:10.9031 Bone:82.0721
Epoch [96/100] Step [860/1290] Loss:9.6803 Wing:9.5837 Bone:48.2969
Epoch [96/100] Step [880/1290] Loss:11.4223 Wing:11.2362 Bone:93.0801
Epoch [96/100] Step [900/1290] Loss:10.4557 Wing:10.3291 Bone:63.3098
Epoch [96/100] Step [920/1290] Loss:10.6762 Wing:10.5768 Bone:49.6845
Epoch [96/100] Step [940/1290] Loss:11.1503 Wing:10.9989 Bone:75.6784
Epoch [96/100] Step [960/1290] Loss:11.6205 Wing:11.4807 Bone:69.8943
Epoch [96/100] Step [980/1290] Loss:10.9984 Wing:10.9088 Bone:44.8005
Epoch [96/100] Step [1000/1290] Loss:10.8344 Wing:10.7024 Bone:66.0217
Epoch [96/100] Step [1020/1290] Loss:9.9471 Wing:9.8454 Bone:50.8389
Epoch [96/100] Step [1040/1290] Loss:10.5677 Wing:10.4594 Bone:54.1371
Epoch [96/100] Step [1060/1290] Loss:11.5486 Wing:11.3841 Bone:82.2425
Epoch [96/100] Step [1080/1290] Loss:11.9015 Wing:11.6643 Bone:118.6235
Epoch [96/100] Step [1100/1290] Loss:11.5518 Wing:11.3730 Bone:89.4268
Epoch [96/100] Step [1120/1290] Loss:10.7289 Wing:10.5998 Bone:64.5205
Epoch [96/100] Step [1140/1290] Loss:9.9185 Wing:9.8310 Bone:43.7846
Epoch [96/100] Step [1160/1290] Loss:11.1760 Wing:10.9453 Bone:115.3596
Epoch [96/100] Step [1180/1290] Loss:10.8496 Wing:10.7595 Bone:45.0261
Epoch [96/100] Step [1200/1290] Loss:11.2364 Wing:11.0978 Bone:69.3165
Epoch [96/100] Step [1220/1290] Loss:10.3855 Wing:10.2725 Bone:56.5060
Epoch [96/100] Step [1240/1290] Loss:11.7284 Wing:11.5296 Bone:99.3997
Epoch [96/100] Step [1260/1290] Loss:12.2291 Wing:12.0425 Bone:93.3159
Epoch [96/100] Step [1280/1290] Loss:10.2702 Wing:10.1835 Bone:43.3406
===> Epoch 96 | Loss:11.0493 | Wing:10.8844 | Bone:82.4520 | LR:1.39e-06 | 742.4s/epoch (1290 steps)
    Peak CUDA memory allocated so far: 1372.4 MB
Epoch [97/100] Step [0/1290] Loss:10.3682 Wing:10.2533 Bone:57.4817
Epoch [97/100] Step [20/1290] Loss:10.4892 Wing:10.3615 Bone:63.8752
Epoch [97/100] Step [40/1290] Loss:11.8707 Wing:11.6712 Bone:99.7499
Epoch [97/100] Step [60/1290] Loss:10.3617 Wing:10.2343 Bone:63.7273
Epoch [97/100] Step [80/1290] Loss:10.5550 Wing:10.4316 Bone:61.7273
Epoch [97/100] Step [100/1290] Loss:10.7795 Wing:10.6546 Bone:62.4641
Epoch [97/100] Step [120/1290] Loss:10.2497 Wing:10.1428 Bone:53.4313
Epoch [97/100] Step [140/1290] Loss:11.8426 Wing:11.6538 Bone:94.4151
Epoch [97/100] Step [160/1290] Loss:9.7129 Wing:9.6231 Bone:44.9060
Epoch [97/100] Step [180/1290] Loss:11.1271 Wing:10.9799 Bone:73.5780
Epoch [97/100] Step [200/1290] Loss:10.3179 Wing:10.2099 Bone:53.9975
Epoch [97/100] Step [220/1290] Loss:11.0199 Wing:10.8320 Bone:93.9573
Epoch [97/100] Step [240/1290] Loss:11.8385 Wing:11.6370 Bone:100.7250
Epoch [97/100] Step [260/1290] Loss:10.3986 Wing:10.2557 Bone:71.4685
Epoch [97/100] Step [280/1290] Loss:10.8629 Wing:10.6919 Bone:85.4909
Epoch [97/100] Step [300/1290] Loss:11.9519 Wing:11.7576 Bone:97.1357
Epoch [97/100] Step [320/1290] Loss:15.0313 Wing:14.6451 Bone:193.0783
Epoch [97/100] Step [340/1290] Loss:9.9839 Wing:9.8878 Bone:48.0464
Epoch [97/100] Step [360/1290] Loss:10.9699 Wing:10.7915 Bone:89.1814
Epoch [97/100] Step [380/1290] Loss:10.4314 Wing:10.3055 Bone:62.9533
Epoch [97/100] Step [400/1290] Loss:11.2279 Wing:11.0094 Bone:109.2321
Epoch [97/100] Step [420/1290] Loss:11.8861 Wing:11.7007 Bone:92.7148
Epoch [97/100] Step [440/1290] Loss:10.5713 Wing:10.4071 Bone:82.1026
Epoch [97/100] Step [460/1290] Loss:10.5064 Wing:10.4034 Bone:51.5173
Epoch [97/100] Step [480/1290] Loss:10.3315 Wing:10.2299 Bone:50.8201
Epoch [97/100] Step [500/1290] Loss:11.5537 Wing:11.3682 Bone:92.7429
Epoch [97/100] Step [520/1290] Loss:10.3700 Wing:10.2775 Bone:46.2537
Epoch [97/100] Step [540/1290] Loss:10.1770 Wing:10.0851 Bone:45.9695
Epoch [97/100] Step [560/1290] Loss:11.2558 Wing:11.0521 Bone:101.8687
Epoch [97/100] Step [580/1290] Loss:10.4494 Wing:10.2969 Bone:76.2337
Epoch [97/100] Step [600/1290] Loss:12.3050 Wing:12.0984 Bone:103.3034
Epoch [97/100] Step [620/1290] Loss:9.5965 Wing:9.5193 Bone:38.5855
Epoch [97/100] Step [640/1290] Loss:9.6572 Wing:9.5574 Bone:49.9123
Epoch [97/100] Step [660/1290] Loss:12.5579 Wing:12.3364 Bone:110.7756
Epoch [97/100] Step [680/1290] Loss:10.8183 Wing:10.6653 Bone:76.5285
Epoch [97/100] Step [700/1290] Loss:10.8312 Wing:10.6826 Bone:74.2712
Epoch [97/100] Step [720/1290] Loss:11.3050 Wing:11.1132 Bone:95.9364
Epoch [97/100] Step [740/1290] Loss:10.5040 Wing:10.4007 Bone:51.6370
Epoch [97/100] Step [760/1290] Loss:12.1505 Wing:11.9248 Bone:112.8604
Epoch [97/100] Step [780/1290] Loss:11.5415 Wing:11.3234 Bone:109.0295
Epoch [97/100] Step [800/1290] Loss:11.1045 Wing:10.9463 Bone:79.1305
Epoch [97/100] Step [820/1290] Loss:10.5528 Wing:10.4452 Bone:53.7936
Epoch [97/100] Step [840/1290] Loss:10.9503 Wing:10.8064 Bone:71.9582
Epoch [97/100] Step [860/1290] Loss:11.0313 Wing:10.8103 Bone:110.4931
Epoch [97/100] Step [880/1290] Loss:11.0047 Wing:10.8666 Bone:69.0545
Epoch [97/100] Step [900/1290] Loss:10.8132 Wing:10.6852 Bone:63.9833
Epoch [97/100] Step [920/1290] Loss:11.5582 Wing:11.3453 Bone:106.4710
Epoch [97/100] Step [940/1290] Loss:11.9634 Wing:11.6399 Bone:161.7093
Epoch [97/100] Step [960/1290] Loss:12.3156 Wing:12.0226 Bone:146.4974
Epoch [97/100] Step [980/1290] Loss:10.9634 Wing:10.8332 Bone:65.0767
Epoch [97/100] Step [1000/1290] Loss:11.8521 Wing:11.6529 Bone:99.6309
Epoch [97/100] Step [1020/1290] Loss:11.2888 Wing:11.0300 Bone:129.4143
Epoch [97/100] Step [1040/1290] Loss:10.9414 Wing:10.7647 Bone:88.3432
Epoch [97/100] Step [1060/1290] Loss:10.9805 Wing:10.8773 Bone:51.6398
Epoch [97/100] Step [1080/1290] Loss:10.8378 Wing:10.7089 Bone:64.4500
Epoch [97/100] Step [1100/1290] Loss:10.4253 Wing:10.3153 Bone:54.9873
Epoch [97/100] Step [1120/1290] Loss:12.2681 Wing:12.0794 Bone:94.3225
Epoch [97/100] Step [1140/1290] Loss:12.2955 Wing:12.0162 Bone:139.6380
Epoch [97/100] Step [1160/1290] Loss:12.3451 Wing:12.1155 Bone:114.8139
Epoch [97/100] Step [1180/1290] Loss:11.4450 Wing:11.2925 Bone:76.2848
Epoch [97/100] Step [1200/1290] Loss:10.3446 Wing:10.2405 Bone:52.0499
Epoch [97/100] Step [1220/1290] Loss:11.2565 Wing:11.0930 Bone:81.7402
Epoch [97/100] Step [1240/1290] Loss:10.8725 Wing:10.7365 Bone:67.9632
Epoch [97/100] Step [1260/1290] Loss:12.5118 Wing:12.2445 Bone:133.6437
Epoch [97/100] Step [1280/1290] Loss:10.3616 Wing:10.2436 Bone:59.0338
===> Epoch 97 | Loss:11.0393 | Wing:10.8750 | Bone:82.1794 | LR:1.22e-06 | 727.7s/epoch (1290 steps)
    Peak CUDA memory allocated so far: 1372.4 MB
Epoch [98/100] Step [0/1290] Loss:10.7867 Wing:10.5940 Bone:96.3599
Epoch [98/100] Step [20/1290] Loss:10.2911 Wing:10.1464 Bone:72.3351
Epoch [98/100] Step [40/1290] Loss:9.8950 Wing:9.8143 Bone:40.3485
Epoch [98/100] Step [60/1290] Loss:12.1638 Wing:11.9341 Bone:114.8955
Epoch [98/100] Step [80/1290] Loss:11.1279 Wing:11.0114 Bone:58.2826
Epoch [98/100] Step [100/1290] Loss:10.1451 Wing:10.0204 Bone:62.3468
Epoch [98/100] Step [120/1290] Loss:11.6103 Wing:11.4453 Bone:82.4968
Epoch [98/100] Step [140/1290] Loss:11.5542 Wing:11.3875 Bone:83.3442
Epoch [98/100] Step [160/1290] Loss:10.2161 Wing:10.0964 Bone:59.8383
Epoch [98/100] Step [180/1290] Loss:13.5376 Wing:13.1889 Bone:174.3774
Epoch [98/100] Step [200/1290] Loss:11.6075 Wing:11.4029 Bone:102.3321
Epoch [98/100] Step [220/1290] Loss:10.1821 Wing:10.0664 Bone:57.8451
Epoch [98/100] Step [240/1290] Loss:11.6922 Wing:11.5398 Bone:76.1889
Epoch [98/100] Step [260/1290] Loss:10.5869 Wing:10.4643 Bone:61.3389
Epoch [98/100] Step [280/1290] Loss:11.3445 Wing:11.1550 Bone:94.7439
Epoch [98/100] Step [300/1290] Loss:10.8599 Wing:10.7489 Bone:55.4753
Epoch [98/100] Step [320/1290] Loss:10.6170 Wing:10.4790 Bone:69.0354
Epoch [98/100] Step [340/1290] Loss:11.5979 Wing:11.4338 Bone:82.0576
Epoch [98/100] Step [360/1290] Loss:11.5438 Wing:11.4052 Bone:69.3106
Epoch [98/100] Step [380/1290] Loss:11.3686 Wing:11.1703 Bone:99.1291
Epoch [98/100] Step [400/1290] Loss:11.1858 Wing:11.0455 Bone:70.1849
Epoch [98/100] Step [420/1290] Loss:10.3938 Wing:10.2757 Bone:59.0620
Epoch [98/100] Step [440/1290] Loss:9.8067 Wing:9.7155 Bone:45.6277
Epoch [98/100] Step [460/1290] Loss:11.0267 Wing:10.9136 Bone:56.5821
Epoch [98/100] Step [480/1290] Loss:11.5184 Wing:11.3417 Bone:88.3136
Epoch [98/100] Step [500/1290] Loss:11.2229 Wing:11.0545 Bone:84.1799
Epoch [98/100] Step [520/1290] Loss:11.1504 Wing:11.0067 Bone:71.8131
Epoch [98/100] Step [540/1290] Loss:10.6359 Wing:10.5097 Bone:63.0848
Epoch [98/100] Step [560/1290] Loss:12.2262 Wing:12.0077 Bone:109.2679
Epoch [98/100] Step [580/1290] Loss:10.9739 Wing:10.8684 Bone:52.7466
Epoch [98/100] Step [600/1290] Loss:10.8701 Wing:10.6775 Bone:96.2770
Epoch [98/100] Step [620/1290] Loss:11.1868 Wing:10.9395 Bone:123.6364
Epoch [98/100] Step [640/1290] Loss:10.3206 Wing:10.2129 Bone:53.8529
Epoch [98/100] Step [660/1290] Loss:12.0143 Wing:11.8289 Bone:92.7322
Epoch [98/100] Step [680/1290] Loss:10.7074 Wing:10.5793 Bone:64.0596
Epoch [98/100] Step [700/1290] Loss:11.4897 Wing:11.3392 Bone:75.2556
Epoch [98/100] Step [720/1290] Loss:11.4623 Wing:11.2787 Bone:91.8206
Epoch [98/100] Step [740/1290] Loss:11.0415 Wing:10.9045 Bone:68.4970
Epoch [98/100] Step [760/1290] Loss:11.5990 Wing:11.3904 Bone:104.2765
Epoch [98/100] Step [780/1290] Loss:9.9600 Wing:9.8459 Bone:57.0649
Epoch [98/100] Step [800/1290] Loss:11.1999 Wing:11.0325 Bone:83.7094
Epoch [98/100] Step [820/1290] Loss:10.2223 Wing:10.0984 Bone:61.9299
Epoch [98/100] Step [840/1290] Loss:12.1638 Wing:11.8874 Bone:138.1886
Epoch [98/100] Step [860/1290] Loss:11.3504 Wing:11.1752 Bone:87.6374
Epoch [98/100] Step [880/1290] Loss:10.1426 Wing:10.0522 Bone:45.1702
Epoch [98/100] Step [900/1290] Loss:11.0062 Wing:10.9001 Bone:53.0436
Epoch [98/100] Step [920/1290] Loss:11.8921 Wing:11.5031 Bone:194.5091
Epoch [98/100] Step [940/1290] Loss:10.2878 Wing:10.1751 Bone:56.3465
Epoch [98/100] Step [960/1290] Loss:10.4098 Wing:10.3391 Bone:35.3532
Epoch [98/100] Step [980/1290] Loss:9.8517 Wing:9.7559 Bone:47.9054
Epoch [98/100] Step [1000/1290] Loss:10.4591 Wing:10.3544 Bone:52.3404
Epoch [98/100] Step [1020/1290] Loss:11.3895 Wing:11.1785 Bone:105.5015
Epoch [98/100] Step [1040/1290] Loss:11.0963 Wing:10.9523 Bone:72.0413
Epoch [98/100] Step [1060/1290] Loss:10.4828 Wing:10.3654 Bone:58.7139
Epoch [98/100] Step [1080/1290] Loss:12.8789 Wing:12.5355 Bone:171.7404
Epoch [98/100] Step [1100/1290] Loss:11.3714 Wing:11.2146 Bone:78.4109
Epoch [98/100] Step [1120/1290] Loss:9.4047 Wing:9.3436 Bone:30.5533
Epoch [98/100] Step [1140/1290] Loss:11.4540 Wing:11.2764 Bone:88.7968
Epoch [98/100] Step [1160/1290] Loss:11.6312 Wing:11.3195 Bone:155.8383
Epoch [98/100] Step [1180/1290] Loss:11.9948 Wing:11.8755 Bone:59.6586
Epoch [98/100] Step [1200/1290] Loss:11.7254 Wing:11.5234 Bone:100.9968
Epoch [98/100] Step [1220/1290] Loss:10.7157 Wing:10.5841 Bone:65.7965
Epoch [98/100] Step [1240/1290] Loss:10.2253 Wing:10.1234 Bone:50.9386
Epoch [98/100] Step [1260/1290] Loss:10.6057 Wing:10.4683 Bone:68.7077
Epoch [98/100] Step [1280/1290] Loss:11.7734 Wing:11.5735 Bone:99.9067
===> Epoch 98 | Loss:11.0528 | Wing:10.8854 | Bone:83.6987 | LR:1.10e-06 | 689.3s/epoch (1290 steps)
    Peak CUDA memory allocated so far: 1372.4 MB
Epoch [99/100] Step [0/1290] Loss:10.9870 Wing:10.7813 Bone:102.8500
Epoch [99/100] Step [20/1290] Loss:11.7109 Wing:11.4870 Bone:111.9725
Epoch [99/100] Step [40/1290] Loss:9.8502 Wing:9.7495 Bone:50.3214
Epoch [99/100] Step [60/1290] Loss:11.7284 Wing:11.5454 Bone:91.4989
Epoch [99/100] Step [80/1290] Loss:12.6744 Wing:12.4630 Bone:105.7480
Epoch [99/100] Step [100/1290] Loss:11.2696 Wing:11.1101 Bone:79.7552
Epoch [99/100] Step [120/1290] Loss:10.0668 Wing:9.9798 Bone:43.5187
Epoch [99/100] Step [140/1290] Loss:10.2121 Wing:10.0836 Bone:64.2559
Epoch [99/100] Step [160/1290] Loss:10.7983 Wing:10.6432 Bone:77.5596
Epoch [99/100] Step [180/1290] Loss:11.8298 Wing:11.6566 Bone:86.5991
Epoch [99/100] Step [200/1290] Loss:12.9197 Wing:12.6310 Bone:144.3713
Epoch [99/100] Step [220/1290] Loss:9.4985 Wing:9.4235 Bone:37.5342
Epoch [99/100] Step [240/1290] Loss:10.9778 Wing:10.8198 Bone:78.9910
Epoch [99/100] Step [260/1290] Loss:14.6775 Wing:14.0423 Bone:317.5647
Epoch [99/100] Step [280/1290] Loss:11.7436 Wing:11.5100 Bone:116.7650
Epoch [99/100] Step [300/1290] Loss:9.9538 Wing:9.8583 Bone:47.7410
Epoch [99/100] Step [320/1290] Loss:10.2970 Wing:10.1856 Bone:55.6937
Epoch [99/100] Step [340/1290] Loss:11.8005 Wing:11.5920 Bone:104.2740
Epoch [99/100] Step [360/1290] Loss:11.9370 Wing:11.7512 Bone:92.8668
Epoch [99/100] Step [380/1290] Loss:10.6808 Wing:10.5212 Bone:79.8414
Epoch [99/100] Step [400/1290] Loss:10.7076 Wing:10.5834 Bone:62.0718
Epoch [99/100] Step [420/1290] Loss:11.1611 Wing:11.0093 Bone:75.8873
Epoch [99/100] Step [440/1290] Loss:10.1421 Wing:10.0344 Bone:53.8554
Epoch [99/100] Step [460/1290] Loss:10.5028 Wing:10.3809 Bone:60.9511
Epoch [99/100] Step [480/1290] Loss:12.7126 Wing:12.5051 Bone:103.7275
Epoch [99/100] Step [500/1290] Loss:11.8657 Wing:11.6701 Bone:97.7664
Epoch [99/100] Step [520/1290] Loss:10.4667 Wing:10.3536 Bone:56.5451
Epoch [99/100] Step [540/1290] Loss:10.4155 Wing:10.2897 Bone:62.8997
Epoch [99/100] Step [560/1290] Loss:11.0156 Wing:10.8779 Bone:68.8313
Epoch [99/100] Step [580/1290] Loss:13.0647 Wing:12.8529 Bone:105.8794
Epoch [99/100] Step [600/1290] Loss:10.6628 Wing:10.5539 Bone:54.4180
Epoch [99/100] Step [620/1290] Loss:10.0990 Wing:9.9940 Bone:52.5013
Epoch [99/100] Step [640/1290] Loss:11.1207 Wing:10.9610 Bone:79.8527
Epoch [99/100] Step [660/1290] Loss:9.9180 Wing:9.7561 Bone:80.9866
Epoch [99/100] Step [680/1290] Loss:10.5555 Wing:10.4095 Bone:72.9961
Epoch [99/100] Step [700/1290] Loss:10.4443 Wing:10.2834 Bone:80.4871
Epoch [99/100] Step [720/1290] Loss:11.2465 Wing:11.1039 Bone:71.2735
Epoch [99/100] Step [740/1290] Loss:10.2874 Wing:10.1680 Bone:59.6904
Epoch [99/100] Step [760/1290] Loss:12.0931 Wing:11.9091 Bone:92.0012
Epoch [99/100] Step [780/1290] Loss:13.3427 Wing:13.0004 Bone:171.1372
Epoch [99/100] Step [800/1290] Loss:11.0251 Wing:10.8158 Bone:104.6314
Epoch [99/100] Step [820/1290] Loss:12.9775 Wing:12.5323 Bone:222.5649
Epoch [99/100] Step [840/1290] Loss:10.7224 Wing:10.6086 Bone:56.8858
Epoch [99/100] Step [860/1290] Loss:10.5596 Wing:10.4341 Bone:62.7302
Epoch [99/100] Step [880/1290] Loss:12.6740 Wing:12.4506 Bone:111.7253
Epoch [99/100] Step [900/1290] Loss:15.8006 Wing:15.1178 Bone:341.4135
Epoch [99/100] Step [920/1290] Loss:10.7825 Wing:10.6355 Bone:73.4931
Epoch [99/100] Step [940/1290] Loss:12.6292 Wing:12.2994 Bone:164.8884
Epoch [99/100] Step [960/1290] Loss:10.2433 Wing:10.1146 Bone:64.3123
Epoch [99/100] Step [980/1290] Loss:10.6675 Wing:10.5098 Bone:78.8622
Epoch [99/100] Step [1000/1290] Loss:14.4843 Wing:14.0862 Bone:199.0550
Epoch [99/100] Step [1020/1290] Loss:11.6321 Wing:11.4189 Bone:106.6127
Epoch [99/100] Step [1040/1290] Loss:12.5381 Wing:12.0727 Bone:232.7033
Epoch [99/100] Step [1060/1290] Loss:11.3868 Wing:11.2244 Bone:81.2143
Epoch [99/100] Step [1080/1290] Loss:10.3133 Wing:10.1537 Bone:79.7727
Epoch [99/100] Step [1100/1290] Loss:11.6821 Wing:11.5140 Bone:84.0181
Epoch [99/100] Step [1120/1290] Loss:11.8078 Wing:11.6161 Bone:95.8598
Epoch [99/100] Step [1140/1290] Loss:10.8886 Wing:10.7516 Bone:68.4641
Epoch [99/100] Step [1160/1290] Loss:10.7358 Wing:10.5879 Bone:73.9762
Epoch [99/100] Step [1180/1290] Loss:10.3892 Wing:10.2544 Bone:67.4259
Epoch [99/100] Step [1200/1290] Loss:10.0628 Wing:9.9608 Bone:50.9909
Epoch [99/100] Step [1220/1290] Loss:12.0726 Wing:11.8527 Bone:109.9400
Epoch [99/100] Step [1240/1290] Loss:13.5871 Wing:13.3143 Bone:136.4121
Epoch [99/100] Step [1260/1290] Loss:10.8744 Wing:10.7723 Bone:51.0861
Epoch [99/100] Step [1280/1290] Loss:10.5530 Wing:10.4301 Bone:61.4519
===> Epoch 99 | Loss:11.0657 | Wing:10.9007 | Bone:82.5050 | LR:1.02e-06 | 736.6s/epoch (1290 steps)
    Peak CUDA memory allocated so far: 1372.4 MB
Epoch [100/100] Step [0/1290] Loss:10.5256 Wing:10.4241 Bone:50.7830
Epoch [100/100] Step [20/1290] Loss:12.8888 Wing:12.6966 Bone:96.0793
Epoch [100/100] Step [40/1290] Loss:10.4453 Wing:10.3473 Bone:49.0368
Epoch [100/100] Step [60/1290] Loss:12.3601 Wing:12.0981 Bone:131.0175
Epoch [100/100] Step [80/1290] Loss:11.0582 Wing:10.9091 Bone:74.5545
Epoch [100/100] Step [100/1290] Loss:11.0759 Wing:10.9005 Bone:87.7190
Epoch [100/100] Step [120/1290] Loss:10.4101 Wing:10.2850 Bone:62.5801
Epoch [100/100] Step [140/1290] Loss:10.6617 Wing:10.5100 Bone:75.8289
Epoch [100/100] Step [160/1290] Loss:12.2079 Wing:12.0575 Bone:75.1834
Epoch [100/100] Step [180/1290] Loss:10.9571 Wing:10.7174 Bone:119.8481
Epoch [100/100] Step [200/1290] Loss:11.2732 Wing:11.0986 Bone:87.3441
Epoch [100/100] Step [220/1290] Loss:12.0903 Wing:11.9417 Bone:74.2964
Epoch [100/100] Step [240/1290] Loss:9.3459 Wing:9.2795 Bone:33.2122
Epoch [100/100] Step [260/1290] Loss:11.5762 Wing:11.4346 Bone:70.8145
Epoch [100/100] Step [280/1290] Loss:11.0499 Wing:10.8819 Bone:84.0065
Epoch [100/100] Step [300/1290] Loss:11.6616 Wing:11.5013 Bone:80.1561
Epoch [100/100] Step [320/1290] Loss:10.7871 Wing:10.6575 Bone:64.8030
Epoch [100/100] Step [340/1290] Loss:10.3473 Wing:10.2106 Bone:68.3741
Epoch [100/100] Step [360/1290] Loss:10.4732 Wing:10.3706 Bone:51.2893
Epoch [100/100] Step [380/1290] Loss:11.3574 Wing:11.2400 Bone:58.6656
Epoch [100/100] Step [400/1290] Loss:10.7965 Wing:10.6469 Bone:74.8020
Epoch [100/100] Step [420/1290] Loss:10.4523 Wing:10.3493 Bone:51.5236
Epoch [100/100] Step [440/1290] Loss:10.3157 Wing:10.2017 Bone:57.0165
Epoch [100/100] Step [460/1290] Loss:10.7529 Wing:10.6506 Bone:51.1206
Epoch [100/100] Step [480/1290] Loss:11.7334 Wing:11.5358 Bone:98.7764
Epoch [100/100] Step [500/1290] Loss:11.5457 Wing:11.4094 Bone:68.1376
Epoch [100/100] Step [520/1290] Loss:12.3688 Wing:12.0650 Bone:151.9254
Epoch [100/100] Step [540/1290] Loss:11.2496 Wing:11.1033 Bone:73.1241
Epoch [100/100] Step [560/1290] Loss:13.5487 Wing:13.0577 Bone:245.4888
Epoch [100/100] Step [580/1290] Loss:11.1014 Wing:10.9027 Bone:99.3368
Epoch [100/100] Step [600/1290] Loss:13.0868 Wing:12.8063 Bone:140.2743
Epoch [100/100] Step [620/1290] Loss:11.0855 Wing:10.8983 Bone:93.6399
Epoch [100/100] Step [640/1290] Loss:11.3241 Wing:11.1398 Bone:92.1554
Epoch [100/100] Step [660/1290] Loss:10.0134 Wing:9.8785 Bone:67.4208
Epoch [100/100] Step [680/1290] Loss:16.6827 Wing:15.5183 Bone:582.2023
Epoch [100/100] Step [700/1290] Loss:10.6500 Wing:10.4729 Bone:88.5645
Epoch [100/100] Step [720/1290] Loss:11.1570 Wing:10.9415 Bone:107.7641
Epoch [100/100] Step [740/1290] Loss:12.2569 Wing:12.0166 Bone:120.1795
Epoch [100/100] Step [760/1290] Loss:11.0671 Wing:10.9218 Bone:72.6087
Epoch [100/100] Step [780/1290] Loss:11.4429 Wing:11.3001 Bone:71.3941
Epoch [100/100] Step [800/1290] Loss:11.0910 Wing:10.8944 Bone:98.3312
Epoch [100/100] Step [820/1290] Loss:11.6597 Wing:11.4667 Bone:96.5160
Epoch [100/100] Step [840/1290] Loss:12.0906 Wing:11.6443 Bone:223.1778
Epoch [100/100] Step [860/1290] Loss:11.0250 Wing:10.8910 Bone:67.0235
Epoch [100/100] Step [880/1290] Loss:10.6170 Wing:10.4674 Bone:74.7642
Epoch [100/100] Step [900/1290] Loss:12.3295 Wing:12.1522 Bone:88.6199
Epoch [100/100] Step [920/1290] Loss:10.5908 Wing:10.4902 Bone:50.3240
Epoch [100/100] Step [940/1290] Loss:11.9377 Wing:11.7605 Bone:88.6141
Epoch [100/100] Step [960/1290] Loss:11.1431 Wing:11.0092 Bone:66.9242
Epoch [100/100] Step [980/1290] Loss:10.3904 Wing:10.2247 Bone:82.8559
Epoch [100/100] Step [1000/1290] Loss:11.5402 Wing:11.3101 Bone:115.0608
Epoch [100/100] Step [1020/1290] Loss:11.3598 Wing:11.2149 Bone:72.4199
Epoch [100/100] Step [1040/1290] Loss:11.5816 Wing:11.4020 Bone:89.7959
Epoch [100/100] Step [1060/1290] Loss:11.2683 Wing:11.0290 Bone:119.6328
Epoch [100/100] Step [1080/1290] Loss:11.8816 Wing:11.7101 Bone:85.7529
Epoch [100/100] Step [1100/1290] Loss:10.8747 Wing:10.7429 Bone:65.8873
Epoch [100/100] Step [1120/1290] Loss:11.3611 Wing:11.1578 Bone:101.6862
Epoch [100/100] Step [1140/1290] Loss:10.1086 Wing:10.0226 Bone:43.0095
Epoch [100/100] Step [1160/1290] Loss:10.4310 Wing:10.2768 Bone:77.0871
Epoch [100/100] Step [1180/1290] Loss:10.6772 Wing:10.5516 Bone:62.8150
Epoch [100/100] Step [1200/1290] Loss:10.9071 Wing:10.7938 Bone:56.6566
Epoch [100/100] Step [1220/1290] Loss:10.0488 Wing:9.9500 Bone:49.4371
Epoch [100/100] Step [1240/1290] Loss:11.2055 Wing:11.0707 Bone:67.4238
Epoch [100/100] Step [1260/1290] Loss:11.6163 Wing:11.4416 Bone:87.3107
Epoch [100/100] Step [1280/1290] Loss:10.9606 Wing:10.8009 Bone:79.8537
===> Epoch 100 | Loss:11.0549 | Wing:10.8876 | Bone:83.6448 | LR:1.00e-06 | 777.2s/epoch (1290 steps)
    Peak CUDA memory allocated so far: 1372.4 MB
    Checkpoint saved: C:\Users\Bea Juliana Poquiz\Desktop\mmpose_thesis\R2-05\runs\parity_baseline\checkpoints\parity_epoch_100.pth
    >>> MONITOR (V2-style, rhd_test.json subset) (n=200, 8.5s) PCK@0.2: 0.9588 | AUC: 0.8879 | MPJPE: 14.35px
    >>> No improvement (2/5)

=======================================================
R2-05 PARITY RUN COMPLETE
run_name=parity_baseline  final_epoch=100  best_held_out_val_pck=0.9617 at epoch 90
Total wall-clock: 87241.2s (24.23h)
Final checkpoint: C:\Users\Bea Juliana Poquiz\Desktop\mmpose_thesis\R2-05\runs\parity_baseline\checkpoints\parity_final.pth
=======================================================
